code,name,entry_date,exit_date,entry_price,exit_price,shares,gross_pnl,costs,net_pnl,holding_days,entry_reason,exit_reason,entry_costs,exit_costs,entry_count,trade_id,position_id,entry_fill_id,exit_fill_id,candidate_id,order_intent_id,pending_order_id,signal_date,signal_close,next_open,opening_gap,raw_opening_gap,execution_slippage,all_in_entry_move,planned_stop,planned_target,ex_ante_rr,initial_risk_cash,realized_r_multiple,total_committed_risk_cash,realized_r_on_initial_risk,realized_r_on_total_risk,add_count,all_fill_ids
002379,宏桥控股,2026-01-06,2026-01-13,25.6128,28.555715000000003,500,1471.4575000000013,17.13892875,1454.3185712500012,7,strategy_v5_alpha_first_fit_frozen_entry,target_close_confirmed,5.0,12.138928750000002,1,trade_ffc2dd771a112dcb,pos_faaa313ca87994de,fill_91f4cecc8ea5a666,fill_adb34acb54dcf157,cand_0c7fcb81ba43826b,intent_5dda6433030aa531,pend_53c0b2acaa75739c,2026-01-05,25.18,25.6,0.017188244638602024,0.016679904686258906,0.0004999999999999449,0.017188244638602024,24.1668,28.340714285714284,3.1195364051660888,723.0000000000008,2.011505631051175,723.0000000000008,2.011505631051175,2.011505631051175,0,fill_91f4cecc8ea5a666|fill_adb34acb54dcf157
002446,盛路通信,2026-01-06,2026-01-13,10.625309999999999,13.873060000000002,1200,3897.3000000000043,18.323836,3878.9761640000042,7,strategy_v5_alpha_first_fit_frozen_entry,target_close_confirmed,5.0,13.323836000000002,1,trade_e476f0124f42b2b4,pos_2e488a95f2c57fdf,fill_baf4443a1fd0546b,fill_9c4cb4180b422c8c,cand_ff067ca99be3ba78,intent_70209a6ae577fbac,pend_c906bf02e64725de,2026-01-05,10.77,10.62,-0.01343454038997216,-0.013927576601671321,0.0004999999999999449,-0.01343454038997216,10.29,12.602142857142857,3.8169642857142825,402.37199999999973,9.640273587625398,402.37199999999973,9.640273587625398,9.640273587625398,0,fill_baf4443a1fd0546b|fill_9c4cb4180b422c8c
000426,兴业银锡,2026-01-07,2026-01-15,41.2556175,50.364805000000004,400,3643.675000000002,25.109441500000003,3618.565558500002,8,strategy_v5_alpha_first_fit_frozen_entry,target_close_confirmed,10.0,15.109441500000003,2,trade_f92d8fa6c8fc5816,pos_e8a5169d2e1dcd67,fill_982f283e26e1fb1c,fill_77aa7c3c565dae63,cand_93f34050f31dd0aa,intent_3868083e280d3f0c,pend_1bb327036788f457,2026-01-06,40.29,41.0,0.018131049888309825,0.017622238768925325,0.0062345731707316165,0.02396667907669392,38.122,46.67571428571428,2.945440168687399,869.5499999999995,4.161423217181306,1072.1469999999988,4.161423217181306,3.375064761175479,1,fill_982f283e26e1fb1c|fill_507e85c9b81b8a5b|fill_77aa7c3c565dae63
000603,盛达资源,2026-01-07,2026-01-15,34.327155,40.53972,300,1863.7695000000015,16.080958000000003,1847.6885420000015,8,strategy_v5_alpha_first_fit_frozen_entry,target_close_confirmed,5.0,11.080958,1,trade_f1d28f3f367cfcce,pos_e76ae3bcc294fbb7,fill_712854a1d01be53b,fill_e6c3fd4b9bc0e3d2,cand_e95f08f448f56efe,intent_e89bf6c8b1007c94,pend_e620ed56bf5f2367,2026-01-06,33.96,34.31,0.010811395759717124,0.010306242638398189,0.0004999999999999449,0.010811395759717124,31.7912,40.28785714285714,2.9176766612214764,760.7864999999994,2.428655795022655,760.7864999999994,2.428655795022655,2.428655795022655,0,fill_712854a1d01be53b|fill_e6c3fd4b9bc0e3d2
601100,恒立液压,2026-01-14,2026-01-15,119.81988,112.9435,100,-687.6379999999997,15.87993838,-703.5179383799997,1,strategy_v5_alpha_first_fit_frozen_entry,close_stop,5.11981988,10.7601185,1,trade_7470141add57d328,pos_90074a0c3729702a,fill_fe4ae6acf3eed59a,fill_504adf699843ff24,cand_c16bcfd86f9e9cc5,intent_9533a159d8298a8a,pend_ac917c2656dc8ef8,2026-01-13,120.29,119.76,-0.003908221797323197,-0.004406018787929233,0.0004999999999999449,-0.003908221797323197,116.0516,136.77,3.8882597206492906,376.82800000000043,-1.8669470909274228,376.82800000000043,-1.8669470909274228,-1.8669470909274228,0,fill_fe4ae6acf3eed59a|fill_504adf699843ff24
600650,锦江在线,2026-01-16,2026-01-19,16.88844,16.081955,900,-725.8364999999988,17.533613305,-743.3701133049988,3,strategy_v5_alpha_first_fit_frozen_entry,close_stop,5.15199596,12.381617345,1,trade_c229711a28657e51,pos_6749967172cc2b8a,fill_297caecd47c55f46,fill_681f48bb10c811d9,cand_235d13b697e8cbfa,intent_b3e451c7af22e7d9,pend_eebe831f91bec89a,2026-01-15,17.12,16.88,-0.013525700934579499,-0.014018691588785215,0.0004999999999999449,-0.013525700934579499,16.718799999999998,19.020714285714284,4.737572995299774,152.676000000001,-4.868938885646688,152.676000000001,-4.868938885646688,-4.868938885646688,0,fill_297caecd47c55f46|fill_681f48bb10c811d9
000933,神火股份,2026-01-06,2026-01-20,29.324654999999996,31.934025000000002,500,1304.6850000000027,17.98350625,1286.7014937500028,14,strategy_v5_alpha_first_fit_frozen_entry,target_close_confirmed,5.0,12.983506250000001,1,trade_6a263a3e6b26dfa9,pos_0ea40b0b81628b68,fill_f0c033d472f1b416,fill_d8b276ed0aef5f99,cand_9eeec22227227f43,intent_36ddd8c674426ba4,pend_64cd1313e6baac0c,2026-01-05,28.47,29.31,0.030019494204425623,0.02950474183350904,0.0004999999999999449,0.030019494204425623,27.6948,31.523571428571426,3.9390756302521086,814.9274999999978,1.578915294612105,814.9274999999978,1.578915294612105,1.578915294612105,0,fill_f0c033d472f1b416|fill_d8b276ed0aef5f99
002281,光迅科技,2026-01-16,2026-01-20,78.039,72.83356500000001,100,-520.5434999999994,13.64167825,-534.1851782499995,4,strategy_v5_alpha_first_fit_frozen_entry,close_stop,5.0,8.64167825,1,trade_3dd4ec26591cc67e,pos_dc9edfbae3731d5c,fill_c041588283f2468e,fill_e9798d6055db9c90,cand_c0fb99f296f3f6f7,intent_b8c3fcf8413f765c,pend_4de22cc44849438b,2026-01-15,78.5,78.0,-0.005872611464968092,-0.006369426751592355,0.0004999999999999449,-0.005872611464968092,75.166,89.57,3.3203359328134323,287.30000000000047,-1.859328848764353,287.30000000000047,-1.859328848764353,-1.859328848764353,0,fill_c041588283f2468e|fill_e9798d6055db9c90
601212,白银有色,2026-01-14,2026-01-22,6.781166666666666,8.245875,2700,3954.7125000000024,27.103626999999996,3927.6088730000024,8,strategy_v5_alpha_first_fit_frozen_entry,target_close_confirmed,10.1830915,16.920535499999996,2,trade_b1b6268d2252f571,pos_4b616e7a705c98a2,fill_6d565fef6eb0a61d,fill_d156fa572e404d27,cand_6215266782bf8ea7,intent_9b8f4825756334ba,pend_83c4b9311d1bb57f,2026-01-13,6.55,6.7,0.023412213740457988,0.022900763358778775,0.012114427860696386,0.035292620865139845,6.1642,7.675000000000001,2.916018662519445,1078.2999999999988,3.6424083028841756,1329.6699999999987,3.6424083028841756,2.953822281468339,1,fill_6d565fef6eb0a61d|fill_3f7b9a1d30ee755a|fill_d156fa572e404d27
300731,科创新源,2026-01-23,2026-01-26,63.79187999999999,60.179895,100,-361.198499999999,13.00899475,-374.207494749999,3,strategy_v5_alpha_first_fit_frozen_entry,close_stop,5.0,8.00899475,1,trade_1bfe5aeabb40469a,pos_5933870faf4a314c,fill_f63f659d7dfd718a,fill_9983db651b982314,cand_d371c46c5bc35445,intent_5a53d11c89feb66d,pend_21ee74efa43a3163,2026-01-22,64.5,63.76,-0.01097860465116296,-0.011472868217054288,0.0004999999999999449,-0.01097860465116296,61.936,76.5,4.6801872074882995,185.5879999999992,-2.0163345407569486,185.5879999999992,-2.0163345407569486,-2.0163345407569486,0,fill_f63f659d7dfd718a|fill_9983db651b982314
002560,通达股份,2026-01-19,2026-01-28,10.855424999999999,10.83458,100,-2.084499999999778,10.541729,-12.626228999999778,9,strategy_v5_alpha_first_fit_frozen_entry,time_stop,5.0,5.541729,1,trade_2d410d26e7cd5cf0,pos_ca5c24e3bb8a541b,fill_db0f14a6b7e241ef,fill_35167c456ba6a890,cand_e03c76c3af51b7ed,intent_c0507feb39282ed0,pend_25ba707d0f3f531e,2026-01-16,11.03,10.85,-0.0158272892112421,-0.016319129646418795,0.0004999999999999449,-0.0158272892112421,10.3684,12.390714285714285,2.056702366557264,48.702499999999915,-0.2592521739130394,48.702499999999915,-0.2592521739130394,-0.2592521739130394,0,fill_db0f14a6b7e241ef|fill_35167c456ba6a890
002080,中材科技,2026-01-23,2026-01-28,41.350665,38.9805,300,-711.0495000000001,15.847075,-726.8965750000001,5,strategy_v5_alpha_first_fit_frozen_entry,three_bars_no_high,5.0,10.847075,1,trade_d97ad00a37c72c5d,pos_99a203c937171711,fill_32cde38d8fb1d5b7,fill_d28daff653e476a7,cand_60247cc3ece7e7cb,intent_4445a9feff8df63b,pend_cb87dceb06e23ae8,2026-01-22,41.14,41.33,0.005120685464268249,0.004618376276130265,0.0004999999999999449,0.005120685464268249,38.416000000000004,46.7,2.0411160058737186,880.3994999999986,-0.8256440116106395,880.3994999999986,-0.8256440116106395,-0.8256440116106395,0,fill_32cde38d8fb1d5b7|fill_d28daff653e476a7
688291,金橙子,2026-01-20,2026-01-29,51.28563,46.95651,200,-865.8239999999992,14.892135280000002,-880.7161352799992,9,strategy_v5_alpha_first_fit_frozen_entry,time_stop,5.10257126,9.78956402,1,trade_e70be69981c058ef,pos_db2206b84583a658,fill_7ab93b9a964b5b92,fill_db33d1b563586474,cand_3e44707f24f3c5ab,intent_05bd812f06e005b9,pend_54cb02557f55f770,2026-01-19,51.05,51.26,0.004615670910871783,0.004113614103819829,0.0004999999999999449,0.004615670910871783,46.55,63.78928571428571,2.8309523809523807,947.1260000000001,-0.9298827561274837,947.1260000000001,-0.9298827561274837,-0.9298827561274837,0,fill_7ab93b9a964b5b92|fill_db33d1b563586474
300242,佳云科技,2026-01-27,2026-01-29,6.48324,5.937030000000001,2100,-1147.0409999999988,16.233881500000003,-1163.2748814999989,2,strategy_v5_alpha_first_fit_frozen_entry,close_stop,5.0,11.233881500000003,1,trade_1befdce4fbf73fe0,pos_4a93d0aaac608b68,fill_be777530cbd736c3,fill_530ff0c4390a1abc,cand_ec2694e930fa356a,intent_d9d1f3607c27a866,pend_f28059cf0fb03f59,2026-01-26,6.68,6.48,-0.02945508982035916,-0.029940119760478945,0.0004999999999999449,-0.02945508982035916,6.1544,8.107142857142856,2.7152641878669264,690.564000000001,-1.6845287062459051,690.564000000001,-1.6845287062459051,-1.6845287062459051,0,fill_be777530cbd736c3|fill_530ff0c4390a1abc
300244,迪安诊断,2026-01-29,2026-01-30,24.03201,24.7876,600,453.35400000000095,17.43628,435.91772000000094,1,strategy_v5_alpha_first_fit_frozen_entry,close_stop,5.0,12.43628,1,trade_88cd95e4e4073290,pos_69053c3cf430bf72,fill_b54473d888bd63f8,fill_4d44370b889c911e,cand_4990f7c6fae0cd94,intent_230f2f78c03ef4aa,pend_fcc769916754395a,2026-01-28,24.32,24.02,-0.011841694078947418,-0.012335526315789491,0.0004999999999999449,-0.011841694078947418,23.666999999999998,26.06,2.6646248085757924,219.00600000000097,1.9904373396162618,219.00600000000097,1.9904373396162618,1.9904373396162618,0,fill_b54473d888bd63f8|fill_4d44370b889c911e
300863,卡倍亿,2026-01-30,2026-02-02,55.097535,60.41977500000001,200,1064.4480000000017,16.0419775,1048.4060225000017,3,strategy_v5_alpha_first_fit_frozen_entry,target_close_confirmed,5.0,11.041977500000002,1,trade_033e0c532daf3bf6,pos_c39724595aef9c5c,fill_ab217edca61845c3,fill_d8bcd17629346a39,cand_26d34deafb8c80f6,intent_b18aa654f8c79478,pend_0f6d47a0604caab1,2026-01-29,55.0,55.07,0.0017733636363637117,0.0012727272727273142,0.0004999999999999449,0.0017733636363637117,53.76279999999999,58.47,2.8047203362431095,266.9470000000018,3.9273939115254883,266.9470000000018,3.9273939115254883,3.9273939115254883,0,fill_ab217edca61845c3|fill_d8bcd17629346a39
600486,扬农化工,2026-01-21,2026-02-03,74.13704999999999,73.833065,200,-60.796999999996615,17.67924673,-78.47624672999662,13,strategy_v5_alpha_first_fit_frozen_entry,close_stop,5.1482741,12.530972629999999,1,trade_0eb1072719c0bb3a,pos_4a09a2767de3511e,fill_9a55a83f72f736b0,fill_df86d4230f95d351,cand_18a3224b5acff405,intent_6afa5e3438bd723b,pend_0dcefb53fba936bc,2026-01-20,74.15,74.1,-0.00017464598786265384,-0.0006743088334458802,0.0004999999999999449,-0.00017464598786265384,70.7364,81.86214285714287,2.2592403495262654,680.1299999999969,-0.11538418644964488,680.1299999999969,-0.11538418644964488,-0.11538418644964488,0,fill_9a55a83f72f736b0|fill_df86d4230f95d351
300708,聚灿光电,2026-01-29,2026-02-03,10.38519,10.044975,1600,-544.3439999999981,18.035980000000002,-562.3799799999981,5,strategy_v5_alpha_first_fit_frozen_entry,close_stop,5.0,13.03598,1,trade_b00880a7cb284975,pos_2e97ce04376ae060,fill_30e3aae074dd150c,fill_0e40e49c1dc2db3e,cand_581e18fb6938cb4d,intent_1a43dc3f1aa67584,pend_9db5727a7cc69896,2026-01-28,10.51,10.38,-0.011875356803044745,-0.01236917221693612,0.0004999999999999449,-0.011875356803044745,9.9274,11.8,2.2142121524201896,732.4639999999988,-0.7677919733939129,732.4639999999988,-0.7677919733939129,-0.7677919733939129,0,fill_30e3aae074dd150c|fill_0e40e49c1dc2db3e
000560,我爱我家,2026-02-02,2026-02-03,3.3216599999999996,3.27836,5000,-216.49999999999724,18.1959,-234.69589999999724,1,strategy_v5_alpha_first_fit_frozen_entry,close_stop,5.0,13.1959,1,trade_7eb5bf4e917bd392,pos_f4d499cb94c05f73,fill_bda6849ba4a1ce36,fill_809bed20cbe33b7b,cand_c69b999ceb4a0d55,intent_829d678ed75328c6,pend_3a035c24ff2f3540,2026-01-30,3.34,3.32,-0.00549101796407192,-0.005988023952095856,0.0004999999999999449,-0.00549101796407192,3.2144,3.7449999999999997,3.2245222929936306,536.2999999999985,-0.43762054820063007,536.2999999999985,-0.43762054820063007,-0.43762054820063007,0,fill_bda6849ba4a1ce36|fill_809bed20cbe33b7b
000863,三湘印象,2026-02-02,2026-02-03,6.713355,6.17691,2500,-1341.112499999999,17.7211375,-1358.833637499999,1,strategy_v5_alpha_first_fit_frozen_entry,close_stop,5.0,12.721137500000001,1,trade_e9c9cde4dbd0a567,pos_b0dbf52673145d4f,fill_77fb0d8f6dfd92d8,fill_cd07797a406427f0,cand_7af85296003afcee,intent_9b8ef327172a00ec,pend_cf0dfdb8f0f45a84,2026-01-30,6.71,6.71,0.0004999999999999449,0.0,0.0004999999999999449,0.0004999999999999449,6.3797999999999995,7.766428571428572,3.1993596954226855,833.8875000000012,-1.6295167363703102,833.8875000000012,-1.6295167363703102,-1.6295167363703102,0,fill_77fb0d8f6dfd92d8|fill_cd07797a406427f0
000962,东方钽业,2026-02-05,2026-02-06,44.92245,40.75961,300,-1248.8519999999987,16.1139415,-1264.9659414999987,1,strategy_v5_alpha_first_fit_frozen_entry,close_stop,5.0,11.1139415,1,trade_9af1980b67f0426f,pos_92baea781b5eeb30,fill_19a70b8d0772d522,fill_70fe7f06de29d415,cand_4b1468f6cb45ac5c,intent_51ed1767e67cc1f2,pend_485563b4d4375fa4,2026-02-04,44.9,44.9,0.0004999999999999449,0.0,0.0004999999999999449,0.0004999999999999449,43.365,53.816428571428574,5.808748255002342,467.23499999999876,-2.707344144809362,467.23499999999876,-2.707344144809362,-2.707344144809362,0,fill_19a70b8d0772d522|fill_70fe7f06de29d415
002922,伊戈尔,2026-02-05,2026-02-06,44.022,39.470255,300,-1365.523499999999,15.92053825,-1381.444038249999,1,strategy_v5_alpha_first_fit_frozen_entry,close_stop,5.0,10.92053825,1,trade_8f820f08c48dabe9,pos_d9b62c408b9b9144,fill_403d0d95f628c877,fill_7652627b568c3f92,cand_336226f28bfff9de,intent_f828e59cc3edeecf,pend_35bc2bbfb80f7716,2026-02-04,44.16,44.0,-0.0031249999999999334,-0.0036231884057970065,0.0004999999999999449,-0.0031249999999999334,41.9538,52.326428571428565,3.701581258013138,620.4599999999992,-2.226483638348968,620.4599999999992,-2.226483638348968,-2.226483638348968,0,fill_403d0d95f628c877|fill_7652627b568c3f92
000738,航发控制,2026-02-05,2026-02-11,26.763375,27.346320000000002,600,349.76700000000136,18.203896,331.5631040000014,6,strategy_v5_alpha_first_fit_frozen_entry,three_bars_no_high,5.0,13.203896,1,trade_628427db78769629,pos_6fa94fbf5eec721a,fill_0c2dd2d09c9e4999,fill_732fb2973be6fa3b,cand_5312f87f00126f17,intent_107fcf3cf1068559,pend_c13ae8029206cec7,2026-02-04,27.42,26.75,-0.02394693654266966,-0.024434719183078157,0.0004999999999999449,-0.02394693654266966,25.676,32.47714285714286,2.8997378768020914,652.4250000000009,0.5082011020423818,652.4250000000009,0.5082011020423818,0.5082011020423818,0,fill_0c2dd2d09c9e4999|fill_732fb2973be6fa3b
600763,通策医疗,2026-02-05,2026-02-11,48.524249999999995,48.625675,300,30.427500000001828,17.585301025,12.842198975001828,6,strategy_v5_alpha_first_fit_frozen_entry,three_bars_no_high,5.14557275,12.439728275,1,trade_bd216841ffffe25a,pos_2f4be94f0179063d,fill_d0d781865c59fe58,fill_00853c8f21990da4,cand_0ca6a109dcbbda4c,intent_c3cd87bfb572aec9,pend_c6b3f4fc604fd111,2026-02-04,48.84,48.5,-0.006464987714987935,-0.006961506961506991,0.0004999999999999449,-0.006464987714987935,46.8244,53.970000000000006,2.5451478467949924,509.95499999999936,0.02518300433371934,509.95499999999936,0.02518300433371934,0.02518300433371934,0,fill_d0d781865c59fe58|fill_00853c8f21990da4
002041,登海种业,2026-02-11,2026-02-13,10.4052,10.294850000000002,700,-77.24499999999904,13.6031975,-90.84819749999903,2,strategy_v5_alpha_first_fit_frozen_entry,ma20_break,5.0,8.6031975,1,trade_7b6c70ffb48752ef,pos_abf68363406fa274,fill_c0a105cfde9c42d9,fill_f9e4245309723b87,cand_8d2a26dc9b334d4d,intent_87d913208be3e47d,pend_3905d30c564995b4,2026-02-10,10.45,10.4,-0.004287081339712784,-0.004784688995215225,0.0004999999999999449,-0.004287081339712784,10.2214,10.97,2.274715660542437,128.66000000000105,-0.7061106598787369,128.66000000000105,-0.7061106598787369,-0.7061106598787369,0,fill_c0a105cfde9c42d9|fill_f9e4245309723b87
601872,招商轮船,2026-02-05,2026-02-24,12.006,13.403295000000002,1300,1816.4835000000019,19.042462585,1797.4410374150018,19,strategy_v5_alpha_first_fit_frozen_entry,time_stop,5.156078,13.886384585,1,trade_ef481dd2d8f00de3,pos_5b49e2824abb6d7b,fill_036e4ee847fe43d6,fill_e9075e8beb0c8bae,cand_e1f1adec60427a92,intent_54f7463bd169bf9c,pend_d98abb5671aaf615,2026-02-04,12.0,12.0,0.0004999999999999449,0.0,0.0004999999999999449,0.0004999999999999449,11.2602,13.669285714285714,2.256401343992582,969.5400000000012,1.853911171705138,969.5400000000012,1.853911171705138,1.853911171705138,0,fill_036e4ee847fe43d6|fill_e9075e8beb0c8bae
300738,奥飞数据,2026-02-12,2026-02-25,25.79956,24.237875000000003,300,-468.50549999999913,18.63568125,-487.14118124999914,13,strategy_v5_alpha_first_fit_frozen_entry,close_stop,10.0,8.635681250000001,2,trade_e9d640589c56e16c,pos_730cc05f364c6d37,fill_fbbb7c0f5bdbd2f0,fill_7ec802e8bb39c81d,cand_29debcf2b6bc58c2,intent_4befd1f8e998b36b,pend_09be869f9aaba146,2026-02-11,25.28,25.78,0.020288370253164434,0.019778481012658222,0.0007587276958882505,0.02055221518987338,23.7944,29.69,2.968497576736669,399.6980000000001,-1.2187731268357584,524.128,-1.2187731268357584,-0.9294317060908769,1,fill_fbbb7c0f5bdbd2f0|fill_798d892208892779|fill_7ec802e8bb39c81d
300739,明阳电路,2026-02-12,2026-02-25,21.140565,24.287850000000002,300,944.1855000000011,13.6431775,930.5423225000011,13,strategy_v5_alpha_first_fit_frozen_entry,target_close_confirmed,5.0,8.6431775,1,trade_7cf02d95906a5bb3,pos_70f66ab046d68959,fill_e6891457acba9b83,fill_91688d1ae3ebc953,cand_986df8405626637d,intent_6e490d37a31a2c42,pend_966027fdc402064e,2026-02-11,21.14,21.13,2.672658467361977e-05,-0.00047303689687805406,0.0004999999999999449,2.672658467361977e-05,19.991999999999997,24.032857142857143,2.519910403185657,344.5695000000004,2.700593994825427,344.5695000000004,2.700593994825427,2.700593994825427,0,fill_e6891457acba9b83|fill_91688d1ae3ebc953
000628,高新发展,2026-02-24,2026-02-25,56.878425,52.663655,100,-421.47700000000015,12.63318275,-434.11018275000015,1,strategy_v5_alpha_first_fit_frozen_entry,close_stop,5.0,7.63318275,1,trade_ec22a9690c1f32c3,pos_283eb9c45cb3b492,fill_6a657f51c704a67f,fill_f6440b3716ded0e6,cand_f1047f6376dc1416,intent_04388ba02accfb9e,pend_fbbc3f609a97d3aa,2026-02-13,56.1,56.85,0.013875668449197853,0.013368983957219305,0.0004999999999999449,0.013875668449197853,53.9196,62.61000000000001,2.985690698954324,295.8824999999997,-1.4671708625890365,295.8824999999997,-1.4671708625890365,-1.4671708625890365,0,fill_6a657f51c704a67f|fill_f6440b3716ded0e6
000338,潍柴动力,2026-02-11,2026-03-03,25.65282,27.616185,300,589.0095000000009,14.14242775,574.8670722500009,20,strategy_v5_alpha_first_fit_frozen_entry,three_bars_no_high,5.0,9.14242775,1,trade_2f85920810c8fb78,pos_8b1a8cd6609dd0b2,fill_df004a43382d2a1a,fill_bdef1b31a19680fe,cand_7a7308ccdd1d3c98,intent_48c64c24bdec1682,pend_a399bb25fbc99afb,2026-02-10,25.89,25.64,-0.00916106604866751,-0.009656237929702605,0.0004999999999999449,-0.00916106604866751,24.793999999999997,29.70214285714286,3.4782325338894586,257.6460000000004,2.2312283996258433,257.6460000000004,2.2312283996258433,2.2312283996258433,0,fill_df004a43382d2a1a|fill_bdef1b31a19680fe
000021,深科技,2026-02-25,2026-03-04,33.74486399999999,30.66466,500,-1540.1019999999955,22.666165,-1562.7681649999956,7,strategy_v5_alpha_first_fit_frozen_entry,close_stop,10.0,12.666165,2,trade_1d4f278180df4978,pos_27dd09e745d02865,fill_b7cec43e15034c05,fill_1f46df014a4c294d,cand_0b20e7b115f71409,intent_e8fe7d421c7dba54,pend_5062bfb608bbbe55,2026-02-24,33.77,33.66,-0.0027589576547233374,-0.0032573289902282365,0.0025212121212119243,-0.0007443292863491546,31.654,39.53428571428572,2.7241425870915457,809.1319999999982,-1.9314131254232918,1006.2319999999979,-1.9314131254232918,-1.5530893124050904,1,fill_b7cec43e15034c05|fill_3cec7a167f136dfd|fill_1f46df014a4c294d
000683,博源化工,2026-02-26,2026-03-09,9.196701315789472,9.985005000000001,1900,1497.7770000000053,24.485754749999998,1473.2912452500052,11,strategy_v5_alpha_first_fit_frozen_entry,three_bars_no_high,10.0,14.48575475,2,trade_49ba8d768b2c5ba3,pos_af4f917a695b4e31,fill_d23d66b11411ec63,fill_43367887c4857abf,cand_5bade2b312a31d67,intent_d4f2a636e5bbab96,pend_a0db7b04de16e87c,2026-02-25,9.06,9.17,0.012647350993377326,0.012141280353200834,0.0029118119726796454,0.015088445451376442,8.5162,10.392857142857144,2.451006147217987,1053.4159999999986,1.3985844578495175,1181.2324999999985,1.3985844578495175,1.2472491615748864,1,fill_d23d66b11411ec63|fill_2facfe43db096696|fill_43367887c4857abf
000688,国城矿业,2026-02-26,2026-03-09,38.019,33.453265,200,-913.1469999999993,13.3453265,-926.4923264999993,11,strategy_v5_alpha_first_fit_frozen_entry,time_stop,5.0,8.3453265,1,trade_404ba80f8198ae4c,pos_a611161211f88f4c,fill_886de4998d723d2c,fill_278aa53aee98eb2d,cand_4979642ae838faed,intent_6c57951ec2445e8d,pend_691fad77cd4cac49,2026-02-25,35.82,38.0,0.06139028475711883,0.06085985482970413,0.0004999999999999449,0.06139028475711883,32.6732,42.62357142857143,2.1620603243203993,1069.1599999999994,-0.8665609698267798,1069.1599999999994,-0.8665609698267798,-0.8665609698267798,0,fill_886de4998d723d2c|fill_278aa53aee98eb2d
002270,华明装备,2026-03-06,2026-03-12,35.99799,36.081950000000006,500,41.98000000000235,24.0204875,17.959512500002347,6,strategy_v5_alpha_first_fit_frozen_entry,three_bars_no_high,10.0,14.020487500000002,2,trade_5f1d8360e6e29ce9,pos_fa3c1f25824960cb,fill_d875acd522295dae,fill_69b48f638f9f047a,cand_56f0c153daf8fbe3,intent_1cec853bb2ae1d6c,pend_f9fa4df4d4b4cd7d,2026-03-05,36.3,36.02,-0.007217355371900713,-0.00771349862258941,-0.0006110494169906389,-0.008319834710743712,34.593999999999994,42.25714285714285,3.4918774074694285,577.6040000000023,0.031093123489453457,652.9950000000028,0.031093123489453457,0.02750329252138572,1,fill_d875acd522295dae|fill_914c748b5f054952|fill_69b48f638f9f047a
000875,电投绿能,2026-02-26,2026-03-16,7.546271249999998,8.07596,2800,1483.128500000005,26.959516,1456.1689840000051,18,strategy_v5_alpha_first_fit_frozen_entry,three_bars_no_high,10.0,16.959516,2,trade_176cd6f5f93dfaab,pos_24df102e56202f49,fill_4bc8a76fa201d1ef,fill_d9f350fe38b797cb,cand_b81067ed34d167bd,intent_d015c296bf6a19b0,pend_7c81f3ee63cb101f,2026-02-25,7.51,7.5,-0.000832223701731083,-0.0013315579227696217,0.006169499999999717,0.0048297270306256745,7.1442,8.577142857142857,2.9172850113254682,755.0549999999992,1.9285601499228622,1043.4794999999988,1.9285601499228622,1.3954936191846672,1,fill_4bc8a76fa201d1ef|fill_7310ddb54ca26cc1|fill_d9f350fe38b797cb
300185,通裕重工,2026-03-10,2026-03-16,3.311972619047619,4.107945000000001,6300,5014.626000000007,29.410040125000005,4985.215959875007,6,strategy_v5_alpha_first_fit_frozen_entry,target_close_confirmed,10.0,19.410040125000005,2,trade_cf1dc4cd1fe19480,pos_e5b87519cfdbb465,fill_c4968cc9142662ac,fill_b64324f41e649093,cand_2ddbb2219583f305,intent_39430e368f209395,pend_8db907a6abd8e16b,2026-03-09,3.3,3.29,-0.002531818181818135,-0.003030303030302939,0.006678607613257892,0.0036280663780663414,3.1752000000000002,3.5678571428571426,2.1462912087912156,547.2914999999986,9.108886141800156,798.9474999999984,9.108886141800156,6.2397290934323175,1,fill_c4968cc9142662ac|fill_3d4fe96c55fdd200|fill_b64324f41e649093
300005,探路者,2026-03-11,2026-03-16,15.097544999999998,14.492750000000001,300,-181.43849999999927,12.1739125,-193.61241249999927,5,strategy_v5_alpha_first_fit_frozen_entry,close_stop,5.0,7.1739125,1,trade_74310fb316e8978b,pos_701ab2a8ae3154d4,fill_423ddb0d7500fd24,fill_320f5c6eddbd42e4,cand_7d20c615ad194897,intent_3ccc2217d9b43993,pend_6b53bc1162e69d5a,2026-03-10,15.18,15.09,-0.00543181818181826,-0.005928853754940677,0.0004999999999999449,-0.00543181818181826,14.5628,17.07,3.0622164614387546,160.42349999999973,-1.206883109394818,160.42349999999973,-1.206883109394818,-1.206883109394818,0,fill_423ddb0d7500fd24|fill_320f5c6eddbd42e4
000591,太阳能,2026-03-06,2026-03-17,6.153075,6.006995,2600,-379.80800000000113,17.8090935,-397.61709350000115,11,strategy_v5_alpha_first_fit_frozen_entry,close_stop,5.0,12.8090935,1,trade_aea3c6bdcb4d20b9,pos_975375f228d13e06,fill_99624186b0a02861,fill_48c47247b0688ae1,cand_b6cf0a9327b857a3,intent_29f38259d5413d51,pend_d1934310ba66712f,2026-03-05,6.07,6.15,0.013686161449752987,0.01317957166392092,0.0004999999999999449,0.013686161449752987,5.8114,6.792142857142857,2.792509115014911,888.355000000001,-0.44758806276770063,888.355000000001,-0.44758806276770063,-0.44758806276770063,0,fill_99624186b0a02861|fill_48c47247b0688ae1
000545,金浦钛业,2026-03-13,2026-03-19,3.92196,3.8080950000000002,4200,-478.2329999999986,17.9969995,-496.2299994999986,6,strategy_v5_alpha_first_fit_frozen_entry,close_stop,5.0,12.996999500000001,1,trade_22a354c296bd8dee,pos_8f2a3c61ac85b367,fill_860c883992d63892,fill_24963620649d8f94,cand_8256ced6619e8dae,intent_1887255c8c20aeb3,pend_530b245782f1f597,2026-03-12,3.94,3.92,-0.0045786802030457485,-0.005076142131979711,0.0004999999999999449,-0.0045786802030457485,3.8318,4.771428571428571,7.684182730393446,378.6720000000001,-1.3104480909599825,378.6720000000001,-1.3104480909599825,-1.3104480909599825,0,fill_860c883992d63892|fill_24963620649d8f94
600667,太极实业,2026-03-18,2026-03-23,11.705849999999998,10.09495,1400,-2255.259999999996,17.371676200000003,-2272.631676199996,5,strategy_v5_alpha_first_fit_frozen_entry,close_stop,5.1638819,12.207794300000002,1,trade_8979b9b29427c194,pos_14087d22a37c858e,fill_be2ac120b28d5cf4,fill_26c6089b570ee54d,cand_acb8afc3598dc537,intent_01c119f3b122e6d7,pend_27a60ac0c9766328,2026-03-17,11.59,11.7,0.009995685936151633,0.009490940465918918,0.0004999999999999449,0.009995685936151633,10.9956,13.687857142857142,3.5293693520476808,994.3499999999979,-2.2855450054809685,994.3499999999979,-2.2855450054809685,-2.2855450054809685,0,fill_be2ac120b28d5cf4|fill_26c6089b570ee54d
300279,和晶科技,2026-03-17,2026-03-24,11.30565,9.685155,1100,-1782.5445,15.32683525,-1797.87133525,7,strategy_v5_alpha_first_fit_frozen_entry,close_stop,5.0,10.32683525,1,trade_2c9a4c43fb68041e,pos_9b9c08afb995e353,fill_1983cf1408de3691,fill_972b2491e524d309,cand_f229a9662f6ae995,intent_e7381b48fe1e6dec,pend_37f539a75596e4a2,2026-03-16,11.22,11.3,0.007633689839572133,0.007130124777183555,0.0004999999999999449,0.007633689839572133,10.3194,13.20857142857143,2.2080517750071373,1084.875,-1.6572151955294387,1084.875,-1.6572151955294387,-1.6572151955294387,0,fill_1983cf1408de3691|fill_972b2491e524d309
300486,东杰智能,2026-03-20,2026-03-24,26.543264999999998,22.988500000000002,600,-2132.8589999999976,16.89655,-2149.7555499999976,4,strategy_v5_alpha_first_fit_frozen_entry,close_stop,5.0,11.896550000000001,1,trade_e203c547094a24a9,pos_054854739b68b4d7,fill_9c6a87cd9d6f06fd,fill_3cca2919daa8c26e,cand_54faf064a2eaf896,intent_e541e3aad3d28744,pend_48f71f16ea8e15a5,2026-03-19,26.69,26.53,-0.005497751967028952,-0.005994754589733975,0.0004999999999999449,-0.005497751967028952,24.9018,30.98857142857143,2.4038538354610384,984.878999999998,-2.182761080295145,984.878999999998,-2.182761080295145,-2.182761080295145,0,fill_9c6a87cd9d6f06fd|fill_3cca2919daa8c26e
601991,大唐发电,2026-03-20,2026-03-24,4.152075,4.09795,3100,-167.78749999999994,16.607573275,-184.39507327499993,4,strategy_v5_alpha_first_fit_frozen_entry,close_stop,5.128714325,11.478858950000001,1,trade_d365fd0db25d7730,pos_2de254ef44b1bbb2,fill_8cd80215890e76e2,fill_0523cb34dce28c64,cand_1baa10b65075d8dd,intent_2a4f60223a561fec,pend_ca3872de27a31753,2026-03-19,4.18,4.15,-0.006680622009569315,-0.007177033492822837,0.0004999999999999449,-0.006680622009569315,4.0572,4.44,2.1172638436482174,294.1125000000001,-0.6269542208338641,294.1125000000001,-0.6269542208338641,-0.6269542208338641,0,fill_8cd80215890e76e2|fill_0523cb34dce28c64
000509,华塑控股,2026-03-26,2026-03-30,4.5822899999999995,4.11794,1700,-789.3949999999993,13.500249,-802.8952489999994,4,strategy_v5_alpha_first_fit_frozen_entry,close_stop,5.0,8.500249,1,trade_0291983fb27f2f90,pos_31964cdd40bac3ed,fill_99d4bf25b8294221,fill_5b463615f2e38e33,cand_b41f1033773f66aa,intent_202de8b27d42fc35,pend_44114062e6af6158,2026-03-25,4.59,4.58,-0.0016797385620915817,-0.002178649237472685,0.0004999999999999449,-0.0016797385620915817,4.3218,5.498571428571428,3.3876637903483506,442.8329999999998,-1.813088114481079,442.8329999999998,-1.813088114481079,-1.813088114481079,0,fill_99d4bf25b8294221|fill_5b463615f2e38e33
300231,银信科技,2026-03-26,2026-03-30,12.50625,11.764115,600,-445.2809999999996,13.529234500000001,-458.81023449999964,4,strategy_v5_alpha_first_fit_frozen_entry,close_stop,5.0,8.529234500000001,1,trade_592367b304dfe9e2,pos_324a3e75591c71cf,fill_366b59e8cc5878a1,fill_dedf388ab3ee7b69,cand_e78444eaabf3e66f,intent_17635da8d4bee5d3,pend_5f0a503865406054,2026-03-25,12.85,12.5,-0.02675097276264593,-0.027237354085603127,0.0004999999999999449,-0.02675097276264593,12.0736,14.414285714285713,2.014793552660633,259.58999999999935,-1.7674418679456096,259.58999999999935,-1.7674418679456096,-1.7674418679456096,0,fill_366b59e8cc5878a1|fill_dedf388ab3ee7b69
000993,闽东电力,2026-03-27,2026-03-31,16.108050000000002,14.83258,400,-510.18800000000084,12.966516,-523.1545160000009,4,strategy_v5_alpha_first_fit_frozen_entry,close_stop,5.0,7.966516,1,trade_8d0b392f5a0370e9,pos_15b57be34d394c2a,fill_e7535aa59015ebd6,fill_b6dc237faf416677,cand_676090919791283d,intent_251a339ad2d7cc87,pend_5ec4605cf59f0763,2026-03-26,16.0,16.1,0.0067531250000001375,0.006250000000000089,0.0004999999999999449,0.0067531250000001375,15.6408,18.88,8.017817371937648,186.9000000000007,-2.799114585339748,186.9000000000007,-2.799114585339748,-2.799114585339748,0,fill_e7535aa59015ebd6|fill_b6dc237faf416677
002428,云南锗业,2026-03-31,2026-04-01,52.025999999999996,51.184395,300,-252.48149999999825,17.67765925,-270.15915924999825,1,strategy_v5_alpha_first_fit_frozen_entry,close_stop,5.0,12.677659250000001,1,trade_e738e72ece8f9072,pos_cecd8428c86438c2,fill_0443cce52f185558,fill_676bf4abdaa9957c,cand_d74c4085c713d185,intent_a5a4f8b71098965f,pend_4cba61626223b85b,2026-03-30,52.35,52.0,-0.006189111747851084,-0.006685768863419317,0.0004999999999999449,-0.006189111747851084,49.196000000000005,63.167142857142856,3.4296584835582964,848.9999999999974,-0.31820866813898596,848.9999999999974,-0.31820866813898596,-0.31820866813898596,0,fill_0443cce52f185558|fill_676bf4abdaa9957c
000688,国城矿业,2026-03-27,2026-04-02,39.39969,39.220380000000006,100,-17.930999999999386,11.961019,-29.892018999999387,6,strategy_v5_alpha_first_fit_frozen_entry,three_bars_no_high,5.0,6.961019,1,trade_8e4eed297f48a129,pos_b57f370d4f7d8cb7,fill_d687360cd6218e5d,fill_6b3afc8e8aabb94c,cand_da751843d23b3514,intent_73f8f7be68b775ff,pend_9aeff13158d6ffd9,2026-03-26,39.48,39.38,-0.0020341945288753216,-0.002532928064842843,0.0004999999999999449,-0.0020341945288753216,36.26,47.565,2.5108695652173925,313.96900000000016,-0.0952069121473756,313.96900000000016,-0.0952069121473756,-0.0952069121473756,0,fill_d687360cd6218e5d|fill_6b3afc8e8aabb94c
002263,大东南,2026-03-31,2026-04-03,4.0520249999999995,4.577710000000001,3900,2050.171500000004,18.926534500000002,2031.2449655000041,3,strategy_v5_alpha_first_fit_frozen_entry,target_close_confirmed,5.0,13.926534500000002,1,trade_4e8a7bb6bac34d2d,pos_3c2be08f08c17820,fill_06d8e0b8142df113,fill_5d56fbeb1bc1d233,cand_2cc8a28c32f48b25,intent_aceee096f97dd2bc,pend_622f232cfc28378b,2026-03-30,4.1,4.05,-0.01170121951219516,-0.012195121951219523,0.0004999999999999449,-0.01170121951219516,3.92,4.642142857142857,3.011904761904767,514.8974999999984,3.9449501415330435,514.8974999999984,3.9449501415330435,3.9449501415330435,0,fill_06d8e0b8142df113|fill_5d56fbeb1bc1d233
002980,华盛昌,2026-03-26,2026-04-08,40.250114999999994,54.972500000000004,200,2944.477000000002,15.497250000000001,2928.9797500000022,13,strategy_v5_alpha_first_fit_frozen_entry,target_close_confirmed,5.0,10.497250000000001,1,trade_321f8cadf8fe1d31,pos_4b8cbec8a22d8f42,fill_94cf8db93b410de2,fill_e25a189c4400deda,cand_e90bbb40deb4c576,intent_5c8f13edcad31df8,pend_5d2014c5a32e6d0c,2026-03-25,40.51,40.23,-0.0064153295482597406,-0.006911873611453956,0.0004999999999999449,-0.0064153295482597406,37.886799999999994,49.13285714285714,3.2871520062736845,472.663,6.196761223112454,472.663,6.196761223112454,6.196761223112454,0,fill_94cf8db93b410de2|fill_e25a189c4400deda
003018,金富科技,2026-04-02,2026-04-08,30.715349999999997,28.985500000000002,400,-691.9399999999982,15.7971,-707.7370999999982,6,strategy_v5_alpha_first_fit_frozen_entry,close_stop,5.0,10.7971,1,trade_47bd582ad4b31173,pos_b4e781f9c25791eb,fill_1ef20e9df22f3ec2,fill_e56b52588bbd87ba,cand_4056ecd3379cb5f1,intent_538382dbee23eae0,pend_c5dbda781d7a64f4,2026-04-01,30.93,30.7,-0.006939864209505431,-0.007436146136437172,0.0004999999999999449,-0.006939864209505431,28.616000000000003,38.05,3.0769230769230806,839.7399999999976,-0.8428050348917525,839.7399999999976,-0.8428050348917525,-0.8428050348917525,0,fill_1ef20e9df22f3ec2|fill_e56b52588bbd87ba
600015,华夏银行,2026-04-01,2026-04-09,7.36368,7.41629,1200,63.13200000000059,14.62713364,48.50486636000059,8,strategy_v5_alpha_first_fit_frozen_entry,three_bars_no_high,5.08836416,9.538769480000001,1,trade_d76ce0b6a95e470a,pos_1b8c5d8af3d8a27f,fill_adcad32550482575,fill_c16c4782445424d7,cand_5e3b20c16edf81a8,intent_c343cfcb6a794187,pend_9dda3c13d4ad70fb,2026-03-31,7.32,7.36,0.0059672131147539,0.005464480874316946,0.0004999999999999449,0.0059672131147539,7.0854,7.797857142857143,2.0369017172086172,333.9359999999996,0.14525198349384508,333.9359999999996,0.14525198349384508,0.14525198349384508,0,fill_adcad32550482575|fill_c16c4782445424d7
002840,华统股份,2026-04-03,2026-04-14,12.280422857142854,12.5937,700,219.29400000000214,19.407795,199.88620500000215,11,strategy_v5_alpha_first_fit_frozen_entry,three_bars_no_high,10.0,9.407795,2,trade_9b1017ad1b2dc035,pos_20eb8f0bb65d14a1,fill_838111b02f4ff05e,fill_23f31f36264bff2a,cand_1945fc7e9ee56ea5,intent_5c17cef10d43f13f,pend_81918a14f747f5f6,2026-04-02,11.54,11.52,-0.001233968804159491,-0.0017331022530329143,0.06600892857142826,0.06416142609556807,10.887799999999999,13.290714285714284,2.684321198580624,191.3879999999999,1.0444030189980682,449.5559999999998,1.0444030189980682,0.44463026853162285,1,fill_838111b02f4ff05e|fill_d342bd4f3709d1f1|fill_23f31f36264bff2a
300531,优博讯,2026-04-09,2026-04-14,20.410199999999996,19.860065000000002,400,-220.05399999999753,13.972013,-234.02601299999753,5,strategy_v5_alpha_first_fit_frozen_entry,three_bars_no_high,5.0,8.972013,1,trade_6746901a71c9fc9e,pos_0d9a52e190628d3a,fill_fe782ee2b937783b,fill_7a9b6a5dfb37c0f2,cand_80c6db01f912345d,intent_51e343af313ed9b6,pend_4e24c2d09549bf08,2026-04-08,20.84,20.4,-0.020623800383877344,-0.021113243761996192,0.0004999999999999449,-0.020623800383877344,19.5118,24.187142857142856,2.5200593714371773,359.3599999999981,-0.6512300005565416,359.3599999999981,-0.6512300005565416,-0.6512300005565416,0,fill_fe782ee2b937783b|fill_7a9b6a5dfb37c0f2
000062,深圳华强,2026-04-10,2026-04-15,28.6143,29.08545,400,188.4600000000006,15.81709,172.6429100000006,5,strategy_v5_alpha_first_fit_frozen_entry,three_bars_no_high,5.0,10.81709,1,trade_02f41286dfbdd5c2,pos_ea6e174501151ff7,fill_0822800b5bac4173,fill_695819f3c55dce15,cand_e16bd38438ccf585,intent_0b2dc75316fc7206,pend_cd61f65506ab616b,2026-04-09,28.98,28.6,-0.01261904761904764,-0.013112491373360902,0.0004999999999999449,-0.01261904761904764,27.048,33.83,2.510351966873702,626.5200000000007,0.27555849773351276,626.5200000000007,0.27555849773351276,0.27555849773351276,0,fill_0822800b5bac4173|fill_695819f3c55dce15
002645,华宏科技,2026-04-09,2026-04-17,19.50975,22.418785,800,2327.2279999999996,18.967514,2308.2604859999997,8,strategy_v5_alpha_first_fit_frozen_entry,target_close_confirmed,5.0,13.967514,1,trade_af1488c8350c7464,pos_d4e7271245b97430,fill_a390d917d4ef9b1c,fill_761ba4e8fb37e672,cand_d32743e4e3d6fa39,intent_7d832337762f700d,pend_8a4d1b6ee03e04ab,2026-04-08,19.35,19.5,0.008255813953488289,0.007751937984496138,0.0004999999999999449,0.008255813953488289,18.2868,22.62857142857143,3.0836826830054767,978.3600000000007,2.3593160861032727,978.3600000000007,2.3593160861032727,2.3593160861032727,0,fill_a390d917d4ef9b1c|fill_761ba4e8fb37e672
003031,中瓷电子,2026-04-09,2026-04-20,92.04599999999999,120.23985,100,2819.385000000001,16.0119925,2803.373007500001,11,strategy_v5_alpha_first_fit_frozen_entry,target_close_confirmed,5.0,11.011992500000002,1,trade_a22c664c94c66383,pos_da78d679f0ba1e3f,fill_b7ccd0ef821ea0ff,fill_df8a438108774b07,cand_89cff11e7f056909,intent_3da804ae5ddc0ccd,pend_5497c1269da5ce4b,2026-04-08,93.39,92.0,-0.014391262447799646,-0.01488382053753079,0.0004999999999999449,-0.014391262447799646,88.00399999999999,109.33285714285714,2.960055169487023,404.20000000000016,6.935608628154379,404.20000000000016,6.935608628154379,6.935608628154379,0,fill_b7ccd0ef821ea0ff|fill_df8a438108774b07
002638,勤上股份,2026-04-15,2026-04-20,4.682339999999999,4.63768,3500,-156.30999999999818,18.115940000000002,-174.42593999999818,5,strategy_v5_alpha_first_fit_frozen_entry,three_bars_no_high,5.0,13.11594,1,trade_f66245d648cb41ff,pos_1b1b41ada1e6e391,fill_8d4b347405ab86c4,fill_e4d4716e55bbc07a,cand_def9b3d307c35e5e,intent_9c86a3ea3b6319f6,pend_2aa30e28ea8f7e75,2026-04-14,4.71,4.68,-0.005872611464968314,-0.006369426751592355,0.0004999999999999449,-0.005872611464968314,4.4394,5.485714285714286,2.8666455495723797,850.2899999999967,-0.20513700031753737,850.2899999999967,-0.20513700031753737,-0.20513700031753737,0,fill_8d4b347405ab86c4|fill_e4d4716e55bbc07a
002437,誉衡药业,2026-04-16,2026-04-22,3.8719349999999997,3.6981500000000005,200,-34.756999999999834,10.369815,-45.12681499999984,6,strategy_v5_alpha_first_fit_frozen_entry,three_bars_no_high,5.0,5.369815,1,trade_c6867b8f45fb1866,pos_561a6051ba95b335,fill_3647d1e8cf79d0d1,fill_118f8b753a9a2377,cand_01573d964493b034,intent_5fda01362c916158,pend_4af9213d2c2f8e46,2026-04-15,3.91,3.87,-0.009735294117647175,-0.010230179028132946,0.0004999999999999449,-0.009735294117647175,3.6064000000000007,4.548571428571429,2.1033314511575427,53.10699999999979,-0.8497338392302335,53.10699999999979,-0.8497338392302335,-0.8497338392302335,0,fill_3647d1e8cf79d0d1|fill_118f8b753a9a2377
600539,狮头股份,2026-04-16,2026-04-23,15.96798,16.401795,700,303.67049999999944,15.967216675,287.70328332499946,7,strategy_v5_alpha_first_fit_frozen_entry,three_bars_no_high,5.11177586,10.855440815,1,trade_1aa5c7d4c5750c4d,pos_599bd33d3c6468d0,fill_655949545d33efc2,fill_35bf6f7dd531ba69,cand_f0f87981e0b40bfb,intent_38479f789ce991a0,pend_83acf6ecc6166d1f,2026-04-15,15.96,15.96,0.0004999999999999449,0.0,0.0004999999999999449,0.0004999999999999449,15.1508,19.281428571428574,4.104583009674457,572.0260000000003,0.5029549064640406,572.0260000000003,0.5029549064640406,0.5029549064640406,0,fill_655949545d33efc2|fill_35bf6f7dd531ba69
002246,北化股份,2026-04-21,2026-04-24,27.063525,24.927530000000004,600,-1281.5969999999966,17.478259,-1299.0752589999965,3,strategy_v5_alpha_first_fit_frozen_entry,three_bars_no_high,5.0,12.478259000000001,1,trade_ef229a5a371daf65,pos_1a401bf9aaef0a5a,fill_9dbe3d4bf348e797,fill_751a56d3b02aab3e,cand_22bb1c2861c6a33a,intent_63e50bcd211c7fd5,pend_a197fcd9fd935361,2026-04-20,27.05,27.05,0.0004999999999999449,0.0,0.0004999999999999449,0.0004999999999999449,25.685799999999997,31.029285714285713,2.916937189771075,826.635000000001,-1.5715222062941867,826.635000000001,-1.5715222062941867,-1.5715222062941867,0,fill_9dbe3d4bf348e797|fill_751a56d3b02aab3e
000062,深圳华强,2026-04-20,2026-04-28,30.925455,38.26086,500,3667.702500000001,19.565215000000002,3648.1372850000007,8,strategy_v5_alpha_first_fit_frozen_entry,target_close_confirmed,5.0,14.565215,1,trade_f135758db3b7a8ea,pos_6b12b21f8f6678d0,fill_bd2eb71c3d808f53,fill_ce0a6b13d111653a,cand_6a9c5a91f3246085,intent_8df8011e42631223,pend_4db270e9854a129e,2026-04-17,29.76,30.91,0.039161794354838575,0.03864247311827951,0.0004999999999999449,0.039161794354838575,28.8904,34.924285714285716,5.938691023787607,1017.5274999999999,3.5852960091987693,1017.5274999999999,3.5852960091987693,3.5852960091987693,0,fill_bd2eb71c3d808f53|fill_ce0a6b13d111653a
003036,泰坦股份,2026-04-24,2026-04-28,30.47523,37.081450000000004,300,1981.8660000000011,15.562217500000001,1966.303782500001,4,strategy_v5_alpha_first_fit_frozen_entry,target_close_confirmed,5.0,10.562217500000001,1,trade_897512c10be8c204,pos_44e673f8c8a18695,fill_a35ff4f2b7963aff,fill_9d0d1206ba2cccb0,cand_42b6f2ae247e208c,intent_83d8244959b0c87b,pend_1ea0bfc390041089,2026-04-23,30.54,30.46,-0.0021208251473476825,-0.0026195153896528822,0.0004999999999999449,-0.0021208251473476825,27.831999999999997,36.23142857142857,2.1017092213547155,792.9690000000007,2.4796729537976883,792.9690000000007,2.4796729537976883,2.4796729537976883,0,fill_a35ff4f2b7963aff|fill_9d0d1206ba2cccb0
002245,蔚蓝锂芯,2026-04-23,2026-04-29,20.676333,20.749620000000004,1000,73.2870000000041,25.562215000000002,47.7247850000041,6,strategy_v5_alpha_first_fit_frozen_entry,three_bars_no_high,10.0,15.562215000000002,2,trade_627d2c1a6c08bd5a,pos_a754f780ece576ee,fill_ad9eff233adf0273,fill_62df303951e13110,cand_8afefc7ecd3e3267,intent_9abb6003571940b3,pend_05efbd4c05003c8b,2026-04-22,20.64,20.6,-0.0014389534883721966,-0.0019379844961240345,0.0037054854368931966,0.0017603197674418425,19.8548,23.11714285714286,3.154792227639913,604.3999999999983,0.07896225181999376,786.2529999999979,0.07896225181999376,0.06069901800057262,1,fill_ad9eff233adf0273|fill_a4ac017edc8634ac|fill_62df303951e13110
300184,力源信息,2026-04-21,2026-04-30,12.856425,13.123435,1300,347.11300000000114,18.530232750000003,328.58276725000115,9,strategy_v5_alpha_first_fit_frozen_entry,three_bars_no_high,5.0,13.530232750000001,1,trade_bdeadb917b5aa3b9,pos_394f7cb46d0304ef,fill_a9bb0cb5207b3392,fill_a144d41ddd69827d,cand_e51466bc5c597e20,intent_e8b946c33d80ba39,pend_ab51ad7d5bb9b931,2026-04-20,12.95,12.85,-0.007225868725868723,-0.007722007722007707,0.0004999999999999449,-0.007225868725868723,12.5832,14.614999999999998,4.539258451472195,355.19250000000005,0.925083630003452,355.19250000000005,0.925083630003452,0.925083630003452,0,fill_a9bb0cb5207b3392|fill_a144d41ddd69827d
000155,川能动力,2026-04-29,2026-05-06,18.009,17.49125,500,-258.8749999999998,14.3728125,-273.2478124999998,7,strategy_v5_alpha_first_fit_frozen_entry,close_stop,5.0,9.3728125,1,trade_965937b181a98160,pos_73d8b59bbf71a716,fill_7a995b41166adc0e,fill_f47da28d3529260a,cand_b4d49da2f0bae380,intent_df8b78d1f5f177de,pend_8dfa86841540c2b5,2026-04-28,18.32,18.0,-0.01697598253275112,-0.017467248908296984,0.0004999999999999449,-0.01697598253275112,17.296999999999997,21.35214285714286,2.963971512358601,356.00000000000165,-0.7675500351123554,356.00000000000165,-0.7675500351123554,-0.7675500351123554,0,fill_7a995b41166adc0e|fill_f47da28d3529260a
300054,鼎龙股份,2026-04-27,2026-05-07,57.2286,67.22637,200,1999.5540000000005,16.722637,1982.8313630000005,10,strategy_v5_alpha_first_fit_frozen_entry,target_close_confirmed,5.0,11.722637,1,trade_99175c9ee231aa09,pos_b111a5bff52854e8,fill_007de035b748723f,fill_5e6d73007a76442a,cand_7c4df21d88c16cef,intent_88c26f60c9c26c6e,pend_1b5fd607471a7497,2026-04-24,57.0,57.2,0.004010526315789464,0.0035087719298245723,0.0004999999999999449,0.004010526315789464,54.096000000000004,64.20428571428572,2.480814639905553,626.5199999999993,3.1648333061993275,626.5199999999993,3.1648333061993275,3.1648333061993275,0,fill_007de035b748723f|fill_5e6d73007a76442a
002181,粤传媒,2026-04-30,2026-05-07,15.207599999999998,18.1909,1000,2983.3000000000015,19.09545,2964.2045500000017,7,strategy_v5_alpha_first_fit_frozen_entry,target_close_confirmed,5.0,14.09545,1,trade_6957a361a921fe6f,pos_0d18c9c09eedbeae,fill_c1619f7e4ad86c2e,fill_5bf16663448cd004,cand_31fa245b9a09d73a,intent_6f852b310092610f,pend_360a81d6b41ceaef,2026-04-29,14.99,15.2,0.014516344229486222,0.014009339559706513,0.0004999999999999449,0.014516344229486222,14.062999999999999,17.78214285714286,3.012020342117426,1144.5999999999988,2.5897296435436004,1144.5999999999988,2.5897296435436004,2.5897296435436004,0,fill_c1619f7e4ad86c2e|fill_5bf16663448cd004
002386,天原股份,2026-04-29,2026-05-08,6.893444999999999,6.67666,200,-43.35699999999978,10.667666,-54.02466599999978,9,strategy_v5_alpha_first_fit_frozen_entry,close_stop,5.0,5.6676660000000005,1,trade_b27f045229b5c6f7,pos_981316211d7ff8d1,fill_435ab915766ae010,fill_fa692e84703fc1d2,cand_233e1d72bb6c97a1,intent_2d0f3a0ef58715ee,pend_a85cf61e08441487,2026-04-28,6.95,6.89,-0.008137410071942575,-0.008633093525179936,0.0004999999999999449,-0.008137410071942575,6.664,7.650714285714287,2.450049950049949,45.88899999999985,-1.177290113098999,45.88899999999985,-1.177290113098999,-1.177290113098999,0,fill_435ab915766ae010|fill_fa692e84703fc1d2
001283,豪鹏科技,2026-05-06,2026-05-11,75.00748499999999,73.86305000000002,200,-228.8869999999946,17.386305,-246.2733049999946,5,strategy_v5_alpha_first_fit_frozen_entry,three_bars_no_high,5.0,12.386305,1,trade_80fd6cc9b352f3eb,pos_8eaf6ea90e730362,fill_3e32c225e075f767,fill_b00377a639994f0a,cand_c5c63cf74f057fb4,intent_8cde39308185b035,pend_49290ae8bf9c30c9,2026-04-30,74.88,74.97,0.0017025240384613838,0.0012019230769231282,0.0004999999999999449,0.0017025240384613838,72.1084,82.02857142857141,2.5792219037997675,579.816999999997,-0.4247431603419628,579.816999999997,-0.4247431603419628,-0.4247431603419628,0,fill_3e32c225e075f767|fill_b00377a639994f0a
000949,新乡化纤,2026-05-07,2026-05-11,8.294144999999999,7.69615,2200,-1315.5889999999963,18.465764999999998,-1334.0547649999962,4,strategy_v5_alpha_first_fit_frozen_entry,close_stop,5.0,13.465765,1,trade_5543a4edf142e1fd,pos_c101c9c3e215674f,fill_a4e9c2049bec3cdb,fill_0614ab73d30d5df9,cand_bb556fc56361f408,intent_6a8054cca7969f3a,pend_e0d82b547a4220d6,2026-05-06,8.29,8.29,0.0004999999999999449,0.0,0.0004999999999999449,0.0004999999999999449,7.889000000000001,9.485714285714286,2.9818311364446197,891.3189999999943,-1.4967197658750737,891.3189999999943,-1.4967197658750737,-1.4967197658750737,0,fill_a4e9c2049bec3cdb|fill_0614ab73d30d5df9
002364,中恒电气,2026-05-08,2026-05-13,45.2226,44.47775,300,-223.45499999999987,16.6716625,-240.12666249999987,5,strategy_v5_alpha_first_fit_frozen_entry,three_bars_no_high,5.0,11.6716625,1,trade_089697c3f6030f24,pos_1b4223ef405e0e89,fill_e13fe5b12a953afd,fill_5a73cc82a5e81f4e,cand_f785efb4c6262c4a,intent_9b53fb60243cb4bc,pend_67d2330153d77c6e,2026-05-07,46.3,45.2,-0.023269978401727842,-0.023758099352051754,0.0004999999999999449,-0.023269978401727842,43.5806,53.95428571428572,2.8146965191901594,492.60000000000093,-0.4874678491676805,492.60000000000093,-0.4874678491676805,-0.4874678491676805,0,fill_e13fe5b12a953afd|fill_5a73cc82a5e81f4e
001287,中电港,2026-05-12,2026-05-13,30.13506,28.235875,600,-1139.5109999999995,18.4707625,-1157.9817624999996,1,strategy_v5_alpha_first_fit_frozen_entry,close_stop,5.0,13.470762500000001,1,trade_993088b798524af0,pos_16378e4433909829,fill_d0b07143903809d8,fill_55609a6b80015200,cand_dbc9012404fd4765,intent_357563e7f72b191c,pend_3071e3d9bd8f8327,2026-05-11,30.78,30.12,-0.020953216374269057,-0.021442495126705707,0.0004999999999999449,-0.020953216374269057,28.9884,34.93714285714286,2.3203521194144074,687.9960000000004,-1.6831228124872804,687.9960000000004,-1.6831228124872804,-1.6831228124872804,0,fill_d0b07143903809d8|fill_55609a6b80015200
002429,兆驰股份,2026-05-12,2026-05-18,13.182143333333334,12.5937,1800,-1059.1980000000015,27.001495,-1086.1994950000014,6,strategy_v5_alpha_first_fit_frozen_entry,close_stop,10.0,17.001495,2,trade_526d917a8d7240d5,pos_527bee2accfce641,fill_9813cd84b2d05867,fill_42a5508c2d4d9d7c,cand_ab178882d3726444,intent_b6ed4edf29c57b87,pend_2b25916da157a9b2,2026-05-11,13.18,13.18,0.0004999999999999449,0.0,0.0001626201315125808,0.0001626201315125808,12.3676,15.599285714285713,2.977948934374339,1146.5859999999993,-0.9473336452738844,1278.0179999999996,-0.9473336452738844,-0.8499093870352388,1,fill_9813cd84b2d05867|fill_62f53d9581bdadf5|fill_42a5508c2d4d9d7c
300166,东方国信,2026-05-08,2026-05-19,19.099545,19.999995000000002,900,810.4050000000026,18.99999775,791.4050022500026,11,strategy_v5_alpha_first_fit_frozen_entry,three_bars_no_high,5.0,13.99999775,1,trade_7e7c07eae0973f83,pos_b3a9231dd5eafbf7,fill_1e914e775e5e725d,fill_133f536966077bda,cand_e451e90a20762376,intent_959c843db4c33187,pend_9de03a73e815c2b3,2026-05-07,19.03,19.09,0.0036544929059378894,0.0031529164477139826,0.0004999999999999449,0.0036544929059378894,18.032,23.050000000000004,4.028056112224448,960.7904999999992,0.8237019436078971,960.7904999999992,0.8237019436078971,0.8237019436078971,0,fill_1e914e775e5e725d|fill_133f536966077bda
002579,中京电子,2026-05-14,2026-05-19,13.856924999999999,13.15342,1300,-914.5564999999974,18.549723,-933.1062229999974,5,strategy_v5_alpha_first_fit_frozen_entry,three_bars_no_high,5.0,13.549723,1,trade_10f2dcc548c817bb,pos_28efd92e812e0965,fill_8094104169e41776,fill_df8ceefa8b43f540,cand_fec52fdd7d17dcdc,intent_84476fcff9ae34ce,pend_077cce141fcae462,2026-05-13,13.85,13.85,0.0004999999999999449,0.0,0.0004999999999999449,0.0004999999999999449,13.043800000000001,15.615714285714285,2.19016904702839,1057.062499999997,-0.8827351485839295,1057.062499999997,-0.8827351485839295,-0.8827351485839295,0,fill_8094104169e41776|fill_df8ceefa8b43f540
300400,劲拓股份,2026-05-11,2026-05-20,30.91545,32.173905,200,251.69099999999958,18.2173905,233.47360949999958,9,strategy_v5_alpha_first_fit_frozen_entry,three_bars_no_high,10.0,8.2173905,2,trade_36f11348840e270f,pos_831e666832993200,fill_736022e3be67c70a,fill_acae119c828de1ae,cand_0353abaaf8478182,intent_774065db95364d72,pend_80ec2f68d94560cc,2026-05-08,30.25,30.07,-0.005453388429752182,-0.005950413223140494,0.0281160625207848,0.021998347107438088,28.125999999999998,35.47428571428571,2.459644874899109,195.9035,1.191778653775964,440.2899999999999,1.191778653775964,0.5302723420927108,1,fill_736022e3be67c70a|fill_c2b8b494b992c913|fill_acae119c828de1ae
003816,中国广核,2026-05-14,2026-05-21,4.832415,4.55772,3800,-1043.8410000000013,18.659668,-1062.5006680000013,7,strategy_v5_alpha_first_fit_frozen_entry,close_stop,5.0,13.659668,1,trade_d0120697f3e0460e,pos_4f69cb8dcc3d5919,fill_0506335ac2112935,fill_58ae3d8837ee5f19,cand_51f0b0b1e4ffc2ad,intent_72558698fbe6a823,pend_d75200160996d800,2026-05-13,4.83,4.83,0.0004999999999999449,0.0,0.0004999999999999449,0.0004999999999999449,4.6452,5.200714285714286,2.0060296846011116,711.4170000000005,-1.493499126391414,711.4170000000005,-1.493499126391414,-1.493499126391414,0,fill_0506335ac2112935|fill_58ae3d8837ee5f19
300166,东方国信,2026-05-20,2026-05-22,21.740865,18.87056,400,-1148.1219999999994,13.774112,-1161.8961119999994,2,strategy_v5_alpha_first_fit_frozen_entry,close_stop,5.0,8.774112,1,trade_4555030f4820844a,pos_dd57cf4ac5a9a82f,fill_5c693fafdc10a4a2,fill_ac695438fb16857f,cand_cff57e7a63989e74,intent_0736492416db2753,pend_7ae9e3d614c704ae,2026-05-19,21.44,21.73,0.014032882462686525,0.013526119402984982,0.0004999999999999449,0.014032882462686525,19.2668,26.184285714285718,2.183087481265283,989.6259999999997,-1.1740759761768584,989.6259999999997,-1.1740759761768584,-1.1740759761768584,0,fill_5c693fafdc10a4a2|fill_ac695438fb16857f
688191,智洋创新,2026-05-20,2026-05-22,57.48873,52.21388,200,-1054.9699999999987,15.440793220000002,-1070.4107932199986,2,strategy_v5_alpha_first_fit_frozen_entry,close_stop,5.11497746,10.325815760000001,1,trade_0b727293829ecf21,pos_ff572e85bc8cb069,fill_70cba43556df442e,fill_02a9f3b49c1226c7,cand_9137e34e0acba842,intent_d5ead26f74b696f7,pend_a1cd0a4acd6c3380,2026-05-19,57.2,57.46,0.005047727272727176,0.004545454545454408,0.0004999999999999449,0.005047727272727176,53.41,68.87214285714286,3.0797210704862374,815.7460000000001,-1.3121863830407976,815.7460000000001,-1.3121863830407976,-1.3121863830407976,0,fill_70cba43556df442e|fill_02a9f3b49c1226c7
000006,深振业A,2026-05-20,2026-05-25,11.215605,10.884555,1500,-496.5749999999991,18.16341625,-514.7384162499991,5,strategy_v5_alpha_first_fit_frozen_entry,three_bars_no_high,5.0,13.163416250000001,1,trade_4518c3c59974e3bd,pos_04d4727b1c3d61e0,fill_19a9b1b112f14e94,fill_ae66d316d31ebecd,cand_d3ae0c79f2fda17a,intent_bf197cfe555339de,pend_4a504535063b4bec,2026-05-19,11.14,11.21,0.006786804308797079,0.006283662477558405,0.0004999999999999449,0.006786804308797079,10.4468,12.745000000000001,2.3153491055972277,1153.2075000000007,-0.44635368418085974,1153.2075000000007,-0.44635368418085974,-0.44635368418085974,0,fill_19a9b1b112f14e94|fill_ae66d316d31ebecd
300536,农尚环境,2026-05-27,2026-05-28,12.236115,11.374310000000001,1400,-1206.526999999998,17.962017000000003,-1224.489016999998,1,strategy_v5_alpha_first_fit_frozen_entry,close_stop,5.0,12.962017000000001,1,trade_2221b84bcd34cc74,pos_6375ee6ce19013c3,fill_c004f4cefcfef895,fill_44bfe0a5343a0917,cand_921990cc36299bc0,intent_bf12c744d45d6c87,pend_02e94c7b92cbe64f,2026-05-26,12.18,12.23,0.00460714285714281,0.004105090311987025,0.0004999999999999449,0.00460714285714281,11.789399999999999,13.349999999999998,2.9953917050691126,625.4010000000015,-1.9579262217361262,625.4010000000015,-1.9579262217361262,-1.9579262217361262,0,fill_c004f4cefcfef895|fill_44bfe0a5343a0917
300199,翰宇药业,2026-05-26,2026-05-29,25.062525,24.497745000000002,600,-338.86799999999937,17.3493235,-356.2173234999994,3,strategy_v5_alpha_first_fit_frozen_entry,close_stop,5.0,12.3493235,1,trade_53beb91970eccc6d,pos_2f00933f6ed98208,fill_5e2de9371c99a4e6,fill_3e6ad8e053765d76,cand_cf538031f3f8cacf,intent_a73fb758937cb19d,pend_6ef36694f35a3efb,2026-05-25,25.41,25.05,-0.013674734356552531,-0.01416765053128688,0.0004999999999999449,-0.013674734356552531,24.3628,29.54785714285714,3.951353268580156,419.8350000000005,-0.8484698119499303,419.8350000000005,-0.8484698119499303,-0.8484698119499303,0,fill_5e2de9371c99a4e6|fill_3e6ad8e053765d76
300684,中石科技,2026-05-26,2026-06-01,65.8329,56.501735000000004,200,-1866.2329999999984,15.650173500000001,-1881.8831734999983,6,strategy_v5_alpha_first_fit_frozen_entry,close_stop,5.0,10.650173500000001,1,trade_88d7915a5af4f09c,pos_0aab06e276c6aaf9,fill_221e9a22834a8d14,fill_ef8b1957bcf64f2e,cand_ef6277f4bd87e0d3,intent_597a55aa4060ac68,pend_60f7623fc1452a9e,2026-05-25,66.55,65.8,-0.010775356874530462,-0.01126972201352372,0.0004999999999999449,-0.010775356874530462,61.642,78.91,2.5183374083129615,838.1799999999985,-2.245201715025414,838.1799999999985,-2.245201715025414,-2.245201715025414,0,fill_221e9a22834a8d14|fill_ef8b1957bcf64f2e
300221,银禧科技,2026-05-26,2026-06-02,13.366679999999999,13.373310000000002,1300,8.619000000003929,18.692651500000004,-10.073651499996075,7,strategy_v5_alpha_first_fit_frozen_entry,three_bars_no_high,5.0,13.692651500000002,1,trade_dddf85969829165b,pos_35438a99471818d8,fill_4c2455342cbf8a6a,fill_02c7b4312ef35188,cand_bfaedb874f9cf04b,intent_f7d5af6085081eac,pend_987bc0a69c6c04b8,2026-05-25,13.42,13.36,-0.003973174366617038,-0.0044709388971684305,0.0004999999999999449,-0.003973174366617038,12.9164,15.449285714285715,4.029558606603878,585.3639999999991,-0.017209209141655604,585.3639999999991,-0.017209209141655604,-0.017209209141655604,0,fill_4c2455342cbf8a6a|fill_02c7b4312ef35188
001301,尚太科技,2026-06-03,2026-06-08,95.357655,84.95750000000001,100,-1040.0154999999984,14.247875,-1054.2633749999984,5,strategy_v5_alpha_first_fit_frozen_entry,close_stop,5.0,9.247875,1,trade_a85dbb9a4747f76d,pos_ac0fdc2d6480aa62,fill_1fc0b95044a4c5db,fill_1227d1a29a28aa0b,cand_cb8b791956d3853b,intent_fd946838bff6ffaa,pend_a4580e4c57b97acc,2026-06-02,95.67,95.31,-0.0032648165569144627,-0.0037629350893697566,0.0004999999999999449,-0.0032648165569144627,88.6606,111.43285714285715,2.2488168948636322,669.7054999999991,-1.5742193770246768,669.7054999999991,-1.5742193770246768,-1.5742193770246768,0,fill_1fc0b95044a4c5db|fill_1227d1a29a28aa0b
301458,钧崴电子,2026-06-03,2026-06-08,49.6248,59.760105,200,2027.0610000000006,15.976010500000001,2011.0849895000006,5,strategy_v5_alpha_first_fit_frozen_entry,target_close_confirmed,5.0,10.976010500000001,1,trade_419976a95609324e,pos_5d7ee14f6f4e87eb,fill_f2e0a3f9caddf05a,fill_81f66182aa7b8891,cand_3b91f963177266c8,intent_56fe20297b58cb67,pend_89ecb8c1b274f17a,2026-06-02,50.1,49.6,-0.009485029940119794,-0.009980039920159722,0.0004999999999999449,-0.009485029940119794,46.158,59.45142857142858,2.372254838008264,693.3599999999999,2.900491792863737,693.3599999999999,2.900491792863737,2.900491792863737,0,fill_f2e0a3f9caddf05a|fill_81f66182aa7b8891
002897,意华股份,2026-06-04,2026-06-09,88.79437499999999,82.31882,100,-647.5554999999986,14.115941,-661.6714409999986,5,strategy_v5_alpha_first_fit_frozen_entry,close_stop,5.0,9.115941,1,trade_e972ce3e374dc2e1,pos_f5420bbb139df538,fill_f2f6991b89577d04,fill_bca22b08b8fd22c4,cand_237dc15857b6f038,intent_51daca9b3ace22f1,pend_afa425de8f1a26cb,2026-06-03,91.2,88.75,-0.02637746710526334,-0.026864035087719285,0.0004999999999999449,-0.02637746710526334,86.4556,111.18214285714286,4.211732328037869,233.8774999999984,-2.8291367959722638,233.8774999999984,-2.8291367959722638,-2.8291367959722638,0,fill_f2f6991b89577d04|fill_bca22b08b8fd22c4
600378,昊华科技,2026-06-03,2026-06-11,44.17207499999999,63.85805500000001,200,3937.196000000003,21.601865760000003,3915.5941342400033,8,strategy_v5_alpha_first_fit_frozen_entry,target_close_confirmed,10.088344150000001,11.51352161,2,trade_5612a996e1b94318,pos_b2c7bda95d7c0284,fill_8376e9d5e5b041f7,fill_7c7e40854717ad55,cand_7a8b1db6e8fa3b5e,intent_19fad312d09e096d,pend_9dfe3304cfaee4c7,2026-06-02,43.41,42.8,-0.013559087767795464,-0.014052061736926968,0.03205782710280358,0.017555286800276404,40.1898,51.29999999999999,2.4501583752561946,263.15999999999985,14.879138677002604,575.9549999999997,14.879138677002604,6.798437610993924,1,fill_8376e9d5e5b041f7|fill_8bf6f591a6c3ada7|fill_7c7e40854717ad55
301228,实朴检测,2026-06-03,2026-06-15,72.87642,75.75210500000001,200,575.1370000000037,17.5752105,557.5617895000037,12,strategy_v5_alpha_first_fit_frozen_entry,close_stop,5.0,12.5752105,1,trade_f0d6a510c91a365b,pos_7eb72184e49e4113,fill_84cc81f976f3e076,fill_b690065c36b6cc94,cand_9b5cccc1a2a43dd5,intent_ccdc8324b289f904,pend_453efb176635ca5f,2026-06-02,73.2,72.84,-0.004420491803278748,-0.004918032786885185,0.0004999999999999449,-0.004420491803278748,69.4526,88.60714285714286,4.111422014501485,684.7639999999984,0.814239343043742,684.7639999999984,0.814239343043742,0.814239343043742,0,fill_84cc81f976f3e076|fill_b690065c36b6cc94
600888,新疆众和,2026-06-09,2026-06-15,10.70153857142857,11.064465,2100,762.1455000000044,27.88361845,734.2618815500044,6,strategy_v5_alpha_first_fit_frozen_entry,close_stop,10.22473231,17.65888614,2,trade_f32032e61e4a910d,pos_39fa2c5a48acfa88,fill_123b442a30b01efb,fill_33959cd7272c23d4,cand_71b9bc42ce65c773,intent_dafa11f9a7f4d134,pend_dfce0f3918e50dc4,2026-06-08,10.43,10.52,0.00913326941514847,0.008628954937679678,0.01725651819663221,0.026034378852211937,10.045,11.25,2.129870129870132,768.4159999999991,0.955552567294285,837.230999999999,0.955552567294285,0.8770122959493919,1,fill_123b442a30b01efb|fill_8c8135db1933fbb2|fill_33959cd7272c23d4
300398,飞凯材料,2026-06-10,2026-06-15,42.411195,41.47925,200,-186.38899999999978,14.147925,-200.53692499999977,5,strategy_v5_alpha_first_fit_frozen_entry,close_stop,5.0,9.147925,1,trade_41340613dab4f5da,pos_b402ec121ca454ae,fill_6f558e7285acd85d,fill_6942239a163b58fa,cand_08d7392e42ef8100,intent_5b0f773dbc650ce8,pend_384450bd4eded0a4,2026-06-09,44.34,42.39,-0.043500338294993335,-0.04397834912043308,0.0004999999999999449,-0.043500338294993335,40.229,54.400000000000006,2.4470931646801244,436.439,-0.45948442966829217,436.439,-0.45948442966829217,-0.45948442966829217,0,fill_6f558e7285acd85d|fill_6942239a163b58fa
300400,劲拓股份,2026-06-10,2026-06-16,35.927955,41.979,100,605.1045000000001,12.09895,593.0055500000002,6,strategy_v5_alpha_first_fit_frozen_entry,target_close_confirmed,5.0,7.09895,1,trade_096c36346212f4bf,pos_f0d9a9be90e0c73e,fill_a740181995cc6b45,fill_9a0b8adaa1c70bf1,cand_6418d510a6e449c0,intent_3650c7e117c910c3,pend_9b120febe0801213,2026-06-09,35.2,35.91,0.020680539772727213,0.020170454545454408,0.0004999999999999449,0.020680539772727213,32.536,43.010000000000005,2.931681681681681,339.1954999999996,1.7482706875533458,339.1954999999996,1.7482706875533458,1.7482706875533458,0,fill_a740181995cc6b45|fill_9a0b8adaa1c70bf1
000657,中钨高新,2026-06-12,2026-06-22,80.350155,103.02846000000001,100,2267.830500000001,15.151423000000001,2252.679077000001,10,strategy_v5_alpha_first_fit_frozen_entry,target_close_confirmed,5.0,10.151423000000001,1,trade_d7e4fbe1e7f2be38,pos_a38096e3c561c229,fill_365c3cd90b86fe77,fill_6f68f81e4c9a6bf4,cand_4f6f888d72a5db17,intent_81004e2295ce4100,pend_953034d61dc786d0,2026-06-11,77.95,80.31,0.030790955740859438,0.030275817831943552,0.0004999999999999449,0.030790955740859438,70.7756,95.56642857142856,2.4554567031986707,957.4555000000004,2.3527767891040368,957.4555000000004,2.3527767891040368,2.3527767891040368,0,fill_365c3cd90b86fe77|fill_6f68f81e4c9a6bf4
002815,崇达技术,2026-06-17,2026-06-24,19.229609999999997,17.43128,900,-1618.496999999997,17.844076,-1636.341075999997,7,strategy_v5_alpha_first_fit_frozen_entry,close_stop,5.0,12.844076000000001,1,trade_21e140ed3aa9ae78,pos_f312247b99c7205b,fill_2bdcb7ae9d44d826,fill_f7d5a16b5b57012e,cand_357a71a95eedfa7b,intent_088d86ef1ce0dd08,pend_986c5d4f7aae6130,2026-06-16,19.35,19.22,-0.006221705426356805,-0.00671834625323009,0.0004999999999999449,-0.006221705426356805,18.473000000000003,23.254285714285714,4.451865124613134,680.9489999999954,-2.403030294486089,680.9489999999954,-2.403030294486089,-2.403030294486089,0,fill_2bdcb7ae9d44d826|fill_f7d5a16b5b57012e
002903,宇环数控,2026-06-17,2026-06-25,52.546260000000004,50.984495,300,-468.5295000000003,17.64767425,-486.17717425000035,8,strategy_v5_alpha_first_fit_frozen_entry,three_bars_no_high,5.0,12.647674250000001,1,trade_c404191bf633e921,pos_766cf45b3d9d1d34,fill_d23f2880ac26010d,fill_3ab64e2b1817b277,cand_1c49794e2a7accd3,intent_f8eed90520fecff0,pend_012e481ca8190d90,2026-06-16,53.21,52.52,-0.012473971058071687,-0.01296748731441455,0.0004999999999999449,-0.012473971058071687,49.5782,63.07357142857143,2.7158905855419984,890.4180000000003,-0.5460100472474727,890.4180000000003,-0.5460100472474727,-0.5460100472474727,0,fill_d23f2880ac26010d|fill_3ab64e2b1817b277
003022,联泓新科,2026-06-17,2026-06-26,28.164074999999997,26.996495000000003,200,-233.51599999999877,12.6996495,-246.21564949999876,9,strategy_v5_alpha_first_fit_frozen_entry,three_bars_no_high,5.0,7.6996495000000005,1,trade_572a9f6eff940220,pos_77ad048c5a6e4084,fill_7b0eb336888f7a1a,fill_5f56503d5fe258e8,cand_f2effab23d9c0a95,intent_9b1dee50ae6364d9,pend_77f5a218ccbe1da0,2026-06-16,28.28,28.15,-0.004099186704384916,-0.004596888260254728,0.0004999999999999449,-0.004099186704384916,26.156200000000002,33.902857142857144,2.6475455046883627,401.574999999999,-0.6131249442818885,401.574999999999,-0.6131249442818885,-0.6131249442818885,0,fill_7b0eb336888f7a1a|fill_5f56503d5fe258e8
300031,宝通科技,2026-06-18,2026-06-26,28.324154999999998,30.56471,400,896.2220000000016,16.112942,880.1090580000016,8,strategy_v5_alpha_first_fit_frozen_entry,three_bars_no_high,5.0,11.112942,1,trade_f11058d754c60c30,pos_42758942515e2fb0,fill_d5e97b087da53ea2,fill_547ccb56b5eba3aa,cand_b9bd8bf34e243b11,intent_d2a1f3dcfcd84e05,pend_c1f7edaa7de126cb,2026-06-17,28.16,28.31,0.005829367897727256,0.005326704545454586,0.0004999999999999449,0.005829367897727256,26.0582,32.574285714285715,2.1002406100893105,906.3819999999993,0.9710133894980287,906.3819999999993,0.9710133894980287,0.9710133894980287,0,fill_d5e97b087da53ea2|fill_547ccb56b5eba3aa
002536,飞龙股份,2026-06-26,2026-06-29,51.525749999999995,47.526225,300,-1199.8574999999996,17.128933749999998,-1216.9864337499996,3,strategy_v5_alpha_first_fit_frozen_entry,close_stop,5.0,12.128933749999998,1,trade_a1de8367200be850,pos_36b49ef9c809a905,fill_b463e757bdb50115,fill_dba194127f6256bc,cand_db840d1fe5d612e8,intent_b8cf23e68e3bee75,pend_ea9dfb8cc754553f,2026-06-25,51.89,51.5,-0.007019656966660404,-0.0075158990171516615,0.0004999999999999449,-0.007019656966660404,50.1368,61.56928571428571,5.52092500244451,416.68499999999824,-2.9206389328869644,416.68499999999824,-2.9206389328869644,-2.9206389328869644,0,fill_b463e757bdb50115|fill_dba194127f6256bc
300382,斯莱克,2026-06-26,2026-07-01,19.059525,22.918535000000002,500,1929.5050000000008,15.729633750000001,1913.7753662500008,5,strategy_v5_alpha_first_fit_frozen_entry,target_close_confirmed,5.0,10.729633750000001,1,trade_296f2f3487baab69,pos_946673818b207de1,fill_3cad07a6fa21709b,fill_5c13f5ea668e414b,cand_ced7981f2758cc70,intent_cf558a05f2a55995,pend_f2a62b89a52fe2f6,2026-06-25,19.05,19.05,0.0004999999999999449,0.0,0.0004999999999999449,0.0004999999999999449,18.2378,22.89857142857143,4.738452879304882,410.86250000000035,4.657946067723385,410.86250000000035,4.657946067723385,4.657946067723385,0,fill_3cad07a6fa21709b|fill_5c13f5ea668e414b
000100,TCL科技,2026-06-29,2026-07-06,5.637362727272727,5.5972,2200,-88.35799999999932,21.15692,-109.51491999999932,7,strategy_v5_alpha_first_fit_frozen_entry,close_stop,10.0,11.15692,2,trade_71b07c095180359f,pos_4097c821971cbc9d,fill_ca2c5c1e074259c6,fill_ae113403e83bc9e6,cand_f3530adad7411fd7,intent_0ff854df6a58cd52,pend_432852995d603be5,2026-06-26,5.4,5.43,0.006058333333333055,0.005555555555555536,0.038188347564038105,0.0439560606060605,5.1842,6.237857142857143,3.882563219912605,298.2179999999993,-0.3672310859840774,438.357999999999,-0.3672310859840774,-0.24982986508743898,1,fill_ca2c5c1e074259c6|fill_6fb67afa8e9e2a54|fill_ae113403e83bc9e6
300416,苏试试验,2026-06-29,2026-07-06,20.29014,20.159915,600,-78.13499999999962,16.047974500000002,-94.18297449999963,7,strategy_v5_alpha_first_fit_frozen_entry,close_stop,5.0,11.0479745,1,trade_73a5d511e2ac73dc,pos_a352f6e79bb429c0,fill_6b5c18763d25ec31,fill_dd7c62952def3810,cand_c7bac1de58e49a86,intent_1208fc36c3702961,pend_fd1cf02d35903fff,2026-06-26,20.38,20.28,-0.004409224730127503,-0.004906771344455274,0.0004999999999999449,-0.004409224730127503,19.061,23.900714285714287,2.6692299360987795,737.4840000000006,-0.12770849876065046,737.4840000000006,-0.12770849876065046,-0.12770849876065046,0,fill_6b5c18763d25ec31|fill_dd7c62952def3810
002106,莱宝高科,2026-06-30,2026-07-06,15.857924999999998,14.302845000000001,800,-1244.0639999999973,15.721138,-1259.7851379999975,6,strategy_v5_alpha_first_fit_frozen_entry,close_stop,5.0,10.721138,1,trade_5ae31169769de8ec,pos_646dc6c30074f30c,fill_468eef11e29eedda,fill_8325d19ce4224619,cand_6e3ad213b7c4dace,intent_00de0f715e8a007f,pend_6fd4bdc367548264,2026-06-29,15.93,15.85,-0.004524482109227956,-0.005021971123666091,0.0004999999999999449,-0.004524482109227956,15.19,19.022142857142857,4.178571428571427,534.3399999999988,-2.3576470748961342,534.3399999999988,-2.3576470748961342,-2.3576470748961342,0,fill_468eef11e29eedda|fill_8325d19ce4224619
000725,京东方A,2026-06-23,2026-07-07,7.0899068181818174,7.65617,2200,1245.7790000000025,23.421787000000002,1222.3572130000025,14,strategy_v5_alpha_first_fit_frozen_entry,close_stop,10.0,13.421787,2,trade_333b9c00f7e68dac,pos_75ce65b16b1d4d16,fill_d9224eab6891a430,fill_600f71cd42e5b8db,cand_ee5d30e676a4bfe5,intent_84fa220061767c6c,pend_9522d8407de12404,2026-06-22,6.93,6.85,-0.011049783549783587,-0.011544011544011523,0.035022893165228774,0.023074576938213243,6.546399999999999,8.475,4.027632950990611,429.83500000000043,2.843782411855715,835.0750000000003,2.843782411855715,1.4637693776008167,1,fill_d9224eab6891a430|fill_ab8997bdbde0bd02|fill_600f71cd42e5b8db
000970,中科三环,2026-07-02,2026-07-09,15.707849999999999,15.03248,200,-135.07399999999984,11.503248,-146.57724799999983,7,strategy_v5_alpha_first_fit_frozen_entry,end_of_backtest,5.0,6.503248,1,trade_2f851bda314b0829,pos_37818031b72f662c,fill_cc4e108e377d7ba9,fill_a5962cb160fba5d1,cand_265d372f21ed0785,intent_ac82285ed0a7331e,pend_753509589d2a3b78,2026-07-01,15.49,15.7,0.014063912201420115,0.01355713363460298,0.0004999999999999449,0.014063912201420115,15.0038,18.382857142857144,5.949932420520656,140.80999999999975,-1.0409576592571557,140.80999999999975,-1.0409576592571557,-1.0409576592571557,0,fill_cc4e108e377d7ba9|fill_a5962cb160fba5d1
