date,eligible_count
2016-01-04,655
2016-01-05,660
2016-01-06,659
2016-01-07,629
2016-01-08,623
2016-01-11,629
2016-01-12,621
2016-01-13,612
2016-01-14,608
2016-01-15,574
2016-01-18,536
2016-01-19,521
2016-01-20,497
2016-01-21,466
2016-01-22,443
2016-01-25,430
2016-01-26,419
2016-01-27,415
2016-01-28,401
2016-01-29,380
2016-02-01,370
2016-02-02,354
2016-02-03,336
2016-02-04,340
2016-02-05,319
2016-02-15,304
2016-02-16,305
2016-02-17,305
2016-02-18,304
2016-02-19,308
2016-02-22,311
2016-02-23,313
2016-02-24,314
2016-02-25,320
2016-02-26,323
2016-02-29,332
2016-03-01,325
2016-03-02,331
2016-03-03,347
2016-03-04,362
2016-03-07,374
2016-03-08,389
2016-03-09,397
2016-03-10,400
2016-03-11,406
2016-03-14,407
2016-03-15,409
2016-03-16,398
2016-03-17,390
2016-03-18,411
2016-03-21,431
2016-03-22,439
2016-03-23,439
2016-03-24,444
2016-03-25,441
2016-03-28,445
2016-03-29,451
2016-03-30,448
2016-03-31,451
2016-04-01,434
2016-04-05,444
2016-04-06,455
2016-04-07,465
2016-04-08,473
2016-04-11,487
2016-04-12,492
2016-04-13,523
2016-04-14,538
2016-04-15,547
2016-04-18,524
2016-04-19,501
2016-04-20,501
2016-04-21,492
2016-04-22,485
2016-04-25,477
2016-04-26,461
2016-04-27,454
2016-04-28,448
2016-04-29,427
2016-05-03,428
2016-05-04,421
2016-05-05,413
2016-05-06,404
2016-05-09,393
2016-05-10,375
2016-05-11,363
2016-05-12,326
2016-05-13,304
2016-05-16,289
2016-05-17,280
2016-05-18,281
2016-05-19,254
2016-05-20,244
2016-05-23,241
2016-05-24,235
2016-05-25,238
2016-05-26,244
2016-05-27,245
2016-05-30,248
2016-05-31,251
2016-06-01,263
2016-06-02,268
2016-06-03,267
2016-06-06,264
2016-06-07,268
2016-06-08,275
2016-06-13,283
2016-06-14,297
2016-06-15,304
2016-06-16,311
2016-06-17,319
2016-06-20,327
2016-06-21,339
2016-06-22,343
2016-06-23,353
2016-06-24,365
2016-06-27,383
2016-06-28,396
2016-06-29,414
2016-06-30,407
2016-07-01,405
2016-07-04,417
2016-07-05,425
2016-07-06,435
2016-07-07,453
2016-07-08,459
2016-07-11,458
2016-07-12,482
2016-07-13,485
2016-07-14,479
2016-07-15,484
2016-07-18,492
2016-07-19,488
2016-07-20,481
2016-07-21,482
2016-07-22,479
2016-07-25,468
2016-07-26,455
2016-07-27,467
2016-07-28,465
2016-07-29,462
2016-08-01,449
2016-08-02,427
2016-08-03,415
2016-08-04,394
2016-08-05,378
2016-08-08,365
2016-08-09,350
2016-08-10,338
2016-08-11,327
2016-08-12,326
2016-08-15,330
2016-08-16,350
2016-08-17,355
2016-08-18,352
2016-08-19,350
2016-08-22,346
2016-08-23,349
2016-08-24,321
2016-08-25,309
2016-08-26,306
2016-08-29,308
2016-08-30,312
2016-08-31,311
2016-09-01,312
2016-09-02,316
2016-09-05,319
2016-09-06,321
2016-09-07,326
2016-09-08,322
2016-09-09,322
2016-09-12,307
2016-09-13,296
2016-09-14,277
2016-09-19,268
2016-09-20,256
2016-09-21,250
2016-09-22,252
2016-09-23,245
2016-09-26,238
2016-09-27,226
2016-09-28,223
2016-09-29,222
2016-09-30,206
2016-10-10,204
2016-10-11,205
2016-10-12,210
2016-10-13,207
2016-10-14,198
2016-10-17,200
2016-10-18,198
2016-10-19,190
2016-10-20,191
2016-10-21,200
2016-10-24,211
2016-10-25,219
2016-10-26,234
2016-10-27,243
2016-10-28,249
2016-10-31,248
2016-11-01,242
2016-11-02,251
2016-11-03,266
2016-11-04,282
2016-11-07,288
2016-11-08,289
2016-11-09,297
2016-11-10,302
2016-11-11,324
2016-11-14,339
2016-11-15,337
2016-11-16,333
2016-11-17,341
2016-11-18,342
2016-11-21,337
2016-11-22,343
2016-11-23,348
2016-11-24,356
2016-11-25,363
2016-11-28,369
2016-11-29,377
2016-11-30,382
2016-12-01,382
2016-12-02,380
2016-12-05,385
2016-12-06,380
2016-12-07,373
2016-12-08,367
2016-12-09,353
2016-12-12,346
2016-12-13,344
2016-12-14,338
2016-12-15,331
2016-12-16,336
2016-12-19,329
2016-12-20,322
2016-12-21,316
2016-12-22,297
2016-12-23,288
2016-12-26,275
2016-12-27,270
2016-12-28,260
2016-12-29,251
2016-12-30,247
2017-01-03,243
2017-01-04,240
2017-01-05,245
2017-01-06,247
2017-01-09,245
2017-01-10,238
2017-01-11,239
2017-01-12,237
2017-01-13,228
2017-01-16,235
2017-01-17,228
2017-01-18,232
2017-01-19,224
2017-01-20,219
2017-01-23,216
2017-01-24,213
2017-01-25,206
2017-01-26,201
2017-02-03,194
2017-02-06,196
2017-02-07,196
2017-02-08,196
2017-02-09,189
2017-02-10,190
2017-02-13,196
2017-02-14,205
2017-02-15,210
2017-02-16,210
2017-02-17,217
2017-02-20,210
2017-02-21,219
2017-02-22,228
2017-02-23,243
2017-02-24,242
2017-02-27,250
2017-02-28,255
2017-03-01,257
2017-03-02,265
2017-03-03,269
2017-03-06,278
2017-03-07,281
2017-03-08,273
2017-03-09,274
2017-03-10,266
2017-03-13,269
2017-03-14,267
2017-03-15,260
2017-03-16,259
2017-03-17,255
2017-03-20,257
2017-03-21,256
2017-03-22,250
2017-03-23,256
2017-03-24,249
2017-03-27,258
2017-03-28,260
2017-03-29,262
2017-03-30,272
2017-03-31,273
2017-04-05,274
2017-04-06,283
2017-04-07,295
2017-04-10,300
2017-04-11,323
2017-04-12,336
2017-04-13,331
2017-04-14,334
2017-04-17,335
2017-04-18,335
2017-04-19,334
2017-04-20,337
2017-04-21,333
2017-04-24,329
2017-04-25,322
2017-04-26,321
2017-04-27,317
2017-04-28,318
2017-05-02,305
2017-05-03,303
2017-05-04,288
2017-05-05,286
2017-05-08,277
2017-05-09,268
2017-05-10,247
2017-05-11,235
2017-05-12,224
2017-05-15,217
2017-05-16,216
2017-05-17,216
2017-05-18,221
2017-05-19,213
2017-05-22,210
2017-05-23,213
2017-05-24,210
2017-05-25,213
2017-05-26,217
2017-05-31,214
2017-06-01,213
2017-06-02,209
2017-06-05,209
2017-06-06,204
2017-06-07,202
2017-06-08,206
2017-06-09,203
2017-06-12,203
2017-06-13,205
2017-06-14,209
2017-06-15,211
2017-06-16,211
2017-06-19,212
2017-06-20,208
2017-06-21,210
2017-06-22,218
2017-06-23,224
2017-06-26,232
2017-06-27,232
2017-06-28,229
2017-06-29,224
2017-06-30,219
2017-07-03,224
2017-07-04,221
2017-07-05,221
2017-07-06,226
2017-07-07,230
2017-07-10,235
2017-07-11,239
2017-07-12,243
2017-07-13,250
2017-07-14,250
2017-07-17,257
2017-07-18,262
2017-07-19,278
2017-07-20,284
2017-07-21,293
2017-07-24,292
2017-07-25,293
2017-07-26,301
2017-07-27,302
2017-07-28,308
2017-07-31,313
2017-08-01,319
2017-08-02,335
2017-08-03,338
2017-08-04,341
2017-08-07,343
2017-08-08,352
2017-08-09,359
2017-08-10,367
2017-08-11,376
2017-08-14,372
2017-08-15,375
2017-08-16,364
2017-08-17,358
2017-08-18,360
2017-08-21,362
2017-08-22,361
2017-08-23,356
2017-08-24,352
2017-08-25,354
2017-08-28,352
2017-08-29,353
2017-08-30,349
2017-08-31,342
2017-09-01,341
2017-09-04,339
2017-09-05,338
2017-09-06,342
2017-09-07,344
2017-09-08,342
2017-09-11,356
2017-09-12,365
2017-09-13,367
2017-09-14,374
2017-09-15,374
2017-09-18,382
2017-09-19,383
2017-09-20,390
2017-09-21,394
2017-09-22,391
2017-09-25,383
2017-09-26,374
2017-09-27,375
2017-09-28,369
2017-09-29,358
2017-10-09,353
2017-10-10,352
2017-10-11,346
2017-10-12,342
2017-10-13,343
2017-10-16,344
2017-10-17,321
2017-10-18,313
2017-10-19,305
2017-10-20,295
2017-10-23,285
2017-10-24,279
2017-10-25,265
2017-10-26,267
2017-10-27,264
2017-10-30,268
2017-10-31,268
2017-11-01,268
2017-11-02,267
2017-11-03,264
2017-11-06,266
2017-11-07,260
2017-11-08,261
2017-11-09,262
2017-11-10,265
2017-11-13,269
2017-11-14,284
2017-11-15,285
2017-11-16,289
2017-11-17,298
2017-11-20,300
2017-11-21,306
2017-11-22,312
2017-11-23,310
2017-11-24,312
2017-11-27,311
2017-11-28,312
2017-11-29,311
2017-11-30,308
2017-12-01,312
2017-12-04,304
2017-12-05,298
2017-12-06,294
2017-12-07,289
2017-12-08,288
2017-12-11,278
2017-12-12,278
2017-12-13,272
2017-12-14,270
2017-12-15,261
2017-12-18,259
2017-12-19,257
2017-12-20,249
2017-12-21,236
2017-12-22,234
2017-12-25,227
2017-12-26,228
2017-12-27,219
2017-12-28,221
2017-12-29,221
2018-01-02,227
2018-01-03,228
2018-01-04,235
2018-01-05,244
2018-01-08,246
2018-01-09,249
2018-01-10,258
2018-01-11,260
2018-01-12,268
2018-01-15,274
2018-01-16,285
2018-01-17,290
2018-01-18,287
2018-01-19,290
2018-01-22,291
2018-01-23,295
2018-01-24,307
2018-01-25,313
2018-01-26,316
2018-01-29,319
2018-01-30,318
2018-01-31,316
2018-02-01,314
2018-02-02,311
2018-02-05,308
2018-02-06,310
2018-02-07,305
2018-02-08,299
2018-02-09,298
2018-02-12,292
2018-02-13,290
2018-02-14,275
2018-02-22,272
2018-02-23,266
2018-02-26,262
2018-02-27,264
2018-02-28,266
2018-03-01,257
2018-03-02,254
2018-03-05,250
2018-03-06,254
2018-03-07,256
2018-03-08,258
2018-03-09,263
2018-03-12,268
2018-03-13,272
2018-03-14,273
2018-03-15,269
2018-03-16,265
2018-03-19,270
2018-03-20,270
2018-03-21,273
2018-03-22,272
2018-03-23,287
2018-03-26,283
2018-03-27,288
2018-03-28,292
2018-03-29,296
2018-03-30,296
2018-04-02,308
2018-04-03,307
2018-04-04,307
2018-04-09,311
2018-04-10,311
2018-04-11,307
2018-04-12,297
2018-04-13,295
2018-04-16,299
2018-04-17,304
2018-04-18,306
2018-04-19,307
2018-04-20,304
2018-04-23,303
2018-04-24,292
2018-04-25,290
2018-04-26,280
2018-04-27,273
2018-05-02,269
2018-05-03,267
2018-05-04,262
2018-05-07,263
2018-05-08,269
2018-05-09,265
2018-05-10,260
2018-05-11,257
2018-05-14,255
2018-05-15,251
2018-05-16,252
2018-05-17,245
2018-05-18,245
2018-05-21,245
2018-05-22,242
2018-05-23,247
2018-05-24,239
2018-05-25,242
2018-05-28,243
2018-05-29,234
2018-05-30,235
2018-05-31,230
2018-06-01,228
2018-06-04,224
2018-06-05,222
2018-06-06,218
2018-06-07,220
2018-06-08,216
2018-06-11,211
2018-06-12,212
2018-06-13,209
2018-06-14,208
2018-06-15,207
2018-06-19,215
2018-06-20,212
2018-06-21,210
2018-06-22,201
2018-06-25,200
2018-06-26,195
2018-06-27,193
2018-06-28,192
2018-06-29,193
2018-07-02,190
2018-07-03,192
2018-07-04,194
2018-07-05,188
2018-07-06,186
2018-07-09,188
2018-07-10,190
2018-07-11,191
2018-07-12,191
2018-07-13,194
2018-07-16,195
2018-07-17,184
2018-07-18,182
2018-07-19,179
2018-07-20,178
2018-07-23,185
2018-07-24,191
2018-07-25,194
2018-07-26,196
2018-07-27,193
2018-07-30,191
2018-07-31,182
2018-08-01,181
2018-08-02,183
2018-08-03,185
2018-08-06,187
2018-08-07,188
2018-08-08,188
2018-08-09,185
2018-08-10,176
2018-08-13,174
2018-08-14,177
2018-08-15,178
2018-08-16,178
2018-08-17,178
2018-08-20,169
2018-08-21,163
2018-08-22,156
2018-08-23,155
2018-08-24,156
2018-08-27,155
2018-08-28,157
2018-08-29,154
2018-08-30,150
2018-08-31,147
2018-09-03,143
2018-09-04,142
2018-09-05,138
2018-09-06,133
2018-09-07,130
2018-09-10,126
2018-09-11,124
2018-09-12,122
2018-09-13,123
2018-09-14,124
2018-09-17,121
2018-09-18,118
2018-09-19,121
2018-09-20,119
2018-09-21,124
2018-09-25,124
2018-09-26,123
2018-09-27,125
2018-09-28,125
2018-10-08,122
2018-10-09,125
2018-10-10,122
2018-10-11,123
2018-10-12,122
2018-10-15,122
2018-10-16,119
2018-10-17,120
2018-10-18,126
2018-10-19,125
2018-10-22,134
2018-10-23,143
2018-10-24,142
2018-10-25,144
2018-10-26,146
2018-10-29,142
2018-10-30,149
2018-10-31,146
2018-11-01,151
2018-11-02,156
2018-11-05,157
2018-11-06,160
2018-11-07,163
2018-11-08,161
2018-11-09,158
2018-11-12,156
2018-11-13,161
2018-11-14,161
2018-11-15,164
2018-11-16,173
2018-11-19,170
2018-11-20,175
2018-11-21,182
2018-11-22,182
2018-11-23,185
2018-11-26,187
2018-11-27,180
2018-11-28,180
2018-11-29,179
2018-11-30,174
2018-12-03,171
2018-12-04,169
2018-12-05,164
2018-12-06,167
2018-12-07,164
2018-12-10,159
2018-12-11,149
2018-12-12,143
2018-12-13,139
2018-12-14,138
2018-12-17,127
2018-12-18,124
2018-12-19,122
2018-12-20,122
2018-12-21,117
2018-12-24,119
2018-12-25,119
2018-12-26,117
2018-12-27,114
2018-12-28,114
2019-01-02,107
2019-01-03,105
2019-01-04,105
2019-01-07,103
2019-01-08,106
2019-01-09,108
2019-01-10,114
2019-01-11,114
2019-01-14,112
2019-01-15,116
2019-01-16,119
2019-01-17,120
2019-01-18,124
2019-01-21,129
2019-01-22,131
2019-01-23,131
2019-01-24,132
2019-01-25,131
2019-01-28,133
2019-01-29,135
2019-01-30,139
2019-01-31,138
2019-02-01,136
2019-02-11,139
2019-02-12,142
2019-02-13,144
2019-02-14,147
2019-02-15,146
2019-02-18,156
2019-02-19,166
2019-02-20,174
2019-02-21,188
2019-02-22,196
2019-02-25,234
2019-02-26,261
2019-02-27,290
2019-02-28,304
2019-03-01,316
2019-03-04,338
2019-03-05,359
2019-03-06,396
2019-03-07,436
2019-03-08,479
2019-03-11,509
2019-03-12,546
2019-03-13,575
2019-03-14,587
2019-03-15,601
2019-03-18,616
2019-03-19,629
2019-03-20,641
2019-03-21,648
2019-03-22,656
2019-03-25,658
2019-03-26,648
2019-03-27,650
2019-03-28,647
2019-03-29,653
2019-04-01,652
2019-04-02,660
2019-04-03,653
2019-04-04,652
2019-04-08,650
2019-04-09,643
2019-04-10,631
2019-04-11,622
2019-04-12,620
2019-04-15,626
2019-04-16,624
2019-04-17,634
2019-04-18,635
2019-04-19,630
2019-04-22,633
2019-04-23,620
2019-04-24,615
2019-04-25,618
2019-04-26,612
2019-04-29,607
2019-04-30,587
2019-05-06,557
2019-05-07,536
2019-05-08,510
2019-05-09,490
2019-05-10,472
2019-05-13,456
2019-05-14,440
2019-05-15,434
2019-05-16,419
2019-05-17,414
2019-05-20,403
2019-05-21,388
2019-05-22,375
2019-05-23,363
2019-05-24,353
2019-05-27,340
2019-05-28,329
2019-05-29,321
2019-05-30,315
2019-05-31,313
2019-06-03,299
2019-06-04,299
2019-06-05,294
2019-06-06,294
2019-06-10,283
2019-06-11,294
2019-06-12,296
2019-06-13,296
2019-06-14,295
2019-06-17,288
2019-06-18,280
2019-06-19,277
2019-06-20,281
2019-06-21,293
2019-06-24,292
2019-06-25,294
2019-06-26,291
2019-06-27,296
2019-06-28,298
2019-07-01,303
2019-07-02,313
2019-07-03,312
2019-07-04,313
2019-07-05,306
2019-07-08,311
2019-07-09,303
2019-07-10,289
2019-07-11,280
2019-07-12,274
2019-07-15,276
2019-07-16,275
2019-07-17,268
2019-07-18,257
2019-07-19,246
2019-07-22,240
2019-07-23,231
2019-07-24,230
2019-07-25,228
2019-07-26,225
2019-07-29,213
2019-07-30,202
2019-07-31,200
2019-08-01,200
2019-08-02,203
2019-08-05,200
2019-08-06,208
2019-08-07,211
2019-08-08,211
2019-08-09,212
2019-08-12,209
2019-08-13,211
2019-08-14,207
2019-08-15,213
2019-08-16,220
2019-08-19,230
2019-08-20,235
2019-08-21,235
2019-08-22,239
2019-08-23,242
2019-08-26,248
2019-08-27,257
2019-08-28,262
2019-08-29,267
2019-08-30,271
2019-09-02,280
2019-09-03,278
2019-09-04,290
2019-09-05,314
2019-09-06,325
2019-09-09,338
2019-09-10,344
2019-09-11,352
2019-09-12,358
2019-09-16,367
2019-09-17,375
2019-09-18,375
2019-09-19,375
2019-09-20,380
2019-09-23,378
2019-09-24,379
2019-09-25,379
2019-09-26,385
2019-09-27,376
2019-09-30,361
2019-10-08,356
2019-10-09,354
2019-10-10,346
2019-10-11,330
2019-10-14,330
2019-10-15,318
2019-10-16,302
2019-10-17,290
2019-10-18,282
2019-10-21,275
2019-10-22,262
2019-10-23,263
2019-10-24,250
2019-10-25,246
2019-10-28,254
2019-10-29,256
2019-10-30,258
2019-10-31,259
2019-11-01,259
2019-11-04,265
2019-11-05,270
2019-11-06,282
2019-11-07,279
2019-11-08,281
2019-11-11,279
2019-11-12,273
2019-11-13,271
2019-11-14,270
2019-11-15,266
2019-11-18,265
2019-11-19,265
2019-11-20,270
2019-11-21,276
2019-11-22,282
2019-11-25,275
2019-11-26,268
2019-11-27,258
2019-11-28,252
2019-11-29,252
2019-12-02,245
2019-12-03,242
2019-12-04,236
2019-12-05,242
2019-12-06,235
2019-12-09,234
2019-12-10,240
2019-12-11,246
2019-12-12,244
2019-12-13,249
2019-12-16,265
2019-12-17,277
2019-12-18,282
2019-12-19,293
2019-12-20,300
2019-12-23,305
2019-12-24,310
2019-12-25,318
2019-12-26,326
2019-12-27,333
2019-12-30,344
2019-12-31,351
2020-01-02,366
2020-01-03,387
2020-01-06,409
2020-01-07,421
2020-01-08,439
2020-01-09,454
2020-01-10,459
2020-01-13,463
2020-01-14,468
2020-01-15,466
2020-01-16,465
2020-01-17,462
2020-01-20,469
2020-01-21,477
2020-01-22,489
2020-01-23,506
2020-02-03,505
2020-02-04,511
2020-02-05,519
2020-02-06,534
2020-02-07,546
2020-02-10,550
2020-02-11,548
2020-02-12,552
2020-02-13,553
2020-02-14,553
2020-02-17,562
2020-02-18,575
2020-02-19,592
2020-02-20,608
2020-02-21,623
2020-02-24,636
2020-02-25,668
2020-02-26,694
2020-02-27,704
2020-02-28,720
2020-03-02,746
2020-03-03,752
2020-03-04,759
2020-03-05,775
2020-03-06,774
2020-03-09,775
2020-03-10,784
2020-03-11,797
2020-03-12,801
2020-03-13,802
2020-03-16,795
2020-03-17,782
2020-03-18,778
2020-03-19,770
2020-03-20,756
2020-03-23,733
2020-03-24,700
2020-03-25,667
2020-03-26,648
2020-03-27,629
2020-03-30,623
2020-03-31,605
2020-04-01,593
2020-04-02,558
2020-04-03,545
2020-04-07,537
2020-04-08,516
2020-04-09,499
2020-04-10,501
2020-04-13,478
2020-04-14,460
2020-04-15,462
2020-04-16,454
2020-04-17,457
2020-04-20,450
2020-04-21,449
2020-04-22,443
2020-04-23,441
2020-04-24,450
2020-04-27,447
2020-04-28,448
2020-04-29,437
2020-04-30,444
2020-05-06,450
2020-05-07,456
2020-05-08,455
2020-05-11,447
2020-05-12,443
2020-05-13,439
2020-05-14,451
2020-05-15,452
2020-05-18,456
2020-05-19,452
2020-05-20,442
2020-05-21,444
2020-05-22,447
2020-05-25,434
2020-05-26,430
2020-05-27,423
2020-05-28,432
2020-05-29,426
2020-06-01,438
2020-06-02,449
2020-06-03,454
2020-06-04,451
2020-06-05,447
2020-06-08,446
2020-06-09,449
2020-06-10,453
2020-06-11,454
2020-06-12,468
2020-06-15,473
2020-06-16,475
2020-06-17,479
2020-06-18,479
2020-06-19,482
2020-06-22,496
2020-06-23,509
2020-06-24,514
2020-06-29,515
2020-06-30,520
2020-07-01,530
2020-07-02,546
2020-07-03,564
2020-07-06,607
2020-07-07,654
2020-07-08,681
2020-07-09,712
2020-07-10,738
2020-07-13,765
2020-07-14,803
2020-07-15,830
2020-07-16,857
2020-07-17,864
2020-07-20,880
2020-07-21,892
2020-07-22,910
2020-07-23,919
2020-07-24,937
2020-07-27,944
2020-07-28,947
2020-07-29,951
2020-07-30,969
2020-07-31,973
2020-08-03,968
2020-08-04,956
2020-08-05,947
2020-08-06,942
2020-08-07,922
2020-08-10,918
2020-08-11,895
2020-08-12,877
2020-08-13,867
2020-08-14,861
2020-08-17,858
2020-08-18,848
2020-08-19,853
2020-08-20,835
2020-08-21,828
2020-08-24,821
2020-08-25,821
2020-08-26,818
2020-08-27,805
2020-08-28,792
2020-08-31,775
2020-09-01,752
2020-09-02,744
2020-09-03,742
2020-09-04,730
2020-09-07,723
2020-09-08,724
2020-09-09,726
2020-09-10,723
2020-09-11,715
2020-09-14,703
2020-09-15,685
2020-09-16,669
2020-09-17,664
2020-09-18,667
2020-09-21,664
2020-09-22,652
2020-09-23,636
2020-09-24,630
2020-09-25,605
2020-09-28,587
2020-09-29,566
2020-09-30,546
2020-10-09,538
2020-10-12,540
2020-10-13,529
2020-10-14,527
2020-10-15,512
2020-10-16,503
2020-10-19,507
2020-10-20,504
2020-10-21,499
2020-10-22,494
2020-10-23,490
2020-10-26,479
2020-10-27,476
2020-10-28,480
2020-10-29,487
2020-10-30,494
2020-11-02,509
2020-11-03,532
2020-11-04,544
2020-11-05,560
2020-11-06,561
2020-11-09,560
2020-11-10,560
2020-11-11,553
2020-11-12,552
2020-11-13,553
2020-11-16,541
2020-11-17,548
2020-11-18,552
2020-11-19,556
2020-11-20,553
2020-11-23,579
2020-11-24,580
2020-11-25,584
2020-11-26,588
2020-11-27,586
2020-11-30,587
2020-12-01,588
2020-12-02,597
2020-12-03,598
2020-12-04,586
2020-12-07,571
2020-12-08,561
2020-12-09,561
2020-12-10,553
2020-12-11,558
2020-12-14,552
2020-12-15,551
2020-12-16,551
2020-12-17,551
2020-12-18,553
2020-12-21,553
2020-12-22,552
2020-12-23,557
2020-12-24,560
2020-12-25,565
2020-12-28,568
2020-12-29,572
2020-12-30,564
2020-12-31,566
2021-01-04,583
2021-01-05,602
2021-01-06,613
2021-01-07,621
2021-01-08,630
2021-01-11,637
2021-01-12,645
2021-01-13,649
2021-01-14,661
2021-01-15,664
2021-01-18,662
2021-01-19,675
2021-01-20,676
2021-01-21,677
2021-01-22,685
2021-01-25,691
2021-01-26,695
2021-01-27,693
2021-01-28,686
2021-01-29,685
2021-02-01,683
2021-02-02,677
2021-02-03,675
2021-02-04,662
2021-02-05,657
2021-02-08,641
2021-02-09,629
2021-02-10,627
2021-02-18,619
2021-02-19,624
2021-02-22,634
2021-02-23,633
2021-02-24,629
2021-02-25,623
2021-02-26,620
2021-03-01,615
2021-03-02,614
2021-03-03,618
2021-03-04,615
2021-03-05,617
2021-03-08,617
2021-03-09,622
2021-03-10,616
2021-03-11,612
2021-03-12,619
2021-03-15,618
2021-03-16,617
2021-03-17,614
2021-03-18,605
2021-03-19,589
2021-03-22,575
2021-03-23,569
2021-03-24,558
2021-03-25,554
2021-03-26,553
2021-03-29,543
2021-03-30,535
2021-03-31,531
2021-04-01,525
2021-04-02,523
2021-04-06,512
2021-04-07,506
2021-04-08,507
2021-04-09,504
2021-04-12,505
2021-04-13,503
2021-04-14,497
2021-04-15,498
2021-04-16,499
2021-04-19,494
2021-04-20,489
2021-04-21,487
2021-04-22,487
2021-04-23,493
2021-04-26,495
2021-04-27,494
2021-04-28,499
2021-04-29,503
2021-04-30,514
2021-05-06,526
2021-05-07,528
2021-05-10,537
2021-05-11,539
2021-05-12,546
2021-05-13,548
2021-05-14,556
2021-05-17,563
2021-05-18,566
2021-05-19,574
2021-05-20,579
2021-05-21,580
2021-05-24,585
2021-05-25,592
2021-05-26,598
2021-05-27,598
2021-05-28,607
2021-05-31,617
2021-06-01,624
2021-06-02,627
2021-06-03,628
2021-06-04,626
2021-06-07,632
2021-06-08,637
2021-06-09,637
2021-06-10,635
2021-06-11,647
2021-06-15,642
2021-06-16,644
2021-06-17,651
2021-06-18,655
2021-06-21,669
2021-06-22,679
2021-06-23,684
2021-06-24,686
2021-06-25,689
2021-06-28,695
2021-06-29,695
2021-06-30,684
2021-07-01,685
2021-07-02,687
2021-07-05,689
2021-07-06,688
2021-07-07,687
2021-07-08,694
2021-07-09,694
2021-07-12,705
2021-07-13,709
2021-07-14,715
2021-07-15,727
2021-07-16,739
2021-07-19,740
2021-07-20,737
2021-07-21,739
2021-07-22,749
2021-07-23,763
2021-07-26,778
2021-07-27,793
2021-07-28,806
2021-07-29,806
2021-07-30,813
2021-08-02,821
2021-08-03,837
2021-08-04,863
2021-08-05,870
2021-08-06,872
2021-08-09,874
2021-08-10,873
2021-08-11,870
2021-08-12,878
2021-08-13,880
2021-08-16,884
2021-08-17,897
2021-08-18,908
2021-08-19,901
2021-08-20,907
2021-08-23,908
2021-08-24,911
2021-08-25,904
2021-08-26,912
2021-08-27,913
2021-08-30,918
2021-08-31,915
2021-09-01,931
2021-09-02,931
2021-09-03,946
2021-09-06,954
2021-09-07,953
2021-09-08,957
2021-09-09,968
2021-09-10,975
2021-09-13,985
2021-09-14,991
2021-09-15,997
2021-09-16,1003
2021-09-17,1005
2021-09-22,1002
2021-09-23,1008
2021-09-24,1000
2021-09-27,1000
2021-09-28,1000
2021-09-29,992
2021-09-30,976
2021-10-08,961
2021-10-11,949
2021-10-12,934
2021-10-13,917
2021-10-14,903
2021-10-15,890
2021-10-18,877
2021-10-19,852
2021-10-20,842
2021-10-21,830
2021-10-22,814
2021-10-25,793
2021-10-26,791
2021-10-27,784
2021-10-28,770
2021-10-29,755
2021-11-01,740
2021-11-02,751
2021-11-03,752
2021-11-04,762
2021-11-05,764
2021-11-08,762
2021-11-09,762
2021-11-10,764
2021-11-11,779
2021-11-12,793
2021-11-15,800
2021-11-16,799
2021-11-17,801
2021-11-18,806
2021-11-19,817
2021-11-22,832
2021-11-23,842
2021-11-24,840
2021-11-25,846
2021-11-26,851
2021-11-29,863
2021-11-30,868
2021-12-01,873
2021-12-02,884
2021-12-03,886
2021-12-06,895
2021-12-07,903
2021-12-08,905
2021-12-09,908
2021-12-10,910
2021-12-13,905
2021-12-14,905
2021-12-15,907
2021-12-16,904
2021-12-17,917
2021-12-20,923
2021-12-21,914
2021-12-22,898
2021-12-23,888
2021-12-24,887
2021-12-27,886
2021-12-28,879
2021-12-29,872
2021-12-30,862
2021-12-31,865
2022-01-04,871
2022-01-05,881
2022-01-06,879
2022-01-07,884
2022-01-10,887
2022-01-11,882
2022-01-12,877
2022-01-13,869
2022-01-14,864
2022-01-17,867
2022-01-18,861
2022-01-19,878
2022-01-20,875
2022-01-21,878
2022-01-24,870
2022-01-25,859
2022-01-26,855
2022-01-27,846
2022-01-28,835
2022-02-07,821
2022-02-08,804
2022-02-09,786
2022-02-10,772
2022-02-11,768
2022-02-14,754
2022-02-15,735
2022-02-16,721
2022-02-17,714
2022-02-18,700
2022-02-21,685
2022-02-22,679
2022-02-23,671
2022-02-24,692
2022-02-25,683
2022-02-28,696
2022-03-01,689
2022-03-02,698
2022-03-03,712
2022-03-04,719
2022-03-07,727
2022-03-08,734
2022-03-09,737
2022-03-10,740
2022-03-11,747
2022-03-14,750
2022-03-15,766
2022-03-16,785
2022-03-17,794
2022-03-18,800
2022-03-21,811
2022-03-22,802
2022-03-23,803
2022-03-24,784
2022-03-25,774
2022-03-28,768
2022-03-29,757
2022-03-30,763
2022-03-31,765
2022-04-01,755
2022-04-06,755
2022-04-07,743
2022-04-08,738
2022-04-11,730
2022-04-12,732
2022-04-13,730
2022-04-14,718
2022-04-15,714
2022-04-18,693
2022-04-19,684
2022-04-20,680
2022-04-21,672
2022-04-22,662
2022-04-25,663
2022-04-26,651
2022-04-27,654
2022-04-28,652
2022-04-29,654
2022-05-05,646
2022-05-06,646
2022-05-09,633
2022-05-10,634
2022-05-11,630
2022-05-12,624
2022-05-13,620
2022-05-16,622
2022-05-17,619
2022-05-18,607
2022-05-19,611
2022-05-20,607
2022-05-23,605
2022-05-24,606
2022-05-25,612
2022-05-26,609
2022-05-27,610
2022-05-30,609
2022-05-31,613
2022-06-01,617
2022-06-02,615
2022-06-06,632
2022-06-07,642
2022-06-08,650
2022-06-09,646
2022-06-10,660
2022-06-13,679
2022-06-14,688
2022-06-15,705
2022-06-16,726
2022-06-17,734
2022-06-20,750
2022-06-21,758
2022-06-22,755
2022-06-23,773
2022-06-24,780
2022-06-27,790
2022-06-28,802
2022-06-29,824
2022-06-30,838
2022-07-01,839
2022-07-04,838
2022-07-05,846
2022-07-06,842
2022-07-07,845
2022-07-08,834
2022-07-11,827
2022-07-12,823
2022-07-13,804
2022-07-14,791
2022-07-15,795
2022-07-18,785
2022-07-19,780
2022-07-20,787
2022-07-21,792
2022-07-22,782
2022-07-25,768
2022-07-26,756
2022-07-27,748
2022-07-28,751
2022-07-29,760
2022-08-01,756
2022-08-02,772
2022-08-03,778
2022-08-04,770
2022-08-05,770
2022-08-08,774
2022-08-09,773
2022-08-10,780
2022-08-11,781
2022-08-12,781
2022-08-15,773
2022-08-16,783
2022-08-17,776
2022-08-18,780
2022-08-19,787
2022-08-22,794
2022-08-23,800
2022-08-24,813
2022-08-25,823
2022-08-26,819
2022-08-29,807
2022-08-30,773
2022-08-31,765
2022-09-01,766
2022-09-02,753
2022-09-05,740
2022-09-06,728
2022-09-07,722
2022-09-08,708
2022-09-09,695
2022-09-13,688
2022-09-14,681
2022-09-15,670
2022-09-16,655
2022-09-19,632
2022-09-20,613
2022-09-21,602
2022-09-22,579
2022-09-23,559
2022-09-26,545
2022-09-27,541
2022-09-28,530
2022-09-29,516
2022-09-30,508
2022-10-10,501
2022-10-11,497
2022-10-12,499
2022-10-13,479
2022-10-14,483
2022-10-17,484
2022-10-18,482
2022-10-19,484
2022-10-20,481
2022-10-21,481
2022-10-24,491
2022-10-25,499
2022-10-26,510
2022-10-27,529
2022-10-28,544
2022-10-31,557
2022-11-01,580
2022-11-02,600
2022-11-03,616
2022-11-04,635
2022-11-07,649
2022-11-08,667
2022-11-09,669
2022-11-10,673
2022-11-11,686
2022-11-14,699
2022-11-15,715
2022-11-16,729
2022-11-17,735
2022-11-18,755
2022-11-21,741
2022-11-22,741
2022-11-23,733
2022-11-24,720
2022-11-25,710
2022-11-28,705
2022-11-29,704
2022-11-30,695
2022-12-01,702
2022-12-02,684
2022-12-05,687
2022-12-06,697
2022-12-07,710
2022-12-08,713
2022-12-09,705
2022-12-12,693
2022-12-13,681
2022-12-14,681
2022-12-15,665
2022-12-16,662
2022-12-19,645
2022-12-20,634
2022-12-21,633
2022-12-22,629
2022-12-23,621
2022-12-26,620
2022-12-27,620
2022-12-28,601
2022-12-29,589
2022-12-30,581
2023-01-03,574
2023-01-04,569
2023-01-05,561
2023-01-06,554
2023-01-09,536
2023-01-10,528
2023-01-11,530
2023-01-12,523
2023-01-13,518
2023-01-16,531
2023-01-17,523
2023-01-18,518
2023-01-19,521
2023-01-20,530
2023-01-30,544
2023-01-31,553
2023-02-01,564
2023-02-02,577
2023-02-03,579
2023-02-06,587
2023-02-07,600
2023-02-08,610
2023-02-09,617
2023-02-10,621
2023-02-13,631
2023-02-14,642
2023-02-15,661
2023-02-16,679
2023-02-17,692
2023-02-20,695
2023-02-21,697
2023-02-22,704
2023-02-23,705
2023-02-24,709
2023-02-27,686
2023-02-28,681
2023-03-01,676
2023-03-02,665
2023-03-03,658
2023-03-06,651
2023-03-07,653
2023-03-08,642
2023-03-09,640
2023-03-10,631
2023-03-13,629
2023-03-14,627
2023-03-15,621
2023-03-16,593
2023-03-17,607
2023-03-20,607
2023-03-21,603
2023-03-22,625
2023-03-23,639
2023-03-24,650
2023-03-27,671
2023-03-28,683
2023-03-29,685
2023-03-30,679
2023-03-31,679
2023-04-03,684
2023-04-04,701
2023-04-06,714
2023-04-07,725
2023-04-10,733
2023-04-11,737
2023-04-12,744
2023-04-13,752
2023-04-14,757
2023-04-17,771
2023-04-18,774
2023-04-19,786
2023-04-20,788
2023-04-21,800
2023-04-24,800
2023-04-25,801
2023-04-26,800
2023-04-27,801
2023-04-28,813
2023-05-04,824
2023-05-05,816
2023-05-08,813
2023-05-09,824
2023-05-10,821
2023-05-11,804
2023-05-12,794
2023-05-15,787
2023-05-16,777
2023-05-17,757
2023-05-18,753
2023-05-19,745
2023-05-22,733
2023-05-23,721
2023-05-24,699
2023-05-25,691
2023-05-26,677
2023-05-29,671
2023-05-30,656
2023-05-31,642
2023-06-01,638
2023-06-02,628
2023-06-05,619
2023-06-06,603
2023-06-07,596
2023-06-08,595
2023-06-09,607
2023-06-12,614
2023-06-13,607
2023-06-14,624
2023-06-15,626
2023-06-16,635
2023-06-19,642
2023-06-20,655
2023-06-21,671
2023-06-26,671
2023-06-27,674
2023-06-28,672
2023-06-29,675
2023-06-30,676
2023-07-03,672
2023-07-04,671
2023-07-05,673
2023-07-06,672
2023-07-07,668
2023-07-10,664
2023-07-11,658
2023-07-12,655
2023-07-13,656
2023-07-14,656
2023-07-17,646
2023-07-18,645
2023-07-19,625
2023-07-20,606
2023-07-21,598
2023-07-24,586
2023-07-25,584
2023-07-26,582
2023-07-27,581
2023-07-28,574
2023-07-31,578
2023-08-01,584
2023-08-02,581
2023-08-03,580
2023-08-04,592
2023-08-07,593
2023-08-08,585
2023-08-09,580
2023-08-10,567
2023-08-11,553
2023-08-14,555
2023-08-15,544
2023-08-16,546
2023-08-17,543
2023-08-18,549
2023-08-21,541
2023-08-22,531
2023-08-23,524
2023-08-24,523
2023-08-25,517
2023-08-28,512
2023-08-29,520
2023-08-30,518
2023-08-31,516
2023-09-01,518
2023-09-04,521
2023-09-05,527
2023-09-06,534
2023-09-07,538
2023-09-08,539
2023-09-11,547
2023-09-12,550
2023-09-13,554
2023-09-14,553
2023-09-15,555
2023-09-18,556
2023-09-19,557
2023-09-20,559
2023-09-21,550
2023-09-22,541
2023-09-25,517
2023-09-26,503
2023-09-27,489
2023-09-28,491
2023-10-09,490
2023-10-10,484
2023-10-11,487
2023-10-12,492
2023-10-13,491
2023-10-16,493
2023-10-17,492
2023-10-18,496
2023-10-19,503
2023-10-20,498
2023-10-23,492
2023-10-24,490
2023-10-25,497
2023-10-26,500
2023-10-27,521
2023-10-30,527
2023-10-31,533
2023-11-01,537
2023-11-02,548
2023-11-03,557
2023-11-06,582
2023-11-07,598
2023-11-08,614
2023-11-09,619
2023-11-10,609
2023-11-13,606
2023-11-14,614
2023-11-15,634
2023-11-16,638
2023-11-17,650
2023-11-20,657
2023-11-21,672
2023-11-22,661
2023-11-23,665
2023-11-24,663
2023-11-27,647
2023-11-28,643
2023-11-29,644
2023-11-30,659
2023-12-01,660
2023-12-04,643
2023-12-05,637
2023-12-06,616
2023-12-07,618
2023-12-08,627
2023-12-11,631
2023-12-12,622
2023-12-13,605
2023-12-14,597
2023-12-15,595
2023-12-18,589
2023-12-19,565
2023-12-20,557
2023-12-21,550
2023-12-22,550
2023-12-25,542
2023-12-26,528
2023-12-27,517
2023-12-28,523
2023-12-29,522
2024-01-02,521
2024-01-03,503
2024-01-04,492
2024-01-05,490
2024-01-08,477
2024-01-09,474
2024-01-10,463
2024-01-11,462
2024-01-12,464
2024-01-15,458
2024-01-16,456
2024-01-17,458
2024-01-18,467
2024-01-19,466
2024-01-22,461
2024-01-23,462
2024-01-24,467
2024-01-25,487
2024-01-26,474
2024-01-29,478
2024-01-30,473
2024-01-31,479
2024-02-01,478
2024-02-02,486
2024-02-05,489
2024-02-06,496
2024-02-07,513
2024-02-08,521
2024-02-19,532
2024-02-20,537
2024-02-21,549
2024-02-22,557
2024-02-23,569
2024-02-26,593
2024-02-27,596
2024-02-28,631
2024-02-29,641
2024-03-01,653
2024-03-04,661
2024-03-05,666
2024-03-06,672
2024-03-07,681
2024-03-08,699
2024-03-11,703
2024-03-12,707
2024-03-13,716
2024-03-14,702
2024-03-15,699
2024-03-18,705
2024-03-19,720
2024-03-20,715
2024-03-21,732
2024-03-22,745
2024-03-25,747
2024-03-26,747
2024-03-27,735
2024-03-28,733
2024-03-29,723
2024-04-01,722
2024-04-02,726
2024-04-03,731
2024-04-08,726
2024-04-09,731
2024-04-10,725
2024-04-11,706
2024-04-12,692
2024-04-15,698
2024-04-16,699
2024-04-17,698
2024-04-18,676
2024-04-19,674
2024-04-22,666
2024-04-23,647
2024-04-24,636
2024-04-25,633
2024-04-26,640
2024-04-29,649
2024-04-30,666
2024-05-06,682
2024-05-07,679
2024-05-08,681
2024-05-09,684
2024-05-10,696
2024-05-13,709
2024-05-14,705
2024-05-15,699
2024-05-16,685
2024-05-17,682
2024-05-20,694
2024-05-21,689
2024-05-22,691
2024-05-23,691
2024-05-24,691
2024-05-27,687
2024-05-28,681
2024-05-29,668
2024-05-30,653
2024-05-31,642
2024-06-03,641
2024-06-04,632
2024-06-05,624
2024-06-06,618
2024-06-07,606
2024-06-11,596
2024-06-12,587
2024-06-13,580
2024-06-14,589
2024-06-17,580
2024-06-18,574
2024-06-19,568
2024-06-20,556
2024-06-21,550
2024-06-24,547
2024-06-25,541
2024-06-26,528
2024-06-27,520
2024-06-28,519
2024-07-01,504
2024-07-02,493
2024-07-03,489
2024-07-04,479
2024-07-05,465
2024-07-08,459
2024-07-09,455
2024-07-10,458
2024-07-11,461
2024-07-12,447
2024-07-15,444
2024-07-16,430
2024-07-17,430
2024-07-18,424
2024-07-19,423
2024-07-22,421
2024-07-23,419
2024-07-24,420
2024-07-25,415
2024-07-26,407
2024-07-29,402
2024-07-30,403
2024-07-31,418
2024-08-01,425
2024-08-02,437
2024-08-05,444
2024-08-06,441
2024-08-07,439
2024-08-08,439
2024-08-09,423
2024-08-12,422
2024-08-13,417
2024-08-14,411
2024-08-15,408
2024-08-16,404
2024-08-19,402
2024-08-20,395
2024-08-21,388
2024-08-22,390
2024-08-23,383
2024-08-26,385
2024-08-27,384
2024-08-28,360
2024-08-29,342
2024-08-30,351
2024-09-02,354
2024-09-03,351
2024-09-04,351
2024-09-05,348
2024-09-06,341
2024-09-09,344
2024-09-10,341
2024-09-11,343
2024-09-12,339
2024-09-13,341
2024-09-18,337
2024-09-19,341
2024-09-20,335
2024-09-23,334
2024-09-24,357
2024-09-25,389
2024-09-26,419
2024-09-27,463
2024-09-30,558
2024-10-08,681
2024-10-09,771
2024-10-10,836
2024-10-11,874
2024-10-14,927
2024-10-15,972
2024-10-16,995
2024-10-17,1023
2024-10-18,1081
2024-10-21,1125
2024-10-22,1188
2024-10-23,1238
2024-10-24,1277
2024-10-25,1330
2024-10-28,1395
2024-10-29,1434
2024-10-30,1457
2024-10-31,1501
2024-11-01,1532
2024-11-04,1494
2024-11-05,1430
2024-11-06,1426
2024-11-07,1438
2024-11-08,1472
2024-11-11,1505
2024-11-12,1550
2024-11-13,1569
2024-11-14,1578
2024-11-15,1579
2024-11-18,1565
2024-11-19,1548
2024-11-20,1549
2024-11-21,1544
2024-11-22,1552
2024-11-25,1548
2024-11-26,1515
2024-11-27,1503
2024-11-28,1483
2024-11-29,1463
2024-12-02,1476
2024-12-03,1449
2024-12-04,1420
2024-12-05,1383
2024-12-06,1361
2024-12-09,1338
2024-12-10,1318
2024-12-11,1317
2024-12-12,1327
2024-12-13,1350
2024-12-16,1355
2024-12-17,1374
2024-12-18,1360
2024-12-19,1347
2024-12-20,1336
2024-12-23,1343
2024-12-24,1338
2024-12-25,1334
2024-12-26,1325
2024-12-27,1314
2024-12-30,1295
2024-12-31,1276
2025-01-02,1265
2025-01-03,1266
2025-01-06,1227
2025-01-07,1202
2025-01-08,1162
2025-01-09,1123
2025-01-10,1085
2025-01-13,1045
2025-01-14,1026
2025-01-15,1010
2025-01-16,1004
2025-01-17,992
2025-01-20,968
2025-01-21,944
2025-01-22,931
2025-01-23,926
2025-01-24,919
2025-01-27,902
2025-02-05,898
2025-02-06,907
2025-02-07,922
2025-02-10,945
2025-02-11,973
2025-02-12,991
2025-02-13,1023
2025-02-14,1048
2025-02-17,1088
2025-02-18,1119
2025-02-19,1133
2025-02-20,1140
2025-02-21,1170
2025-02-24,1203
2025-02-25,1219
2025-02-26,1245
2025-02-27,1281
2025-02-28,1299
2025-03-03,1328
2025-03-04,1338
2025-03-05,1359
2025-03-06,1384
2025-03-07,1378
2025-03-10,1372
2025-03-11,1383
2025-03-12,1396
2025-03-13,1396
2025-03-14,1399
2025-03-17,1394
2025-03-18,1395
2025-03-19,1397
2025-03-20,1397
2025-03-21,1371
2025-03-24,1359
2025-03-25,1340
2025-03-26,1306
2025-03-27,1282
2025-03-28,1244
2025-03-31,1236
2025-04-01,1225
2025-04-02,1202
2025-04-03,1170
2025-04-07,1159
2025-04-08,1164
2025-04-09,1188
2025-04-10,1188
2025-04-11,1175
2025-04-14,1154
2025-04-15,1117
2025-04-16,1097
2025-04-17,1079
2025-04-18,1062
2025-04-21,1043
2025-04-22,1028
2025-04-23,1021
2025-04-24,1028
2025-04-25,1018
2025-04-28,1008
2025-04-29,997
2025-04-30,1002
2025-05-06,1016
2025-05-07,1034
2025-05-08,1028
2025-05-09,1016
2025-05-12,998
2025-05-13,998
2025-05-14,993
2025-05-15,987
2025-05-16,995
2025-05-19,989
2025-05-20,996
2025-05-21,1019
2025-05-22,1038
2025-05-23,1041
2025-05-26,1041
2025-05-27,1031
2025-05-28,1025
2025-05-29,1021
2025-05-30,1040
2025-06-03,1036
2025-06-04,1024
2025-06-05,1021
2025-06-06,1003
2025-06-09,1007
2025-06-10,1008
2025-06-11,1002
2025-06-12,1000
2025-06-13,1021
2025-06-16,1022
2025-06-17,1030
2025-06-18,1028
2025-06-19,1024
2025-06-20,1025
2025-06-23,1027
2025-06-24,1056
2025-06-25,1083
2025-06-26,1109
2025-06-27,1123
2025-06-30,1129
2025-07-01,1138
2025-07-02,1155
2025-07-03,1158
2025-07-04,1167
2025-07-07,1159
2025-07-08,1157
2025-07-09,1169
2025-07-10,1185
2025-07-11,1180
2025-07-14,1205
2025-07-15,1225
2025-07-16,1240
2025-07-17,1256
2025-07-18,1280
2025-07-21,1306
2025-07-22,1321
2025-07-23,1346
2025-07-24,1354
2025-07-25,1379
2025-07-28,1394
2025-07-29,1387
2025-07-30,1399
2025-07-31,1421
2025-08-01,1419
2025-08-04,1436
2025-08-05,1445
2025-08-06,1466
2025-08-07,1490
2025-08-08,1495
2025-08-11,1516
2025-08-12,1525
2025-08-13,1549
2025-08-14,1563
2025-08-15,1585
2025-08-18,1612
2025-08-19,1625
2025-08-20,1631
2025-08-21,1659
2025-08-22,1676
2025-08-25,1723
2025-08-26,1742
2025-08-27,1796
2025-08-28,1819
2025-08-29,1835
2025-09-01,1860
2025-09-02,1883
2025-09-03,1895
2025-09-04,1906
2025-09-05,1917
2025-09-08,1921
2025-09-09,1914
2025-09-10,1904
2025-09-11,1893
2025-09-12,1897
2025-09-15,1855
2025-09-16,1839
2025-09-17,1821
2025-09-18,1827
2025-09-19,1818
2025-09-22,1782
2025-09-23,1761
2025-09-24,1725
2025-09-25,1698
2025-09-26,1679
2025-09-29,1661
2025-09-30,1639
2025-10-09,1646
2025-10-10,1657
2025-10-13,1667
2025-10-14,1672
2025-10-15,1673
2025-10-16,1671
2025-10-17,1669
2025-10-20,1636
2025-10-21,1632
2025-10-22,1612
2025-10-23,1587
2025-10-24,1546
2025-10-27,1528
2025-10-28,1526
2025-10-29,1522
2025-10-30,1527
2025-10-31,1528
2025-11-03,1539
2025-11-04,1526
2025-11-05,1521
2025-11-06,1511
2025-11-07,1510
2025-11-10,1507
2025-11-11,1499
2025-11-12,1501
2025-11-13,1497
2025-11-14,1501
2025-11-17,1503
2025-11-18,1511
2025-11-19,1508
2025-11-20,1507
2025-11-21,1514
2025-11-24,1501
2025-11-25,1504
2025-11-26,1489
2025-11-27,1472
2025-11-28,1436
2025-12-01,1422
2025-12-02,1415
2025-12-03,1404
2025-12-04,1397
2025-12-05,1395
2025-12-08,1392
2025-12-09,1390
2025-12-10,1377
2025-12-11,1348
2025-12-12,1356
2025-12-15,1337
2025-12-16,1333
2025-12-17,1324
2025-12-18,1326
2025-12-19,1313
2025-12-22,1311
2025-12-23,1317
2025-12-24,1317
2025-12-25,1325
2025-12-26,1345
2025-12-29,1355
2025-12-30,1361
2025-12-31,1363
2026-01-05,1399
2026-01-06,1426
2026-01-07,1451
2026-01-08,1481
2026-01-09,1512
2026-01-12,1567
2026-01-13,1620
2026-01-14,1693
2026-01-15,1722
2026-01-16,1758
2026-01-19,1793
2026-01-20,1822
2026-01-21,1854
2026-01-22,1871
2026-01-23,1902
2026-01-26,1942
2026-01-27,1967
2026-01-28,1993
2026-01-29,2034
2026-01-30,2057
2026-02-02,2075
2026-02-03,2056
2026-02-04,2042
2026-02-05,2030
2026-02-06,2013
2026-02-09,1974
2026-02-10,1929
2026-02-11,1866
2026-02-12,1843
2026-02-13,1805
2026-02-24,1787
2026-02-25,1771
2026-02-26,1759
2026-02-27,1758
2026-03-02,1753
2026-03-03,1748
2026-03-04,1727
2026-03-05,1711
2026-03-06,1688
2026-03-09,1688
2026-03-10,1680
2026-03-11,1688
2026-03-12,1683
2026-03-13,1693
2026-03-16,1702
2026-03-17,1704
2026-03-18,1703
2026-03-19,1711
2026-03-20,1718
2026-03-23,1731
2026-03-24,1728
2026-03-25,1713
2026-03-26,1702
2026-03-27,1691
2026-03-30,1652
2026-03-31,1614
2026-04-01,1597
2026-04-02,1585
2026-04-03,1572
2026-04-07,1541
2026-04-08,1530
2026-04-09,1520
2026-04-10,1493
2026-04-13,1494
2026-04-14,1492
2026-04-15,1492
2026-04-16,1505
2026-04-17,1513
2026-04-20,1524
2026-04-21,1509
2026-04-22,1509
2026-04-23,1522
2026-04-24,1525
2026-04-27,1537
2026-04-28,1552
2026-04-29,1566
2026-04-30,1577
2026-05-06,1607
2026-05-07,1637
2026-05-08,1672
2026-05-11,1695
2026-05-12,1722
2026-05-13,1748
2026-05-14,1770
2026-05-15,1794
2026-05-18,1812
2026-05-19,1828
2026-05-20,1851
2026-05-21,1866
2026-05-22,1871
2026-05-25,1883
2026-05-26,1884
2026-05-27,1891
2026-05-28,1899
2026-05-29,1918
2026-06-01,1918
2026-06-02,1920
2026-06-03,1904
2026-06-04,1881
2026-06-05,1879
2026-06-08,1850
2026-06-09,1817
2026-06-10,1788
2026-06-11,1758
2026-06-12,1741
2026-06-15,1747
2026-06-16,1751
2026-06-17,1750
2026-06-18,1729
2026-06-22,1740
2026-06-23,1742
2026-06-24,1742
2026-06-25,1740
2026-06-26,1737
2026-06-29,1717
2026-06-30,1715
2026-07-01,1720
2026-07-02,1718
2026-07-03,1728
2026-07-06,1718
2026-07-07,1717
2026-07-08,1708
2026-07-09,1703
