date,code,side,price,shares,fee,reason,signal_date,stop,target,fill_id,candidate_id,order_intent_id,pending_order_id,requested_shares,allowed_at_open_shares,signal_close,next_open,opening_gap
2026-01-06,002985,buy,32.11605,400,5.0,strategy_v5_alpha_ranked_entry,2026-01-05,30.8994,36.20142857142857,fill_eaae38601ea1bcbd,cand_ce317c6ee7bc3126,intent_bec463ec5e3e2485,pend_30a828fe427b235b,400,400,32.37,32.1,-0.00784522706209445
2026-01-06,600219,buy,5.552775,2700,5.149924925,strategy_v5_alpha_ranked_entry,2026-01-05,5.311599999999999,6.04,fill_3c642eea09e515a7,cand_bae279a13562ebe9,intent_30242dacd1b63401,pend_fd49f9a63cf0c03b,2700,2700,5.5,5.55,0.009595454545454407
2026-01-06,603306,buy,65.81289,100,5.06581289,strategy_v5_alpha_ranked_entry,2026-01-05,62.523999999999994,74.87857142857143,fill_9fbc885460125d10,cand_3886998a0f3c29d6,intent_b86d79e9dd9fbb27,pend_82a255c5b014f708,100,100,65.78,65.78,0.0004999999999999449
2026-01-06,000933,buy,29.324654999999996,100,5.0,strategy_v5_alpha_ranked_entry,2026-01-05,27.6948,31.523571428571426,fill_b7b78b7ac9524f2a,cand_9eeec22227227f43,intent_36ddd8c674426ba4,pend_7a2271da68bea487,100,100,28.47,29.31,0.030019494204425623
2026-01-06,002446,buy,10.625309999999999,200,5.0,strategy_v5_alpha_ranked_entry,2026-01-05,10.29,12.602142857142857,fill_8b771b2157f6ba60,cand_ff067ca99be3ba78,intent_70209a6ae577fbac,pend_ac406a76af91b4f1,200,200,10.77,10.62,-0.01343454038997216
2026-01-09,603306,sell,63.668150000000004,100,8.247075650000001,three_bars_no_high,2026-01-08,62.523999999999994,74.87857142857143,fill_63f83ed85eec76ef,cand_3886998a0f3c29d6,intent_b86d79e9dd9fbb27,pend_4a7a32e0f8ef5ece,100,100,65.78,63.7,-0.009177165966713363
2026-01-12,600320,buy,5.292644999999999,1000,5.05292645,strategy_v5_alpha_ranked_entry,2026-01-09,5.0568,5.795,fill_28f689f270286a15,cand_5e5f3cc8567452b2,intent_044d1ac59db2e27c,pend_7223cdbeac4c088f,1000,1000,5.3,5.29,-0.0013877358490567149
2026-01-13,600219,sell,5.7671149999999995,2700,12.941317354999999,three_bars_no_high,2026-01-12,5.483,6.04,fill_4b7853ee54506c4e,cand_bae279a13562ebe9,intent_30242dacd1b63401,pend_f13c9e56fe49430a,2700,2700,5.5,5.77,0.0017361111111111605
2026-01-13,002446,sell,13.873060000000002,200,6.387306000000001,target_close_confirmed,2026-01-12,11.988571428571428,12.602142857142857,fill_8ed4ea44566effff,cand_ff067ca99be3ba78,intent_70209a6ae577fbac,pend_93d6c148233a2cdc,200,200,10.77,13.88,0.03814510097232615
2026-01-14,601100,buy,119.81988,100,5.11981988,strategy_v5_alpha_ranked_entry,2026-01-13,116.0516,136.77,fill_22e35b7909ac9a01,cand_c16bcfd86f9e9cc5,intent_9533a159d8298a8a,pend_ac917c2656dc8ef8,100,100,120.29,119.76,-0.003908221797323197
2026-01-14,601212,buy,6.7033499999999995,1000,5.0670335,strategy_v5_alpha_ranked_entry,2026-01-13,6.1642,7.675000000000001,fill_637064ed72586454,cand_6215266782bf8ea7,intent_9b8f4825756334ba,pend_83c4b9311d1bb57f,1000,1000,6.55,6.7,0.023412213740457988
2026-01-15,600320,sell,5.11744,1000,7.6098944,three_bars_no_high,2026-01-14,5.0568,5.795,fill_6e58d034dc54de18,cand_5e5f3cc8567452b2,intent_044d1ac59db2e27c,pend_d21d5bea5f933461,1000,1000,5.3,5.12,-0.0019493177387913674
2026-01-15,601100,sell,112.9435,100,10.7601185,close_stop,2026-01-14,116.0516,136.77,fill_504adf699843ff24,cand_c16bcfd86f9e9cc5,intent_9533a159d8298a8a,pend_c9be20ae4f51b4e3,100,100,120.29,113.0,-0.010507880910682998
2026-01-16,002985,sell,33.513235,400,11.702646999999999,close_stop,2026-01-15,33.598,36.20142857142857,fill_2c62351c26b613ee,cand_ce317c6ee7bc3126,intent_bec463ec5e3e2485,pend_eb303903b806e611,400,400,32.37,33.53,0.0023916292974588416
2026-01-16,601212,add,7.0035,700,5.0490245,pyramid_add,2026-01-15,6.6444,8.422142857142857,fill_101c1a246ccd95a0,cand_6215266782bf8ea7,intent_344da1324e63cb3b,pend_90fbfa8b7088c9c2,700,700,7.16,7.0,-0.021857541899441335
2026-01-16,002957,buy,24.11205,400,5.0,strategy_v5_alpha_ranked_entry,2026-01-15,22.736,26.635,fill_86392d7a8d31118d,cand_fd80f613e72b90ae,intent_4c4ffec47b67f98d,pend_962e0bb4fc8d23c0,400,600,24.01,24.1,0.0042503123698458545
2026-01-16,600650,buy,16.88844,800,5.13510752,strategy_v5_alpha_ranked_entry,2026-01-15,16.718799999999998,19.020714285714284,fill_4e6e5e029ea8d3f9,cand_235d13b697e8cbfa,intent_b3e451c7af22e7d9,pend_f1a1be876f754604,800,900,17.12,16.88,-0.013525700934579499
2026-01-19,002957,add,24.222105,200,5.0,pyramid_add,2026-01-16,23.2946,26.959285714285716,fill_762f96a75c2d3ddc,cand_fd80f613e72b90ae,intent_00c3dda9639c933a,pend_2fcd790dad23eff8,200,200,24.3,24.21,-0.0032055555555555726
2026-01-19,600650,sell,16.081955,800,11.56143764,close_stop,2026-01-16,16.718799999999998,19.020714285714284,fill_6948e82527c66a8d,cand_235d13b697e8cbfa,intent_b3e451c7af22e7d9,pend_cfb6b59ef272a43c,800,800,17.12,16.09,-0.020693852708460136
2026-01-19,688147,buy,79.05950999999999,100,5.07905951,strategy_v5_alpha_ranked_entry,2026-01-16,74.28399999999999,93.56357142857144,fill_d6065580fd3e2a36,cand_8d1c58764c6021b6,intent_832646cccfe2dd73,pend_e6462b3e6c8cbc19,100,100,79.5,79.02,-0.005540754716981233
2026-01-20,000933,sell,31.934025000000002,100,6.596701250000001,target_close_confirmed,2026-01-19,30.421,31.523571428571426,fill_97834f5d897cc32c,cand_9eeec22227227f43,intent_36ddd8c674426ba4,pend_7418fe8ea85e8a76,100,100,28.47,31.95,0.006299212598425141
2026-01-20,600487,buy,27.4137,100,5.0274137,strategy_v5_alpha_ranked_entry,2026-01-19,26.3718,30.035000000000004,fill_8e7bd0cbc32196bd,cand_a72535d507262df6,intent_34580949fcddf879,pend_a3e16024ae51708e,100,200,27.08,27.4,0.012322747415066448
2026-01-22,601212,sell,8.245875,1700,12.149173625,target_close_confirmed,2026-01-21,7.585714285714285,8.422142857142857,fill_d156fa572e404d27,cand_6215266782bf8ea7,intent_9b8f4825756334ba,pend_9fbb0c1d7698ceab,1700,1700,6.55,8.25,-0.037339556592765444
2026-01-22,688147,sell,78.410775,100,8.998949525,three_bars_no_high,2026-01-21,74.28399999999999,93.56357142857144,fill_06ae582f39113c7b,cand_8d1c58764c6021b6,intent_832646cccfe2dd73,pend_45cbb539dd77e527,100,100,79.5,78.45,0.007318952234206533
2026-01-23,300739,buy,20.009999999999998,700,5.0,strategy_v5_alpha_ranked_entry,2026-01-22,18.963,22.240000000000002,fill_29e864f946bdb444,cand_37738499082f6485,intent_9b13edd2442e3f38,pend_2ec38b15f46414b8,700,700,20.01,20.0,-2.220446049250313e-16
2026-01-23,002080,buy,41.350665,200,5.0,strategy_v5_alpha_ranked_entry,2026-01-22,38.416000000000004,46.7,fill_93d99f0743fd0f06,cand_60247cc3ece7e7cb,intent_4445a9feff8df63b,pend_530d192c0fc13ec3,200,200,41.14,41.33,0.005120685464268249
2026-01-26,002585,buy,7.8739349999999995,200,5.0,strategy_v5_alpha_ranked_entry,2026-01-23,7.408799999999999,9.19,fill_44139a2462a526cd,cand_0c02e42f10a599b5,intent_646aceeb4bfb4d3a,pend_3176d2aa5df0db8d,200,200,7.99,7.87,-0.014526282853567052
2026-01-27,002957,sell,23.86806,600,12.160418,time_stop,2026-01-26,23.2946,26.959285714285716,fill_20d44dd7043d9d8c,cand_fd80f613e72b90ae,intent_4c4ffec47b67f98d,pend_f2096591aaa4a2b3,600,600,24.01,23.88,-0.014444903012794108
2026-01-27,600487,sell,30.68465,100,6.56491715,target_close_confirmed,2026-01-26,28.175714285714285,30.035000000000004,fill_409d1e93d2670e87,cand_a72535d507262df6,intent_34580949fcddf879,pend_dda39c59149ee976,100,100,27.08,30.7,-0.009996775233795607
2026-01-28,002080,sell,38.9805,200,8.89805,three_bars_no_high,2026-01-27,38.416000000000004,46.7,fill_d6353e29c0ee1d56,cand_60247cc3ece7e7cb,intent_4445a9feff8df63b,pend_ae39234887bd0498,200,200,41.14,39.0,-0.000768639508070712
2026-01-29,300739,sell,19.240375,700,11.73413125,three_bars_no_high,2026-01-28,18.963,22.240000000000002,fill_e52b079a98b96cd2,cand_37738499082f6485,intent_9b13edd2442e3f38,pend_8e1c23da86a67589,700,700,20.01,19.25,-0.0041386445938954575
2026-01-29,002585,sell,7.286355,200,5.7286355,three_bars_no_high,2026-01-28,7.408799999999999,9.19,fill_dda0abf5834f1a4f,cand_0c02e42f10a599b5,intent_646aceeb4bfb4d3a,pend_f18dd90f83947170,200,200,7.99,7.29,-0.036988110964332965
2026-01-29,601857,buy,10.90545,1300,5.14177085,strategy_v5_alpha_ranked_entry,2026-01-28,10.3194,11.815714285714286,fill_eb995b2797042992,cand_d779e30efdc34a5d,intent_29f1fae98aa5815a,pend_a110c18a16c21627,1400,1300,10.77,10.9,0.01257660167130914
2026-01-29,688601,buy,56.258115,200,5.11251623,strategy_v5_alpha_ranked_entry,2026-01-28,52.8024,65.15642857142856,fill_00065775f59b7321,cand_d9c1cec06fc40e26,intent_0b6449b257bb868d,pend_6d1d1f149782443e,200,200,56.54,56.23,-0.004985585426246941
2026-01-29,300708,buy,10.38519,1300,5.0,strategy_v5_alpha_ranked_entry,2026-01-28,9.9274,11.8,fill_ce3309eb15eaec42,cand_581e18fb6938cb4d,intent_1a43dc3f1aa67584,pend_0f5c0206ea51ea1e,1300,1400,10.51,10.38,-0.011875356803044745
2026-01-30,300863,buy,55.097535,200,5.0,strategy_v5_alpha_ranked_entry,2026-01-29,53.76279999999999,58.47,fill_a19f4e4c96f34ce3,cand_26d34deafb8c80f6,intent_b18aa654f8c79478,pend_1fb0daa56318282a,200,200,55.0,55.07,0.0017733636363637117
2026-02-02,688601,sell,50.57470000000001,200,10.158619400000003,close_stop,2026-01-30,52.8024,65.15642857142856,fill_6e4d02e9f82df300,cand_d9c1cec06fc40e26,intent_0b6449b257bb868d,pend_ee805f73f796b480,200,200,56.54,50.6,-0.007259172061997221
2026-02-02,300863,sell,60.41977500000001,200,11.041977500000002,target_close_confirmed,2026-01-30,58.444,58.47,fill_01519250d2d5026a,cand_26d34deafb8c80f6,intent_b18aa654f8c79478,pend_575a017072ec604a,200,200,55.0,60.45,0.00016545334215756213
2026-02-02,002970,buy,61.49073,200,5.0,strategy_v5_alpha_ranked_entry,2026-01-30,58.2904,69.96357142857143,fill_60e907a13ac9baba,cand_1ff9618e6e6f76cc,intent_83b2d95106d892ae,pend_2adb2a06707464ea,200,200,61.51,61.46,-0.0003132823931067952
2026-02-03,300708,sell,10.044975,1300,11.52923375,close_stop,2026-02-02,9.9274,11.8,fill_8fc7c317b0a061f8,cand_581e18fb6938cb4d,intent_1a43dc3f1aa67584,pend_fc7a1864d84358b8,1300,1300,10.51,10.05,0.014127144298688332
2026-02-03,000415,buy,4.36218,2500,5.0,strategy_v5_alpha_ranked_entry,2026-02-02,4.2238,4.55,fill_022db3d841e7b52d,cand_2696e5d1b52bfb37,intent_7ede09b417116cf3,pend_c409017205090fdf,2500,3400,4.33,4.36,0.0074318706697460435
2026-02-04,688155,buy,97.51873499999999,100,5.097518735,strategy_v5_alpha_ranked_entry,2026-02-03,90.16,119.61642857142859,fill_acaf3ce1a30a5ef2,cand_8548b3fbdecebfc0,intent_e885a92f1d94b4df,pend_a1ff7d981c688b03,100,100,97.98,97.47,-0.004707746478873398
2026-02-04,300398,buy,27.83391,500,5.0,strategy_v5_alpha_ranked_entry,2026-02-03,26.509,32.42,fill_f4c08ae9723bdd8c,cand_707c5b49dfa1527f,intent_6aec17891f31706d,pend_0780efd3d85cea73,500,500,28.23,27.82,-0.014030818278427226
2026-02-05,601857,sell,10.604695,1300,12.030912785,three_bars_no_high,2026-02-04,10.3194,11.815714285714286,fill_3cb5eba4fdb1ca86,cand_d779e30efdc34a5d,intent_29f1fae98aa5815a,pend_11af8e8d76756c6e,1300,1300,10.77,10.61,0.004734848484848397
2026-02-05,000415,sell,4.587705,2500,10.73463125,target_close_confirmed,2026-02-04,4.486,4.55,fill_c6a62d6e8bc62fb5,cand_2696e5d1b52bfb37,intent_7ede09b417116cf3,pend_e91dc02a79edb562,2500,2500,4.33,4.59,-0.004338394793926392
2026-02-06,002970,sell,72.28384,200,12.228384,target_close_confirmed,2026-02-05,65.33,69.96357142857143,fill_79851cc23246ef14,cand_1ff9618e6e6f76cc,intent_83b2d95106d892ae,pend_b1cfaee4e1e54cd4,200,200,61.51,72.32,-0.005773989551828507
2026-02-06,300398,sell,25.757115000000002,500,11.43927875,close_stop,2026-02-05,26.509,32.42,fill_0f3e0a39413c58a0,cand_707c5b49dfa1527f,intent_6aec17891f31706d,pend_b7f025a8f7d1ffa4,500,500,28.23,25.77,-0.017911585365853577
2026-02-06,600233,buy,17.908949999999997,800,5.1432716,strategy_v5_alpha_ranked_entry,2026-02-05,17.346,19.70285714285714,fill_c03ec6044519f302,cand_605e77e38be63654,intent_c75b9b0171e3983c,pend_6f9ff936de3f03f3,800,800,18.13,17.9,-0.012192498621070191
2026-02-10,688155,sell,92.9535,100,9.7406285,three_bars_no_high,2026-02-09,90.16,119.61642857142859,fill_d91264058202ab13,cand_8548b3fbdecebfc0,intent_e885a92f1d94b4df,pend_9ae91140136dee3a,100,100,97.98,93.0,-0.004282655246252709
2026-02-10,300739,buy,20.43021,700,5.0,strategy_v5_alpha_ranked_entry,2026-02-09,19.5412,23.3,fill_1807366d3d266d16,cand_69e00d7dd88d239b,intent_6fbafeb829367332,pend_10b777c5c8d0c777,700,700,20.71,20.42,-0.013509898599710413
2026-02-10,603876,buy,18.26913,800,5.14615304,strategy_v5_alpha_ranked_entry,2026-02-09,17.659599999999998,21.32,fill_47a3c3187871c3fb,cand_e87ae7d2ea64838f,intent_349f4d2fd5e13361,pend_f330ecb1216a1d4a,800,800,18.35,18.26,-0.00440708446866489
2026-02-10,001896,buy,6.803399999999999,2200,5.0,strategy_v5_alpha_ranked_entry,2026-02-09,6.4386,7.524285714285714,fill_cc60071011694330,cand_1c83a73d5dfe7b57,intent_5096165b10e40413,pend_4efa872e24447861,2200,2200,6.77,6.8,0.0049335302806499115
2026-02-11,600233,sell,17.901045,800,12.303626359999999,three_bars_no_high,2026-02-10,17.346,19.70285714285714,fill_3af37f8e7908f593,cand_605e77e38be63654,intent_c75b9b0171e3983c,pend_aab73cd569998b2b,800,800,18.13,17.91,-0.0005580357142858094
2026-02-11,603876,add,18.709349999999997,200,5.0374187,pyramid_add,2026-02-10,17.679199999999998,21.806428571428572,fill_b38c138fcbdce2cc,cand_e87ae7d2ea64838f,intent_f3b11d566ed79bde,pend_969e03290f6601d5,200,200,18.8,18.7,-0.0048218085106385145
2026-02-11,300408,buy,56.058015,100,5.0,strategy_v5_alpha_ranked_entry,2026-02-10,53.70399999999999,64.11500000000001,fill_cb6be1e015610adb,cand_e1233d32cdafcfb8,intent_6da22227eb6b082f,pend_c97daf03aa4d408d,100,100,56.75,56.03,-0.012193568281938405
2026-02-12,001896,sell,8.285855,2200,14.1144405,target_close_confirmed,2026-02-11,6.974285714285714,7.524285714285714,fill_672ae626fd72863f,cand_1c83a73d5dfe7b57,intent_5096165b10e40413,pend_2ca93b65e611733e,2200,2200,6.77,8.29,0.09946949602122013
2026-02-12,300738,buy,25.79289,500,5.0,strategy_v5_alpha_ranked_entry,2026-02-11,23.7944,29.69,fill_66f53629001ee403,cand_29debcf2b6bc58c2,intent_4befd1f8e998b36b,pend_684aacc00782e571,600,500,25.28,25.78,0.020288370253164434
2026-02-13,300738,add,25.8129,200,5.0,pyramid_add,2026-02-12,24.5686,31.792142857142856,fill_eef1650913485fba,cand_29debcf2b6bc58c2,intent_05b0b94b63ff4bd4,pend_04cf70dd696d7196,200,200,26.6,25.8,-0.02959022556390989
2026-02-13,600388,buy,18.959474999999998,100,5.018959475,strategy_v5_alpha_ranked_entry,2026-02-12,18.1986,21.11642857142857,fill_8f4af2e5e03c0fc5,cand_2be882fe46977565,intent_00b1d62912cd678d,pend_22f7d7df0f720d06,100,100,19.01,18.95,-0.002657811678064337
2026-02-25,300739,sell,24.287850000000002,700,13.500747500000001,target_close_confirmed,2026-02-24,22.521428571428572,23.3,fill_602c9086e642a120,cand_69e00d7dd88d239b,intent_6fbafeb829367332,pend_638f9dd1201d825f,700,700,20.71,24.3,-0.029165001997602857
2026-02-25,300408,sell,67.96600000000001,100,8.3983,target_close_confirmed,2026-02-24,59.612857142857145,64.11500000000001,fill_6c0dc3d5dcb36a87,cand_e1233d32cdafcfb8,intent_6da22227eb6b082f,pend_9f62815ea500eeb5,100,100,56.75,68.0,0.030771562831590105
2026-02-25,300738,sell,24.237875000000003,700,13.48325625,close_stop,2026-02-24,24.5686,31.792142857142856,fill_f5f455bd7d6d58c6,cand_29debcf2b6bc58c2,intent_4befd1f8e998b36b,pend_3c14f0f5bb78498d,700,700,25.28,24.25,0.018907563025210017
2026-02-26,603612,buy,33.4167,400,5.1336668,strategy_v5_alpha_ranked_entry,2026-02-25,30.8994,38.950714285714284,fill_423f7c9cebf5bf76,cand_8bbde6c8324f7ab8,intent_2b01aa146ea88989,pend_d029a37b785f852e,400,400,33.42,33.4,-9.874326750458629e-05
2026-02-26,002297,buy,13.776884999999998,600,5.0,strategy_v5_alpha_ranked_entry,2026-02-25,12.9458,15.470714285714287,fill_06f2c16ecdf8ef07,cand_bb7b342f9082c168,intent_52d8a1edb4d822fe,pend_f8d2605cac5f106e,600,600,13.63,13.77,0.010776595744680595
2026-02-26,000875,buy,7.503749999999999,2100,5.0,strategy_v5_alpha_ranked_entry,2026-02-25,7.1442,8.577142857142857,fill_a44fb04e3b424220,cand_b81067ed34d167bd,intent_d015c296bf6a19b0,pend_7c81f3ee63cb101f,2100,2100,7.51,7.5,-0.000832223701731083
2026-02-27,000875,add,7.6738349999999995,700,5.0,pyramid_add,2026-02-26,7.2618,8.701428571428572,fill_bf1a69bb2d039092,cand_b81067ed34d167bd,intent_0252b02342575bac,pend_0fbbd0245355a070,700,700,7.6,7.67,0.009715131578947434
2026-03-04,603876,sell,18.200895000000003,1000,14.282456450000002,close_stop,2026-03-03,19.72,21.806428571428572,fill_a5394a96aa683a3c,cand_e87ae7d2ea64838f,intent_349f4d2fd5e13361,pend_cd6323a9ef725b2d,1000,1000,18.35,18.21,-0.015675675675675627
2026-03-04,002297,sell,11.65417,600,8.496251,close_stop,2026-03-03,12.9458,15.470714285714287,fill_ded16b67fe699011,cand_bb7b342f9082c168,intent_52d8a1edb4d822fe,pend_b4703e94dfbc054f,600,600,13.63,11.66,-0.03556658395368073
2026-03-05,600388,sell,19.620185,100,6.000629435,close_stop,2026-03-04,19.613,21.11642857142857,fill_5113ceaf42628a65,cand_2be882fe46977565,intent_00b1d62912cd678d,pend_1607020f0fbe8be9,100,100,19.01,19.63,0.007183170856849719
2026-03-05,603612,sell,33.992995,400,11.93457098,three_bars_no_high,2026-03-04,32.622,38.950714285714284,fill_b334a1c41ae3f2b8,cand_8bbde6c8324f7ab8,intent_2b01aa146ea88989,pend_639f663da40ba9ea,400,400,33.42,34.01,0.03123104912067931
2026-03-06,000591,buy,6.153075,2600,5.0,strategy_v5_alpha_ranked_entry,2026-03-05,5.8114,6.792142857142857,fill_a6c50fd17c5d95e2,cand_b6cf0a9327b857a3,intent_29f38259d5413d51,pend_d1934310ba66712f,2600,2600,6.07,6.15,0.013686161449752987
2026-03-06,600863,buy,5.28264,900,5.04754376,strategy_v5_alpha_ranked_entry,2026-03-05,5.1156,5.7335714285714285,fill_b4d0f8c433936065,cand_4a4608029807c99a,intent_c449725ec7b6c04f,pend_457f2f901cdcfb57,900,900,5.29,5.28,-0.0013913043478260834
2026-03-06,300215,buy,10.535264999999999,1300,5.0,strategy_v5_alpha_ranked_entry,2026-03-05,9.9274,12.822142857142858,fill_8284b520ec60e3e8,cand_90f6178a6e25c342,intent_36882b51fad25ed0,pend_5b67e011f2df96cf,1300,1500,10.72,10.53,-0.01723274253731355
2026-03-06,002270,buy,36.03801,400,5.0,strategy_v5_alpha_ranked_entry,2026-03-05,34.593999999999994,42.25714285714285,fill_f9c7108994afdc4e,cand_56f0c153daf8fbe3,intent_1cec853bb2ae1d6c,pend_7fae5d79bbf00af9,400,400,36.3,36.02,-0.007217355371900713
2026-03-11,300215,sell,10.604695,1300,11.89305175,three_bars_no_high,2026-03-10,10.233,12.822142857142858,fill_420738b722897dfe,cand_90f6178a6e25c342,intent_36882b51fad25ed0,pend_0fc1156b7cb1c4df,1300,1300,10.72,10.61,-0.018501387604070385
2026-03-12,002270,sell,36.081950000000006,400,12.21639,three_bars_no_high,2026-03-11,35.498,42.25714285714285,fill_6e9e9185d507d791,cand_56f0c153daf8fbe3,intent_1cec853bb2ae1d6c,pend_4b1d95429b33f508,400,400,36.3,36.1,-0.01150054764512598
2026-03-12,002056,buy,22.861425,300,5.0,strategy_v5_alpha_ranked_entry,2026-03-11,21.9128,25.44214285714286,fill_09ffa0a84ae88ec2,cand_48f006dfe8be48ee,intent_35c9fe714f184810,pend_3ad59f4222136584,300,300,22.83,22.85,0.001376478318002805
2026-03-13,002056,add,23.801895,100,5.0,pyramid_add,2026-03-12,22.344,26.13642857142857,fill_b6eb35237f189b02,cand_48f006dfe8be48ee,intent_38ae1ffe305be981,pend_9d85781d6c3f9a75,100,100,23.49,23.79,0.013277777777777722
2026-03-13,600666,buy,4.342169999999999,1800,5.07815906,strategy_v5_alpha_ranked_entry,2026-03-12,4.1552,5.035714285714286,fill_d5a83f36af052f97,cand_f3ea3de5a3e613b8,intent_908e521d4a40c792,pend_0b9af60a10bb0efa,1800,1800,4.41,4.34,-0.015380952380952495
2026-03-16,000875,sell,8.07596,2800,16.959516,three_bars_no_high,2026-03-13,7.917999999999999,8.701428571428572,fill_e0f0c19247187301,cand_b81067ed34d167bd,intent_d015c296bf6a19b0,pend_47181254552e8df4,2800,2800,7.51,8.08,0.008739076154806513
2026-03-17,000591,sell,6.006995,2600,12.8090935,close_stop,2026-03-16,6.141,6.792142857142857,fill_4d01cc75bc135b5c,cand_b6cf0a9327b857a3,intent_29f38259d5413d51,pend_a7c16515fe272d5f,2600,2600,6.07,6.01,0.0033388981636059967
2026-03-17,600863,sell,5.187405000000001,900,7.381018895000001,time_stop,2026-03-16,5.1156,5.7335714285714285,fill_a51cee9dd41b5017,cand_4a4608029807c99a,intent_c449725ec7b6c04f,pend_860eab3a2ca11e62,900,900,5.29,5.19,0.0019305019305020377
2026-03-17,002056,sell,23.72813,400,9.745626000000001,close_stop,2026-03-16,23.82,26.13642857142857,fill_d0f6d9517318b135,cand_48f006dfe8be48ee,intent_35c9fe714f184810,pend_322e0c3b04241e33,400,400,22.83,23.74,0.0021105951878428453
2026-03-17,300279,buy,11.30565,1000,5.0,strategy_v5_alpha_ranked_entry,2026-03-16,10.3194,13.20857142857143,fill_2d69e2b2da897970,cand_f229a9662f6ae995,intent_e7381b48fe1e6dec,pend_2e7c8568d6ce5fc0,1100,1000,11.22,11.3,0.007633689839572133
2026-03-18,600666,sell,4.107945000000001,1800,8.771093510000002,close_stop,2026-03-17,4.1552,5.035714285714286,fill_07fed9d01ea62e16,cand_f3ea3de5a3e613b8,intent_908e521d4a40c792,pend_b0bbc70f19023be7,1800,1800,4.41,4.11,0.017326732673267342
2026-03-18,600667,buy,11.705849999999998,1300,5.15217605,strategy_v5_alpha_ranked_entry,2026-03-17,10.9956,13.687857142857142,fill_5b1a9c31b4a6e5fe,cand_acb8afc3598dc537,intent_01c119f3b122e6d7,pend_45ba559da677d35b,1300,1300,11.59,11.7,0.009995685936151633
2026-03-20,601991,buy,4.152075,3600,5.1494747,strategy_v5_alpha_ranked_entry,2026-03-19,4.0572,4.44,fill_e90ab617b45bb460,cand_1baa10b65075d8dd,intent_2a4f60223a561fec,pend_ca3872de27a31753,3600,3800,4.18,4.15,-0.006680622009569315
2026-03-23,600667,sell,10.09495,1300,11.69295185,close_stop,2026-03-20,10.9956,13.687857142857142,fill_7e407b4a159e009d,cand_acb8afc3598dc537,intent_01c119f3b122e6d7,pend_57a5eb92f082c168,1300,1300,11.59,10.1,-0.054307116104868935
2026-03-23,601225,buy,27.513749999999998,400,5.110055,strategy_v5_alpha_ranked_entry,2026-03-20,25.676,30.41071428571428,fill_8f4f1bbfe35556d1,cand_652506f880cb9e61,intent_b14a3f5284063e18,pend_093d9cf2c1e4676c,400,500,27.16,27.5,0.013024668630338576
2026-03-24,300279,sell,9.685155,1000,9.8425775,close_stop,2026-03-23,10.3194,13.20857142857143,fill_e2e8df4c0a64a95a,cand_f229a9662f6ae995,intent_e7381b48fe1e6dec,pend_d65fd2cd8388d1ed,1000,1000,11.22,9.69,0.029755579171094615
2026-03-24,601991,sell,4.09795,3600,12.5238362,close_stop,2026-03-23,4.0572,4.44,fill_90c2bf912c71fb69,cand_1baa10b65075d8dd,intent_2a4f60223a561fec,pend_86280c01e386c764,3600,3600,4.18,4.1,0.017369727047146233
2026-03-26,300231,buy,12.50625,1100,5.0,strategy_v5_alpha_ranked_entry,2026-03-25,12.0736,14.414285714285713,fill_29ba9090851a20c3,cand_e78444eaabf3e66f,intent_17635da8d4bee5d3,pend_01ac904b8d85fdc4,1100,1200,12.85,12.5,-0.02675097276264593
2026-03-26,002980,buy,40.250114999999994,300,5.0,strategy_v5_alpha_ranked_entry,2026-03-25,37.886799999999994,49.13285714285714,fill_79508907406e4fe9,cand_e90bbb40deb4c576,intent_5c8f13edcad31df8,pend_5d2014c5a32e6d0c,300,300,40.51,40.23,-0.0064153295482597406
2026-03-26,000509,buy,4.5822899999999995,3200,5.0,strategy_v5_alpha_ranked_entry,2026-03-25,4.3218,5.498571428571428,fill_465badcd04671ee7,cand_b41f1033773f66aa,intent_202de8b27d42fc35,pend_ee603780f787d7cf,3200,3200,4.59,4.58,-0.0016797385620915817
2026-03-27,601225,sell,25.987000000000002,400,10.301348000000003,three_bars_no_high,2026-03-26,25.676,30.41071428571428,fill_dfe08ec838d6025e,cand_652506f880cb9e61,intent_b14a3f5284063e18,pend_72c3adab550cb754,400,400,27.16,26.0,-0.009146341463414531
2026-03-30,300231,sell,11.764115,1100,11.47026325,close_stop,2026-03-27,12.0736,14.414285714285713,fill_a844c36bf6eddf10,cand_e78444eaabf3e66f,intent_17635da8d4bee5d3,pend_3b17b825d86e73f8,1100,1100,12.85,11.77,-0.021612635078969267
2026-03-30,000509,sell,4.11794,3200,11.588704,close_stop,2026-03-27,4.3218,5.498571428571428,fill_20419a9935964514,cand_b41f1033773f66aa,intent_202de8b27d42fc35,pend_e939985b111a2358,3200,3200,4.59,4.12,-0.03738317757009346
2026-03-30,603977,buy,16.638315,600,5.09982989,strategy_v5_alpha_ranked_entry,2026-03-27,15.758399999999998,19.880000000000003,fill_54f4206597aa5df2,cand_026b4bb3716791e3,intent_688b6eecb9c43b0f,pend_0ad4ee801bbaeded,600,900,17.0,16.63,-0.021275588235294185
2026-03-30,000968,buy,11.915955,100,5.0,strategy_v5_alpha_ranked_entry,2026-03-27,10.7898,13.925,fill_1475a4ccf73bed25,cand_ca18d018a3df3402,intent_756c8a42554a9f4b,pend_8e9abe43f95fe644,100,800,11.57,11.91,0.02990103716508208
2026-03-31,603738,buy,26.35317,500,5.13176585,strategy_v5_alpha_ranked_entry,2026-03-30,25.0978,32.63142857142857,fill_7e913907fd84d2cd,cand_3cd61b91ebd2a62d,intent_8f032b6935293db4,pend_0b270af3f87515af,500,500,26.85,26.34,-0.018503910614525276
2026-03-31,603876,buy,22.73136,100,5.02273136,strategy_v5_alpha_ranked_entry,2026-03-30,21.756,27.73071428571428,fill_f706cd18ae386bb7,cand_c7eaafbda6ff80a0,intent_7644270830d6dba5,pend_fcbf1959c22503e0,100,100,23.28,22.72,-0.023567010309278436
2026-04-01,000968,sell,10.144925,100,5.50724625,close_stop,2026-03-31,10.7898,13.925,fill_e09f9135a52e7d90,cand_ca18d018a3df3402,intent_756c8a42554a9f4b,pend_0771eaa2f01c1a2f,100,100,11.57,10.15,-0.012645914396887115
2026-04-02,603977,sell,16.761615,600,10.12905419,three_bars_no_high,2026-04-01,15.758399999999998,19.880000000000003,fill_55bd43a8f9ca88e6,cand_026b4bb3716791e3,intent_688b6eecb9c43b0f,pend_f8f30cded0d2cb46,600,600,17.0,16.77,0.02007299270072993
2026-04-03,603738,sell,25.417285,500,11.481407675,close_stop,2026-04-02,25.0978,32.63142857142857,fill_122ac90af9d7a538,cand_3cd61b91ebd2a62d,intent_8f032b6935293db4,pend_0ca4a05fd588da17,500,500,26.85,25.43,0.02498992341797668
2026-04-03,603876,sell,22.22888,100,6.13367288,three_bars_no_high,2026-04-02,21.756,27.73071428571428,fill_c421e5b8717df17e,cand_c7eaafbda6ff80a0,intent_7644270830d6dba5,pend_da11f0462291d2d5,100,100,23.28,22.24,-0.01067615658362997
2026-04-03,301312,buy,105.862905,100,5.0,strategy_v5_alpha_ranked_entry,2026-04-02,97.66680000000001,127.68928571428572,fill_0adc105a61aaef40,cand_39bf731eeb7dcbe0,intent_ec9c3ddbb9032ad4,pend_b7f62430a22b14a8,100,100,103.31,105.81,0.024711112186622808
2026-04-03,002840,buy,11.525759999999998,200,5.0,strategy_v5_alpha_ranked_entry,2026-04-02,10.887799999999999,13.290714285714284,fill_b0930c5759cc2606,cand_1945fc7e9ee56ea5,intent_5c17cef10d43f13f,pend_89ff58222cc30141,200,1300,11.54,11.52,-0.001233968804159491
2026-04-08,002980,sell,54.972500000000004,300,13.245875,target_close_confirmed,2026-04-07,43.22714285714286,49.13285714285714,fill_68ea86a3e1a76e50,cand_e90bbb40deb4c576,intent_5c8f13edcad31df8,pend_62e2b968b736febd,300,300,40.51,55.0,0.08481262327416172
2026-04-09,002840,add,12.846419999999998,400,5.0,pyramid_add,2026-04-08,12.200999999999999,15.214285714285715,fill_73a9a8c74746e6fd,cand_1945fc7e9ee56ea5,intent_cc0ae11daf240831,pend_fe96c3922e283a1f,400,400,13.05,12.84,-0.01560000000000017
2026-04-09,300531,buy,20.410199999999996,700,5.0,strategy_v5_alpha_ranked_entry,2026-04-08,19.5118,24.187142857142856,fill_5967ac86694af886,cand_80c6db01f912345d,intent_51e343af313ed9b6,pend_b8ec9e716db54463,700,700,20.84,20.4,-0.020623800383877344
2026-04-09,600602,buy,24.342164999999998,600,5.14605299,strategy_v5_alpha_ranked_entry,2026-04-08,23.9414,29.21785714285714,fill_119b86ef14b8bda9,cand_3ae80a28564b45de,intent_38f0caf5f5f36a0d,pend_840c4eeede1fe4db,600,600,25.05,24.33,-0.028256886227545075
2026-04-09,603118,buy,13.676834999999999,200,5.02735367,strategy_v5_alpha_ranked_entry,2026-04-08,13.279,15.935714285714287,fill_b81843623ea8c159,cand_7d864c0fcbf662ac,intent_70120d647bfc5f7c,pend_11b7b1b01ea86036,200,200,13.96,13.67,-0.02028402578796573
2026-04-10,603118,add,14.22711,100,5.01422711,pyramid_add,2026-04-09,13.417,16.505714285714287,fill_c6abb41a3c0e0cfa,cand_7d864c0fcbf662ac,intent_58695f06ffc66865,pend_59d440ae7a040c32,100,100,14.41,14.22,-0.012691880638445507
2026-04-13,301312,sell,116.02196,100,10.801098,three_bars_no_high,2026-04-10,106.336,127.68928571428572,fill_ebec2d32dd662028,cand_39bf731eeb7dcbe0,intent_ec9c3ddbb9032ad4,pend_8af4f60a935ceff7,100,100,103.31,116.08,0.018067005788458212
2026-04-14,002840,sell,12.5937,600,8.77811,three_bars_no_high,2026-04-13,12.200999999999999,15.214285714285715,fill_05c519175c8f3c81,cand_1945fc7e9ee56ea5,intent_5c17cef10d43f13f,pend_58f3873f4f4d9c57,600,600,11.54,12.6,-0.012539184952978122
2026-04-14,300531,sell,19.860065000000002,700,11.95102275,three_bars_no_high,2026-04-13,19.5118,24.187142857142856,fill_68d7df2358d7412a,cand_80c6db01f912345d,intent_51e343af313ed9b6,pend_d9f66973d131c71b,700,700,20.84,19.87,0.006585612968591725
2026-04-14,603876,buy,24.39219,400,5.09756876,strategy_v5_alpha_ranked_entry,2026-04-13,22.8634,28.655714285714282,fill_5f05e0a8e87613b1,cand_b646ddef6a012dad,intent_33564f6392d0a728,pend_132099afb9571f19,400,600,24.4,24.38,-0.000320081967213115
2026-04-15,603118,sell,13.89305,300,7.125636650000001,three_bars_no_high,2026-04-14,13.417,16.505714285714287,fill_0469bc7545bba27c,cand_7d864c0fcbf662ac,intent_70120d647bfc5f7c,pend_cc72430e92f3cba8,300,300,13.96,13.9,-0.001436781609195359
2026-04-15,603876,add,25.072529999999997,200,5.05014506,pyramid_add,2026-04-14,23.647399999999994,28.95,fill_4ce3ab096d839562,cand_b646ddef6a012dad,intent_bdeb818a2e798163,pend_0bcee7e0604428bc,200,200,24.9,25.06,0.0069289156626506365
2026-04-15,603158,buy,13.46673,1000,5.1346673,strategy_v5_alpha_ranked_entry,2026-04-14,12.4754,15.707857142857144,fill_19dd902b66daa0cb,cand_1fbc42cac20a6cfa,intent_4c30cccd3ad6512b,pend_a5c9f7874b9fb1f1,1000,1000,13.46,13.46,0.0004999999999999449
2026-04-15,002638,buy,4.682339999999999,1100,5.0,strategy_v5_alpha_ranked_entry,2026-04-14,4.4394,5.485714285714286,fill_a26a1c122227384e,cand_def9b3d307c35e5e,intent_9c86a3ea3b6319f6,pend_38d8e7da9bcae815,1100,2000,4.71,4.68,-0.005872611464968314
2026-04-16,600602,sell,23.918035,600,12.31891871,close_stop,2026-04-15,23.9414,29.21785714285714,fill_aa27b88e9539e22e,cand_3ae80a28564b45de,intent_38f0caf5f5f36a0d,pend_2b74be20d4b8ea0e,600,600,25.05,23.93,0.001255230125523088
2026-04-16,300201,buy,12.126059999999999,300,5.0,strategy_v5_alpha_ranked_entry,2026-04-15,11.416999999999998,13.994285714285716,fill_dd0ed9fcb921afc7,cand_78b5ca38edf44b79,intent_d311a5b5ec901ea9,pend_d8074241e7aa25d9,300,600,12.22,12.12,-0.007687397708674437
2026-04-17,300184,buy,11.935965,1200,5.0,strategy_v5_alpha_ranked_entry,2026-04-16,11.220999999999998,13.543571428571429,fill_802ec50a17d32a45,cand_8736c81dc8b1fce6,intent_27ecd4d819fb11f7,pend_9e8d857952176d46,1200,1200,11.93,11.93,0.0004999999999999449
2026-04-20,002638,sell,4.63768,1100,7.550724,three_bars_no_high,2026-04-17,4.4394,5.485714285714286,fill_ec888454a12157c5,cand_def9b3d307c35e5e,intent_9c86a3ea3b6319f6,pend_00031b1d8e36c375,1100,1100,4.71,4.64,-0.0106609808102347
2026-04-21,300184,add,12.856425,400,5.0,pyramid_add,2026-04-20,12.5832,14.614999999999998,fill_04e6ecab8509cf78,cand_8736c81dc8b1fce6,intent_bf299400cda2dd62,pend_3a1d4e84a9b13d82,400,400,12.95,12.85,-0.007225868725868723
2026-04-21,002246,buy,27.063525,300,5.0,strategy_v5_alpha_ranked_entry,2026-04-20,25.685799999999997,31.029285714285713,fill_1dc205e9be484a87,cand_22bb1c2861c6a33a,intent_63e50bcd211c7fd5,pend_b7a94b56e1bb370f,300,300,27.05,27.05,0.0004999999999999449
2026-04-23,603876,sell,24.087950000000003,600,12.3709127,time_stop,2026-04-22,24.71,28.95,fill_3f2c3b4b56540fea,cand_b646ddef6a012dad,intent_33564f6392d0a728,pend_31bf1eacd3c53ce4,600,600,24.4,24.1,-0.03792415169660679
2026-04-23,300201,sell,11.644175,300,6.74662625,three_bars_no_high,2026-04-22,11.416999999999998,13.994285714285716,fill_fe6469df4a468bf7,cand_78b5ca38edf44b79,intent_d311a5b5ec901ea9,pend_8462ab8aff97d5f1,300,300,12.22,11.65,0.004310344827586299
2026-04-24,603158,sell,13.09345,1000,11.6776595,time_stop,2026-04-23,12.4754,15.707857142857144,fill_1da35270e3964a75,cand_1fbc42cac20a6cfa,intent_4c30cccd3ad6512b,pend_9ac01e5ea7b97dcb,1000,1000,13.46,13.1,0.0
2026-04-24,002246,sell,24.927530000000004,300,8.7391295,three_bars_no_high,2026-04-23,25.685799999999997,31.029285714285713,fill_117456a316139539,cand_22bb1c2861c6a33a,intent_63e50bcd211c7fd5,pend_6214ed93489e60c4,300,300,27.05,24.94,-0.03743728290235426
2026-04-28,002709,buy,56.52825,100,5.0,strategy_v5_alpha_ranked_entry,2026-04-27,51.205,63.857142857142854,fill_9447734cbcec65b7,cand_5b747a3b486db20d,intent_77bd4db3fc4f8146,pend_1721a060af062909,200,100,55.26,56.5,0.02295059717698167
2026-04-28,301358,buy,95.12754,100,5.0,strategy_v5_alpha_ranked_entry,2026-04-27,85.015,103.02928571428572,fill_82ad9bd793929124,cand_6f6cc980b8b9ab59,intent_65aff3b2ec3f18af,pend_922463cbfbaa4046,100,100,89.87,95.08,0.058501613441637845
2026-04-28,603520,buy,11.705849999999998,1300,5.15217605,strategy_v5_alpha_ranked_entry,2026-04-27,11.417000000000002,13.044285714285714,fill_88d3be3565b8f074,cand_1348a25ee431b2a7,intent_a5a0b0f3a89b888b,pend_d65972ca7cd9e1a9,1300,1300,11.75,11.7,-0.003757446808510756
2026-04-28,600546,buy,12.856425,1200,5.1542771,strategy_v5_alpha_ranked_entry,2026-04-27,12.3186,14.147857142857145,fill_5d9111cb5402d2e1,cand_01aa65d4968ba638,intent_48d0df8cb8b9a9cc,pend_3082b29a0e7bc998,1200,1200,12.89,12.85,-0.0026047323506595
2026-04-30,300184,sell,13.123435,1600,15.748121999999999,three_bars_no_high,2026-04-29,13.034,14.614999999999998,fill_ec6fa594e1e01c99,cand_8736c81dc8b1fce6,intent_27ecd4d819fb11f7,pend_7897a36769b3fe79,1600,1600,11.93,13.13,-0.003793626707131903
2026-04-30,301358,sell,104.9475,100,10.247375,target_close_confirmed,2026-04-29,95.25571428571429,103.02928571428572,fill_b8850ba3417cc3c7,cand_6f6cc980b8b9ab59,intent_65aff3b2ec3f18af,pend_14a38a7f0d0fb549,100,100,89.87,105.0,-0.01869158878504673
2026-04-30,600546,add,13.64682,300,5.04094046,pyramid_add,2026-04-29,13.083,15.185,fill_784605af23cdd6b7,cand_01aa65d4968ba638,intent_5795c677638f6652,pend_0597f339953f49d3,300,300,13.73,13.64,-0.00605826656955577
2026-05-06,300432,buy,28.234109999999998,500,5.0,strategy_v5_alpha_ranked_entry,2026-04-30,27.1264,32.519285714285715,fill_bf6a315acfce283b,cand_541b139be71e9b35,intent_25db74a26e29c2be,pend_ca7572257ee87da7,500,500,28.12,28.22,0.004057965860597257
2026-05-06,600527,buy,3.0115049999999997,2400,5.07227612,strategy_v5_alpha_ranked_entry,2026-04-30,2.7930000000000006,3.4492857142857147,fill_4f5058c956cc84be,cand_abb4c4e2aacc92e1,intent_fb3e5a906963bf6e,pend_b455af3d2fd7d3dd,2400,2400,2.95,3.01,0.02084915254237263
2026-05-07,002709,sell,63.62817,100,8.1814085,target_close_confirmed,2026-05-06,57.03714285714286,63.857142857142854,fill_ee7da9542eb40df9,cand_5b747a3b486db20d,intent_77bd4db3fc4f8146,pend_1fd2bd903b680c05,100,100,55.26,63.66,-0.005312500000000053
2026-05-08,600527,add,3.22161,1600,5.05154576,pyramid_add,2026-05-07,3.1066,3.7935714285714277,fill_1276280a295d5a9b,cand_abb4c4e2aacc92e1,intent_292d37dab184d9bf,pend_1bdd8626e3fc2ee2,1600,1600,3.26,3.22,-0.011776073619631844
2026-05-08,300166,buy,19.099545,800,5.0,strategy_v5_alpha_ranked_entry,2026-05-07,18.032,23.050000000000004,fill_0e160a352de22142,cand_e451e90a20762376,intent_959c843db4c33187,pend_c150658e5f6a0e65,800,800,19.03,19.09,0.0036544929059378894
2026-05-11,300432,sell,27.156415000000003,500,11.78910375,three_bars_no_high,2026-05-08,27.1264,32.519285714285715,fill_35de1401b24328cf,cand_541b139be71e9b35,intent_25db74a26e29c2be,pend_d2a3eea725e6f03a,500,500,28.12,27.17,0.0
2026-05-12,600546,sell,13.69315,1500,15.610191,three_bars_no_high,2026-05-11,13.488,15.185,fill_335140826cd9647b,cand_01aa65d4968ba638,intent_48d0df8cb8b9a9cc,pend_f23bc047bb3be9e0,1500,1500,12.89,13.7,-0.0029112081513829047
2026-05-12,002831,buy,41.130554999999994,300,5.0,strategy_v5_alpha_ranked_entry,2026-05-11,39.0922,46.31999999999999,fill_6f227e54f7ca36dc,cand_4a77be4555dbc5ec,intent_e5a5bad7067acbf7,pend_041efbc74918d742,300,300,41.12,41.11,0.00025668774319065335
2026-05-13,603520,sell,11.884055000000002,1300,12.879128465,time_stop,2026-05-12,11.457,13.044285714285714,fill_7927c0b15bedc1ca,cand_1348a25ee431b2a7,intent_a5a0b0f3a89b888b,pend_91f135907b8c3294,1300,1300,11.75,11.89,-0.0008403361344537785
2026-05-13,600527,sell,3.088455,4000,11.300448200000002,close_stop,2026-05-12,3.1066,3.7935714285714277,fill_7da5a0fd5002ded6,cand_abb4c4e2aacc92e1,intent_fb3e5a906963bf6e,pend_1dc8a5456690c89d,4000,4000,2.95,3.09,0.009803921568627416
2026-05-13,003816,buy,4.772384999999999,3300,5.0,strategy_v5_alpha_ranked_entry,2026-05-12,4.635400000000001,5.144999999999999,fill_006e6a7b3e338534,cand_45b2c7b7c30cb37d,intent_d287a003de266233,pend_f97b78d89254b87c,3300,3300,4.77,4.77,0.0004999999999999449
2026-05-14,003816,add,4.832415,1100,5.0,pyramid_add,2026-05-13,4.6452,5.200714285714286,fill_071ef6bf22ce9e3f,cand_45b2c7b7c30cb37d,intent_de41b200adf7cfe9,pend_5eb9239f755dc30a,1100,1100,4.83,4.83,0.0004999999999999449
2026-05-14,688690,buy,35.247614999999996,400,5.14099046,strategy_v5_alpha_ranked_entry,2026-05-13,33.0456,39.722142857142856,fill_f9f7f2ef21bcb89b,cand_b4556f9aad4c508b,intent_7304e947200fc34c,pend_ae015b71f5370a77,400,400,35.22,35.23,0.0007840715502553941
2026-05-14,603912,buy,11.995994999999999,1200,5.14395194,strategy_v5_alpha_ranked_entry,2026-05-13,11.1328,13.911428571428571,fill_6b3ea02250a5e34a,cand_e5ba0eb0cdba0270,intent_bf0eef37df9c3017,pend_de737f24cae97c76,1300,1200,11.91,11.99,0.007220403022669908
2026-05-18,002831,sell,41.17940000000001,300,11.176910000000003,three_bars_no_high,2026-05-15,39.787142857142854,46.31999999999999,fill_89bf36826c51d078,cand_4a77be4555dbc5ec,intent_e5a5bad7067acbf7,pend_54722ddd7b5851d9,300,300,41.12,41.2,-0.006510730648661589
2026-05-19,300166,sell,19.999995000000002,800,12.999998000000001,three_bars_no_high,2026-05-18,18.032,23.050000000000004,fill_b21bb59f5be42270,cand_e451e90a20762376,intent_959c843db4c33187,pend_e44d2e6f86dbc480,800,800,19.03,20.01,0.026153846153846194
2026-05-19,603912,sell,11.184405,1200,11.844855860000001,three_bars_no_high,2026-05-18,11.1328,13.911428571428571,fill_847b763788ede252,cand_e5ba0eb0cdba0270,intent_bf0eef37df9c3017,pend_bf3ea62bf530bf0b,1200,1200,11.91,11.19,-0.004448398576512469
2026-05-20,000006,buy,11.215605,1300,5.0,strategy_v5_alpha_ranked_entry,2026-05-19,10.4468,12.745000000000001,fill_a62e3324852b83fb,cand_d3ae0c79f2fda17a,intent_bf197cfe555339de,pend_71856316b80ddc55,1400,1300,11.14,11.21,0.006786804308797079
2026-05-20,300166,buy,21.740865,400,5.0,strategy_v5_alpha_ranked_entry,2026-05-19,19.2668,26.184285714285718,fill_46d20e297f3d75f1,cand_cff57e7a63989e74,intent_0736492416db2753,pend_510dee38b1692e32,400,400,21.44,21.73,0.014032882462686525
2026-05-20,688191,buy,57.48873,200,5.11497746,strategy_v5_alpha_ranked_entry,2026-05-19,53.41,68.87214285714286,fill_7a1b00980b6da615,cand_9137e34e0acba842,intent_d5ead26f74b696f7,pend_ccb3e6b3bca01ff9,200,200,57.2,57.46,0.005047727272727176
2026-05-21,003816,sell,4.55772,4400,15.040476000000002,close_stop,2026-05-20,4.6452,5.200714285714286,fill_5189f082728b0ac1,cand_45b2c7b7c30cb37d,intent_d287a003de266233,pend_b89342b563303375,4400,4400,4.77,4.56,-0.004366812227074357
2026-05-22,688690,sell,34.88255,400,12.1160402,close_stop,2026-05-21,35.047,39.722142857142856,fill_3faa973d496a9611,cand_b4556f9aad4c508b,intent_7304e947200fc34c,pend_8a1db38865f0dbe8,400,400,35.22,34.9,0.006343713956170616
2026-05-22,300166,sell,18.87056,400,8.774112,close_stop,2026-05-21,19.2668,26.184285714285718,fill_6de069b396dad7a9,cand_cff57e7a63989e74,intent_0736492416db2753,pend_f1faaa8ed683dc9e,400,400,21.44,18.88,0.01396348012889348
2026-05-22,688191,sell,52.21388,200,10.325815760000001,close_stop,2026-05-21,53.41,68.87214285714286,fill_b9c08a7d289f3e0e,cand_9137e34e0acba842,intent_d5ead26f74b696f7,pend_9a8e25a02071392c,200,200,57.2,52.24,0.004808617041738739
2026-05-25,000006,sell,10.884555,1300,12.07496075,three_bars_no_high,2026-05-22,10.4468,12.745000000000001,fill_9d56d5361d93e6d5,cand_d3ae0c79f2fda17a,intent_bf197cfe555339de,pend_d3ba5a1b70929370,1300,1300,11.14,10.89,0.0009191176470588758
2026-05-26,300199,buy,25.062525,600,5.0,strategy_v5_alpha_ranked_entry,2026-05-25,24.3628,29.54785714285714,fill_04e170a130c57b31,cand_cf538031f3f8cacf,intent_a73fb758937cb19d,pend_6ef36694f35a3efb,600,600,25.41,25.05,-0.013674734356552531
2026-05-26,300221,buy,13.366679999999999,1100,5.0,strategy_v5_alpha_ranked_entry,2026-05-25,12.9164,15.449285714285715,fill_7acbf8546273c25f,cand_bfaedb874f9cf04b,intent_f7d5af6085081eac,pend_987bc0a69c6c04b8,1100,1100,13.42,13.36,-0.003973174366617038
2026-05-26,301458,buy,46.473225,200,5.0,strategy_v5_alpha_ranked_entry,2026-05-25,44.305800000000005,54.46857142857143,fill_74451580a7d35dad,cand_24e30cd57f038898,intent_89ad2fdcdce24517,pend_53e00146f237c013,200,200,47.53,46.45,-0.022233852303808144
2026-05-27,002815,buy,17.008499999999998,100,5.0,strategy_v5_alpha_ranked_entry,2026-05-26,16.268,19.636428571428567,fill_93805a74075644f8,cand_90136b5b3d08c189,intent_6841b4e661c3ad30,pend_46035d71c4b398f8,100,100,17.08,17.0,-0.004186182669789207
2026-05-27,300536,buy,12.236115,1200,5.0,strategy_v5_alpha_ranked_entry,2026-05-26,11.789399999999999,13.349999999999998,fill_220d3feec81dbbc2,cand_921990cc36299bc0,intent_bf12c744d45d6c87,pend_b1350356ca360d77,1200,1200,12.18,12.23,0.00460714285714281
2026-05-28,300536,sell,11.374310000000001,1200,11.824586,close_stop,2026-05-27,11.789399999999999,13.349999999999998,fill_53f5aae3f54fd2c3,cand_921990cc36299bc0,intent_bf12c744d45d6c87,pend_007ac3d60a8813c4,1200,1200,12.18,11.38,0.0
2026-05-29,300199,sell,24.497745000000002,600,12.3493235,close_stop,2026-05-28,24.3628,29.54785714285714,fill_05f9fb80934dd017,cand_cf538031f3f8cacf,intent_a73fb758937cb19d,pend_41c546c5b8488b56,600,600,25.41,24.51,0.006570841889117052
2026-05-29,301458,sell,48.55571,200,9.855571000000001,three_bars_no_high,2026-05-28,44.305800000000005,54.46857142857143,fill_c373d8826e425391,cand_24e30cd57f038898,intent_89ad2fdcdce24517,pend_09e4c875da25481d,200,200,47.53,48.58,0.019945412555112174
2026-06-01,002636,buy,53.0265,200,5.0,strategy_v5_alpha_ranked_entry,2026-05-29,51.9596,63.93928571428571,fill_6fe9ca840755e60b,cand_260f7c6000b7d89d,intent_85dac521ee003639,pend_a48ae89edf92bdcc,200,200,53.51,53.0,-0.009035694262754634
2026-06-01,601101,buy,12.02601,1200,5.14431212,strategy_v5_alpha_ranked_entry,2026-05-29,11.328800000000001,14.040000000000001,fill_737c8d68793b7a5d,cand_1e439c59315909ae,intent_a29e07427e968186,pend_87e4695075b83717,1200,1200,12.06,12.02,-0.002818407960199054
2026-06-02,300221,sell,13.373310000000002,1100,12.355320500000001,three_bars_no_high,2026-06-01,12.946,15.449285714285715,fill_9ea6d6899b81b4cc,cand_bfaedb874f9cf04b,intent_f7d5af6085081eac,pend_849b8af105e56533,1100,1100,13.42,13.38,0.0
2026-06-02,002636,sell,49.565205000000006,200,9.9565205,close_stop,2026-06-01,51.9596,63.93928571428571,fill_5bed13224e7fe294,cand_260f7c6000b7d89d,intent_85dac521ee003639,pend_2dac171b53b3101f,200,200,53.51,49.59,-0.005614597954681999
2026-06-02,688478,buy,62.031,100,5.062031,strategy_v5_alpha_ranked_entry,2026-06-01,60.9364,67.7,fill_b4604ab76fd9bd37,cand_294006741540fcb1,intent_8c827927a522fc7e,pend_593f18e4fe7f32c8,100,200,62.56,62.0,-0.008455882352941257
2026-06-03,601101,add,12.936464999999998,300,5.038809395,pyramid_add,2026-06-02,12.7694,15.818571428571428,fill_19038f25146113ef,cand_1e439c59315909ae,intent_b56dc727b18cbf08,pend_cc816b7fc7551287,300,300,13.32,12.93,-0.028793918918919026
2026-06-03,688478,sell,61.679145000000005,100,8.145636395,close_stop,2026-06-02,60.9364,67.7,fill_d491e9969483ecc8,cand_294006741540fcb1,intent_8c827927a522fc7e,pend_d59823172dd822b8,100,100,62.56,61.71,0.03976411120471779
2026-06-03,301228,buy,72.87642,200,5.0,strategy_v5_alpha_ranked_entry,2026-06-02,69.4526,88.60714285714286,fill_222658d26782725b,cand_9b5cccc1a2a43dd5,intent_ccdc8324b289f904,pend_453efb176635ca5f,200,200,73.2,72.84,-0.004420491803278748
2026-06-03,301458,buy,49.6248,100,5.0,strategy_v5_alpha_ranked_entry,2026-06-02,46.158,59.45142857142858,fill_796a0bbf03c3b793,cand_3b91f963177266c8,intent_56fe20297b58cb67,pend_89ecb8c1b274f17a,100,200,50.1,49.6,-0.009485029940119794
2026-06-04,002815,sell,16.591700000000003,100,5.829585,three_bars_no_high,2026-06-03,16.268,19.636428571428567,fill_c6788529ca18e8ff,cand_90136b5b3d08c189,intent_6841b4e661c3ad30,pend_6d0b1b148460ba98,100,100,17.08,16.6,-0.02295467922307226
2026-06-04,600483,buy,11.515754999999999,700,5.080610285,strategy_v5_alpha_ranked_entry,2026-06-03,10.9956,13.12,fill_65a9f6c5746206c2,cand_53fb4d67833a28cd,intent_f1ae9e25966a8705,pend_b46a8003de3a070b,700,900,11.68,11.51,-0.014062071917808283
2026-06-05,600483,add,11.855925,200,5.02371185,pyramid_add,2026-06-04,11.201400000000001,13.402857142857144,fill_de4cbdd76279425b,cand_53fb4d67833a28cd,intent_61abbb2fefa6b514,pend_463bc5220c57d70f,200,200,11.92,11.85,-0.005375419463087283
2026-06-08,301458,sell,59.760105,100,7.9880052500000005,target_close_confirmed,2026-06-05,54.10285714285715,59.45142857142858,fill_175c48cda12695bd,cand_3b91f963177266c8,intent_56fe20297b58cb67,pend_44fbcdb04777ca61,100,100,50.1,59.79,-0.05872166246851396
2026-06-09,601101,sell,12.53373,1500,14.588303450000002,three_bars_no_high,2026-06-08,12.7694,15.818571428571428,fill_1441d7988ec9a780,cand_1e439c59315909ae,intent_a29e07427e968186,pend_42fee7b150c3f2b1,1500,1500,12.06,12.54,-0.06973293768546007
2026-06-09,600888,buy,10.52526,500,5.0526263,strategy_v5_alpha_ranked_entry,2026-06-08,10.045,11.25,fill_a7542195de30c114,cand_71b9bc42ce65c773,intent_dafa11f9a7f4d134,pend_dfce0f3918e50dc4,500,1400,10.43,10.52,0.00913326941514847
2026-06-10,300398,buy,42.411195,200,5.0,strategy_v5_alpha_ranked_entry,2026-06-09,40.229,54.400000000000006,fill_2a24c25e8524afa0,cand_08d7392e42ef8100,intent_5b0f773dbc650ce8,pend_384450bd4eded0a4,200,300,44.34,42.39,-0.043500338294993335
2026-06-10,300400,buy,35.927955,300,5.0,strategy_v5_alpha_ranked_entry,2026-06-09,32.536,43.010000000000005,fill_783e58dc54333d50,cand_6418d510a6e449c0,intent_3650c7e117c910c3,pend_9b120febe0801213,300,300,35.2,35.91,0.020680539772727213
2026-06-15,301228,sell,75.75210500000001,200,12.5752105,close_stop,2026-06-12,76.418,88.60714285714286,fill_07911f9b7497e914,cand_9b5cccc1a2a43dd5,intent_ccdc8324b289f904,pend_df1b93a14065048b,200,200,73.2,75.79,-0.006032786885245778
2026-06-15,600483,sell,11.514240000000001,900,10.28503616,time_stop,2026-06-12,11.201400000000001,13.402857142857144,fill_e17c7c508889ace7,cand_53fb4d67833a28cd,intent_f1ae9e25966a8705,pend_ee6655a06f7629ef,900,900,11.68,11.52,-0.007751937984496138
2026-06-15,600888,sell,11.064465,500,7.821438574999999,close_stop,2026-06-12,11.128,11.25,fill_b56c834d933c5188,cand_71b9bc42ce65c773,intent_dafa11f9a7f4d134,pend_9ee51ed6250d2455,500,500,10.43,11.07,0.013736263736263687
2026-06-15,300398,sell,41.47925,200,9.147925,close_stop,2026-06-12,40.229,54.400000000000006,fill_e636aee1656e688f,cand_08d7392e42ef8100,intent_5b0f773dbc650ce8,pend_e183b81b518c3d51,200,200,44.34,41.5,0.03285216525634649
2026-06-16,300400,sell,41.979,300,11.29685,target_close_confirmed,2026-06-15,37.28285714285715,43.010000000000005,fill_06e4f1ce496dd78f,cand_6418d510a6e449c0,intent_3650c7e117c910c3,pend_af91ce0b588f713e,300,300,35.2,42.0,-0.028002777134922496
2026-06-16,600906,buy,7.263629999999999,2100,5.15253623,strategy_v5_alpha_ranked_entry,2026-06-15,7.007000000000001,8.43,fill_48ff3d7225ba4c80,cand_7eddcbb2834f5a28,intent_924b15a345dd9268,pend_f1ec5ea75f852fa7,2100,2100,7.33,7.26,-0.00905457025920886
2026-06-17,003022,buy,28.164074999999997,400,5.0,strategy_v5_alpha_ranked_entry,2026-06-16,26.156200000000002,33.902857142857144,fill_1c9ae4b5c3f4ae83,cand_f2effab23d9c0a95,intent_9b1dee50ae6364d9,pend_a4cbe7fc40d9a826,400,500,28.28,28.15,-0.004099186704384916
2026-06-17,300568,buy,19.409699999999997,500,5.0,strategy_v5_alpha_ranked_entry,2026-06-16,17.836,23.515714285714285,fill_dcd05b4eca6ed7e8,cand_93d6536f8defd8e3,intent_0375a880804b44f6,pend_66f9fc3855ca3b77,500,600,19.68,19.4,-0.01373475609756114
2026-06-17,300679,buy,62.77137,200,5.0,strategy_v5_alpha_ranked_entry,2026-06-16,60.6816,76.98,fill_c6f11cf2b312995c,cand_6ee172f92de09486,intent_2340cd7d68ec47e9,pend_b405dddd3b406008,200,200,63.89,62.74,-0.017508686805446927
2026-06-17,002815,buy,19.229609999999997,100,5.0,strategy_v5_alpha_ranked_entry,2026-06-16,18.473000000000003,23.254285714285714,fill_19617d35257621ba,cand_357a71a95eedfa7b,intent_088d86ef1ce0dd08,pend_2fdb116fc02a63b7,100,100,19.35,19.22,-0.006221705426356805
2026-06-22,600906,sell,7.2063950000000006,2100,12.718049045,three_bars_no_high,2026-06-18,7.007000000000001,8.43,fill_f6453bc13b263f59,cand_7eddcbb2834f5a28,intent_924b15a345dd9268,pend_d8caea0e9ef56340,2100,2100,7.33,7.21,-0.008253094910591452
2026-06-23,300252,buy,18.249119999999998,200,5.0,strategy_v5_alpha_ranked_entry,2026-06-22,17.199,22.36714285714286,fill_4764c35fe2d926a2,cand_674e075cd0899aae,intent_c9731a3bac70d03b,pend_db8052f5613404aa,200,200,18.69,18.24,-0.02358908507223134
2026-06-24,002815,sell,17.43128,100,5.871564,close_stop,2026-06-23,18.473000000000003,23.254285714285714,fill_9e287c9550f99fff,cand_357a71a95eedfa7b,intent_088d86ef1ce0dd08,pend_cd9b567700c049fe,100,100,19.35,17.44,-0.019122609673790758
2026-06-25,300568,sell,18.360815000000002,500,9.59020375,close_stop,2026-06-24,18.573999999999998,23.515714285714285,fill_11594837a277bb32,cand_93d6536f8defd8e3,intent_0375a880804b44f6,pend_b427bf7ed33dafd9,500,500,19.68,18.37,0.0038251366120218844
2026-06-25,300679,sell,68.40578000000001,200,11.840578,three_bars_no_high,2026-06-24,63.395,76.98,fill_3f8277e54f565501,cand_6ee172f92de09486,intent_2340cd7d68ec47e9,pend_3302e2a3f2748057,200,200,63.89,68.44,0.011079923179199369
2026-06-26,003022,sell,26.996495000000003,400,10.399299000000001,three_bars_no_high,2026-06-25,26.156200000000002,33.902857142857144,fill_9280c22b64816df7,cand_f2effab23d9c0a95,intent_9b1dee50ae6364d9,pend_2715b3f08f72bd0c,400,400,28.28,27.01,-0.012431444241316258
2026-06-26,600246,buy,19.68984,700,5.13782888,strategy_v5_alpha_ranked_entry,2026-06-25,18.247600000000002,24.42,fill_be522a3ea7fdc29a,cand_c8c6a1217c2bf1ef,intent_984e1c7f1d381241,pend_98e586f5dc8d723c,700,700,19.71,19.68,-0.0010228310502283788
2026-06-26,002536,buy,51.525749999999995,300,5.0,strategy_v5_alpha_ranked_entry,2026-06-25,50.1368,61.56928571428571,fill_7a1fac8087863068,cand_db840d1fe5d612e8,intent_b8cf23e68e3bee75,pend_6c56ec210f876a01,300,300,51.89,51.5,-0.007019656966660404
2026-06-26,300382,buy,19.059525,400,5.0,strategy_v5_alpha_ranked_entry,2026-06-25,18.2378,22.89857142857143,fill_7b1c1f02f0e6165a,cand_ced7981f2758cc70,intent_cf558a05f2a55995,pend_5b1887d181e59185,400,800,19.05,19.05,0.0004999999999999449
2026-06-29,002536,sell,47.526225,300,12.128933749999998,close_stop,2026-06-26,50.1368,61.56928571428571,fill_bdf19e54fe82e35a,cand_db840d1fe5d612e8,intent_b8cf23e68e3bee75,pend_2dd63c1690d1a9f6,300,300,51.89,47.55,-0.011845386533665847
2026-06-29,002056,buy,30.23511,300,5.0,strategy_v5_alpha_ranked_entry,2026-06-26,29.2138,37.09428571428571,fill_e87844d79429e4ef,cand_d593657b2194808b,intent_d47598c4ddc64787,pend_7393383604e5c9e8,300,500,30.52,30.22,-0.00933453473132373
2026-06-30,300252,sell,16.621685,200,6.6621685,close_stop,2026-06-29,17.199,22.36714285714286,fill_1078674250aad83a,cand_674e075cd0899aae,intent_c9731a3bac70d03b,pend_42b861c961f7567c,200,200,18.69,16.63,0.01094224924012166
2026-06-30,002056,sell,28.815585,300,9.322337749999999,close_stop,2026-06-29,29.2138,37.09428571428571,fill_6a8cee64fbd1e7ee,cand_d593657b2194808b,intent_d47598c4ddc64787,pend_f70b7028c4413f99,300,300,30.52,28.83,0.0
2026-07-01,300382,sell,22.918535000000002,400,9.583707,target_close_confirmed,2026-06-30,20.03142857142857,22.89857142857143,fill_d554542c060d25d7,cand_ced7981f2758cc70,intent_cf558a05f2a55995,pend_5f1cf21bf7ac9aa4,400,400,19.05,22.93,-0.007788836001730859
2026-07-02,600246,sell,16.931530000000002,700,11.044556210000001,close_stop,2026-07-01,18.247600000000002,24.42,fill_e57cfcadabf7c884,cand_c8c6a1217c2bf1ef,intent_984e1c7f1d381241,pend_813cbe9cd7ba45c8,700,700,19.71,16.94,-0.0488489612577202
2026-07-02,600030,buy,29.384685,500,5.146923425,strategy_v5_alpha_ranked_entry,2026-07-01,27.9398,32.808571428571426,fill_4463873deae47966,cand_5113c2a328328dcb,intent_76bb90a59c5fe0fa,pend_a595506c56abe5c5,500,500,29.47,29.37,-0.0028949779436714396
2026-07-02,688216,buy,42.24111,300,5.12672333,strategy_v5_alpha_ranked_entry,2026-07-01,40.3858,53.153571428571425,fill_07b7ce815a907493,cand_e1f055dc8cdea450,intent_f978da0319431041,pend_73e4ddda8959bc34,300,300,42.75,42.22,-0.011903859649122883
2026-07-02,000970,buy,15.707849999999999,700,5.0,strategy_v5_alpha_ranked_entry,2026-07-01,15.0038,18.382857142857144,fill_9c942cdf20edddb2,cand_265d372f21ed0785,intent_ac82285ed0a7331e,pend_28557789c956c552,700,900,15.49,15.7,0.014063912201420115
2026-07-03,000970,add,16.438215,300,5.0,pyramid_add,2026-07-02,15.19,19.089285714285715,fill_5339fb384eb8273e,cand_265d372f21ed0785,intent_4d1f7fddbf10ff32,pend_4a5171fbd6cf91a1,300,300,16.1,16.43,0.02100714285714278
2026-07-03,002824,buy,32.67632999999999,100,5.0,strategy_v5_alpha_ranked_entry,2026-07-02,32.339999999999996,34.91,fill_9f83e20a30cb75cc,cand_7b9d889c8d92d57f,intent_8c9cb7f4278015d1,pend_7f3abbca9b30f1dc,100,100,33.18,32.66,-0.01517992766726961
2026-07-06,688216,sell,40.709635,300,11.228574155,close_stop,2026-07-03,43.71142857142857,53.153571428571425,fill_21483b15e2da4cd5,cand_e1f055dc8cdea450,intent_f978da0319431041,pend_a946a754855eaa8a,300,300,42.75,40.73,-0.007553606237816868
2026-07-06,002824,sell,32.093945,100,6.60469725,close_stop,2026-07-03,32.339999999999996,34.91,fill_9269dabe1e39e2af,cand_7b9d889c8d92d57f,intent_8c9cb7f4278015d1,pend_4b5742399898dcb8,100,100,33.18,32.11,0.0009351620947630757
2026-07-07,600030,sell,29.12543,500,12.42698465,three_bars_no_high,2026-07-06,27.9398,32.808571428571426,fill_a8150a2b352adaa7,cand_5113c2a328328dcb,intent_76bb90a59c5fe0fa,pend_5a4d0a8072d6804c,500,500,29.47,29.14,-0.003079028395484129
2026-07-09,000970,sell,15.03248,1000,12.51624,end_of_backtest,2026-07-09,15.19,19.089285714285715,fill_3755f338b0af4907,cand_265d372f21ed0785,intent_ac82285ed0a7331e,pend_28557789c956c552,1000,1000,15.49,15.8,0.020012911555842505
