code,name,entry_date,exit_date,entry_price,exit_price,shares,gross_pnl,costs,net_pnl,holding_days,entry_reason,exit_reason,entry_costs,exit_costs,entry_count,trade_id,position_id,entry_fill_id,exit_fill_id,candidate_id,order_intent_id,pending_order_id,signal_date,signal_close,next_open,opening_gap,planned_stop,planned_target,ex_ante_rr,initial_risk_cash,realized_r_multiple
603306,华懋科技,2026-01-06,2026-01-09,65.81289,63.668150000000004,100,-214.47399999999917,13.312888540000001,-227.78688853999915,3,strategy_v5_alpha_ranked_entry,three_bars_no_high,5.06581289,8.247075650000001,1,trade_ab82f2df0ac32d9a,pos_e01feb25e7faf397,fill_9fbc885460125d10,fill_63f83ed85eec76ef,cand_3886998a0f3c29d6,intent_b86d79e9dd9fbb27,pend_82a255c5b014f708,2026-01-05,65.78,65.78,0.0004999999999999449,62.523999999999994,74.87857142857143,2.794401544401539,328.88900000000024,-0.6925950352246472
600219,南山铝业,2026-01-06,2026-01-13,5.552775,5.7671149999999995,2700,578.718,18.09124228,560.62675772,7,strategy_v5_alpha_ranked_entry,three_bars_no_high,5.149924925,12.941317354999999,1,trade_bf4b6565911898f1,pos_6b13c1b13e8e9609,fill_3c642eea09e515a7,fill_4b7853ee54506c4e,cand_bae279a13562ebe9,intent_30242dacd1b63401,pend_fd49f9a63cf0c03b,2026-01-05,5.5,5.55,0.009595454545454407,5.311599999999999,6.04,2.866242038216552,651.1725000000004,0.8609496834095416
002446,盛路通信,2026-01-06,2026-01-13,10.625309999999999,13.873060000000002,200,649.5500000000006,11.387306,638.1626940000007,7,strategy_v5_alpha_ranked_entry,target_close_confirmed,5.0,6.387306000000001,1,trade_294c1eae64d4e049,pos_3ccd9660fcba7a4f,fill_8b771b2157f6ba60,fill_8ed4ea44566effff,cand_ff067ca99be3ba78,intent_70209a6ae577fbac,pend_ac406a76af91b4f1,2026-01-05,10.77,10.62,-0.01343454038997216,10.29,12.602142857142857,3.8169642857142825,67.06199999999995,9.51601046792522
600320,振华重工,2026-01-12,2026-01-15,5.292644999999999,5.11744,1000,-175.20499999999916,12.66282085,-187.86782084999916,3,strategy_v5_alpha_ranked_entry,three_bars_no_high,5.05292645,7.6098944,1,trade_f29cbfcb4ed52d6e,pos_698b4358c60b8c4c,fill_28f689f270286a15,fill_6e58d034dc54de18,cand_5e5f3cc8567452b2,intent_044d1ac59db2e27c,pend_7223cdbeac4c088f,2026-01-09,5.3,5.29,-0.0013877358490567149,5.0568,5.795,2.0353618421052646,235.8449999999994,-0.7965732614640957
601100,恒立液压,2026-01-14,2026-01-15,119.81988,112.9435,100,-687.6379999999997,15.87993838,-703.5179383799997,1,strategy_v5_alpha_ranked_entry,close_stop,5.11981988,10.7601185,1,trade_7470141add57d328,pos_90074a0c3729702a,fill_22e35b7909ac9a01,fill_504adf699843ff24,cand_c16bcfd86f9e9cc5,intent_9533a159d8298a8a,pend_ac917c2656dc8ef8,2026-01-13,120.29,119.76,-0.003908221797323197,116.0516,136.77,3.8882597206492906,376.82800000000043,-1.8669470909274228
002985,北摩高科,2026-01-06,2026-01-16,32.11605,33.513235,400,558.8740000000001,16.702647,542.1713530000002,10,strategy_v5_alpha_ranked_entry,close_stop,5.0,11.702646999999999,1,trade_ff612e122988c51f,pos_80c680d5dd92971f,fill_eaae38601ea1bcbd,fill_2c62351c26b613ee,cand_ce317c6ee7bc3126,intent_bec463ec5e3e2485,pend_30a828fe427b235b,2026-01-05,32.37,32.1,-0.00784522706209445,30.8994,36.20142857142857,2.605350585766749,486.66000000000054,1.1140659865203624
600650,锦江在线,2026-01-16,2026-01-19,16.88844,16.081955,800,-645.1879999999989,16.69654516,-661.8845451599989,3,strategy_v5_alpha_ranked_entry,close_stop,5.13510752,11.56143764,1,trade_1d85474cde11f119,pos_51c8ea4d3d28f063,fill_4e6e5e029ea8d3f9,fill_6948e82527c66a8d,cand_235d13b697e8cbfa,intent_b3e451c7af22e7d9,pend_f1a1be876f754604,2026-01-15,17.12,16.88,-0.013525700934579499,16.718799999999998,19.020714285714284,4.737572995299774,135.7120000000009,-4.877126158040516
000933,神火股份,2026-01-06,2026-01-20,29.324654999999996,31.934025000000002,100,260.9370000000006,11.59670125,249.34029875000058,14,strategy_v5_alpha_ranked_entry,target_close_confirmed,5.0,6.596701250000001,1,trade_661b6bdf93a36714,pos_67180380bcf9588d,fill_b7b78b7ac9524f2a,fill_97834f5d897cc32c,cand_9eeec22227227f43,intent_36ddd8c674426ba4,pend_7a2271da68bea487,2026-01-05,28.47,29.31,0.030019494204425623,27.6948,31.523571428571426,3.9390756302521086,162.98549999999955,1.529831173632018
601212,白银有色,2026-01-14,2026-01-22,6.826941176470588,8.245875,1700,2412.1875,22.265231625,2389.922268375,8,strategy_v5_alpha_ranked_entry,target_close_confirmed,10.116057999999999,12.149173625,2,trade_b1b6268d2252f571,pos_4b616e7a705c98a2,fill_637064ed72586454,fill_d156fa572e404d27,cand_6215266782bf8ea7,intent_9b8f4825756334ba,pend_83c4b9311d1bb57f,2026-01-13,6.55,6.7,0.023412213740457988,6.1642,7.675000000000001,2.916018662519445,539.1499999999994,4.432759470230923
688147,微导纳米,2026-01-19,2026-01-22,79.05950999999999,78.410775,100,-64.87349999999878,14.078009035000001,-78.9515090349988,3,strategy_v5_alpha_ranked_entry,three_bars_no_high,5.07905951,8.998949525,1,trade_7dce19bdc9368596,pos_c611911a8a95a70e,fill_d6065580fd3e2a36,fill_06ae582f39113c7b,cand_8d1c58764c6021b6,intent_832646cccfe2dd73,pend_e6462b3e6c8cbc19,2026-01-16,79.5,79.02,-0.005540754716981233,74.28399999999999,93.56357142857144,2.6962368536371577,477.5509999999997,-0.16532581658293846
002957,科瑞技术,2026-01-16,2026-01-27,24.148735,23.86806,600,-168.4049999999992,22.160418,-190.5654179999992,11,strategy_v5_alpha_ranked_entry,time_stop,10.0,12.160418,2,trade_59920cf44a5a0c49,pos_0430f5fcd40c86a2,fill_86392d7a8d31118d,fill_20d44dd7043d9d8c,cand_fd80f613e72b90ae,intent_4c4ffec47b67f98d,pend_962e0bb4fc8d23c0,2026-01-15,24.01,24.1,0.0042503123698458545,22.736,26.635,2.060439560439559,550.4199999999997,-0.34621819337959975
600487,亨通光电,2026-01-20,2026-01-27,27.4137,30.68465,100,327.09500000000025,11.59233085,315.50266915000026,7,strategy_v5_alpha_ranked_entry,target_close_confirmed,5.0274137,6.56491715,1,trade_888145d16ff5d8b6,pos_a315a500fccf3dcf,fill_8e7bd0cbc32196bd,fill_409d1e93d2670e87,cand_a72535d507262df6,intent_34580949fcddf879,pend_a3e16024ae51708e,2026-01-19,27.08,27.4,0.012322747415066448,26.3718,30.035000000000004,4.172550127082765,104.18999999999983,3.0281473188405874
002080,中材科技,2026-01-23,2026-01-28,41.350665,38.9805,200,-474.033,13.89805,-487.93105,5,strategy_v5_alpha_ranked_entry,three_bars_no_high,5.0,8.89805,1,trade_4154e5f88fee5402,pos_2453df1576b2712c,fill_93d99f0743fd0f06,fill_d6353e29c0ee1d56,cand_60247cc3ece7e7cb,intent_4445a9feff8df63b,pend_530d192c0fc13ec3,2026-01-22,41.14,41.33,0.005120685464268249,38.416000000000004,46.7,2.0411160058737186,586.9329999999991,-0.8313232515466004
300739,明阳电路,2026-01-23,2026-01-29,20.009999999999998,19.240375,700,-538.7374999999985,16.73413125,-555.4716312499985,6,strategy_v5_alpha_ranked_entry,three_bars_no_high,5.0,11.73413125,1,trade_efa5f6624cd578db,pos_36826ff595463745,fill_29e864f946bdb444,fill_e52b079a98b96cd2,cand_37738499082f6485,intent_9b13edd2442e3f38,pend_2ec38b15f46414b8,2026-01-22,20.01,20.0,-2.220446049250313e-16,18.963,22.240000000000002,2.1298949379178596,732.8999999999979,-0.7579091707599946
002585,双星新材,2026-01-26,2026-01-29,7.8739349999999995,7.286355,200,-117.51599999999982,10.7286355,-128.24463549999982,3,strategy_v5_alpha_ranked_entry,three_bars_no_high,5.0,5.7286355,1,trade_d16dda0a1b3637b5,pos_daa77141a3bdb6e9,fill_44139a2462a526cd,fill_dda0abf5834f1a4f,cand_0c02e42f10a599b5,intent_646aceeb4bfb4d3a,pend_3176d2aa5df0db8d,2026-01-23,7.99,7.87,-0.014526282853567052,7.408799999999999,9.19,2.06469373709566,93.02700000000002,-1.3785743440076514
688601,力芯微,2026-01-29,2026-02-02,56.258115,50.57470000000001,200,-1136.682999999998,15.271135630000003,-1151.9541356299978,4,strategy_v5_alpha_ranked_entry,close_stop,5.11251623,10.158619400000003,1,trade_bde98ededde7b817,pos_ae6e197ee7a6b08a,fill_00065775f59b7321,fill_6e4d02e9f82df300,cand_d9c1cec06fc40e26,intent_0b6449b257bb868d,pend_6d1d1f149782443e,2026-01-28,56.54,56.23,-0.004985585426246941,52.8024,65.15642857142856,2.305337267612522,691.1429999999996,-1.6667377599570545
300863,卡倍亿,2026-01-30,2026-02-02,55.097535,60.41977500000001,200,1064.4480000000017,16.0419775,1048.4060225000017,3,strategy_v5_alpha_ranked_entry,target_close_confirmed,5.0,11.041977500000002,1,trade_1965e75f746eee80,pos_99ab2cb2294a1e37,fill_a19f4e4c96f34ce3,fill_01519250d2d5026a,cand_26d34deafb8c80f6,intent_b18aa654f8c79478,pend_1fb0daa56318282a,2026-01-29,55.0,55.07,0.0017733636363637117,53.76279999999999,58.47,2.8047203362431095,266.9470000000018,3.9273939115254883
300708,聚灿光电,2026-01-29,2026-02-03,10.38519,10.044975,1300,-442.27949999999845,16.52923375,-458.80873374999845,5,strategy_v5_alpha_ranked_entry,close_stop,5.0,11.52923375,1,trade_b48286960a221249,pos_9a99c4617b538339,fill_ce3309eb15eaec42,fill_8fc7c317b0a061f8,cand_581e18fb6938cb4d,intent_1a43dc3f1aa67584,pend_0f5c0206ea51ea1e,2026-01-28,10.51,10.38,-0.011875356803044745,9.9274,11.8,2.2142121524201896,595.126999999999,-0.770942561419662
601857,中国石油,2026-01-29,2026-02-05,10.90545,10.604695,1300,-390.9815000000007,17.172683635,-408.1541836350007,7,strategy_v5_alpha_ranked_entry,three_bars_no_high,5.14177085,12.030912785,1,trade_8171f8ae4cc82ca7,pos_46689c25554d783a,fill_eb995b2797042992,fill_3cb5eba4fdb1ca86,cand_d779e30efdc34a5d,intent_29f1fae98aa5815a,pend_a110c18a16c21627,2026-01-28,10.77,10.9,0.01257660167130914,10.3194,11.815714285714286,2.3207152368270907,761.8650000000002,-0.5357303244472453
000415,渤海租赁,2026-02-03,2026-02-05,4.36218,4.587705,2500,563.8124999999983,15.73463125,548.0778687499983,2,strategy_v5_alpha_ranked_entry,target_close_confirmed,5.0,10.73463125,1,trade_68c23e2ecd9fcb2c,pos_260ab71a4807adbd,fill_022db3d841e7b52d,fill_c6a62d6e8bc62fb5,cand_2696e5d1b52bfb37,intent_7ede09b417116cf3,pend_c409017205090fdf,2026-02-02,4.33,4.36,0.0074318706697460435,4.2238,4.55,2.071563088512233,345.9500000000015,1.5842690237028354
002970,锐明技术,2026-02-02,2026-02-06,61.49073,72.28384,200,2158.622,17.228384,2141.393616,4,strategy_v5_alpha_ranked_entry,target_close_confirmed,5.0,12.228384,1,trade_abfc7a684458f2e4,pos_f086038254550180,fill_60e907a13ac9baba,fill_79851cc23246ef14,cand_1ff9618e6e6f76cc,intent_83b2d95106d892ae,pend_2adb2a06707464ea,2026-01-30,61.51,61.46,-0.0003132823931067952,58.2904,69.96357142857143,2.62565891060114,640.0660000000003,3.3455825118034688
300398,飞凯材料,2026-02-04,2026-02-06,27.83391,25.757115000000002,500,-1038.3974999999984,16.43927875,-1054.8367787499985,2,strategy_v5_alpha_ranked_entry,close_stop,5.0,11.43927875,1,trade_881ab7f3edbc8cc2,pos_21aaac152dddffd5,fill_f4c08ae9723bdd8c,fill_0f3e0a39413c58a0,cand_707c5b49dfa1527f,intent_6aec17891f31706d,pend_0780efd3d85cea73,2026-02-03,28.23,27.82,-0.014030818278427226,26.509,32.42,2.434631028471819,662.4549999999996,-1.5923146157097452
688155,先惠技术,2026-02-04,2026-02-10,97.51873499999999,92.9535,100,-456.5234999999987,14.838147235000001,-471.3616472349987,6,strategy_v5_alpha_ranked_entry,three_bars_no_high,5.097518735,9.7406285,1,trade_1fa29297585765f3,pos_8c5f32eb38b82a82,fill_acaf3ce1a30a5ef2,fill_d91264058202ab13,cand_8548b3fbdecebfc0,intent_e885a92f1d94b4df,pend_a1ff7d981c688b03,2026-02-03,97.98,97.47,-0.004707746478873398,90.16,119.61642857142859,2.7668067226890742,735.8734999999996,-0.640547114735072
600233,圆通速递,2026-02-06,2026-02-11,17.908949999999997,17.901045,800,-6.323999999997909,17.44689796,-23.77089795999791,5,strategy_v5_alpha_ranked_entry,three_bars_no_high,5.1432716,12.303626359999999,1,trade_04a0921077523c14,pos_e073e0dea53039e3,fill_c03ec6044519f302,fill_3af37f8e7908f593,cand_605e77e38be63654,intent_c75b9b0171e3983c,pend_6f9ff936de3f03f3,2026-02-05,18.13,17.9,-0.012192498621070191,17.346,19.70285714285714,2.0061953352769697,450.35999999999774,-0.05278199209520834
001896,豫能控股,2026-02-10,2026-02-12,6.803399999999999,8.285855,2200,3261.4010000000017,19.1144405,3242.2865595000017,2,strategy_v5_alpha_ranked_entry,target_close_confirmed,5.0,14.1144405,1,trade_4640ec92f5092768,pos_7c797d9b09c53e51,fill_cc60071011694330,fill_672ae626fd72863f,cand_1c83a73d5dfe7b57,intent_5096165b10e40413,pend_4efa872e24447861,2026-02-09,6.77,6.8,0.0049335302806499115,6.4386,7.524285714285714,2.2760582808862875,802.5599999999976,4.039930422024536
300739,明阳电路,2026-02-10,2026-02-25,20.43021,24.287850000000002,700,2700.3480000000027,18.500747500000003,2681.8472525000025,15,strategy_v5_alpha_ranked_entry,target_close_confirmed,5.0,13.500747500000001,1,trade_5fac608cdea53498,pos_05b8e80c62318870,fill_1807366d3d266d16,fill_602c9086e642a120,cand_69e00d7dd88d239b,intent_6fbafeb829367332,pend_10b777c5c8d0c777,2026-02-09,20.71,20.42,-0.013509898599710413,19.5412,23.3,2.2159479808350424,622.3069999999993,4.309524483092758
300408,三环集团,2026-02-11,2026-02-25,56.058015,67.96600000000001,100,1190.798500000001,13.3983,1177.400200000001,14,strategy_v5_alpha_ranked_entry,target_close_confirmed,5.0,8.3983,1,trade_b9d3f1a42d79f311,pos_02e35ccfaf6fcd50,fill_cb6be1e015610adb,fill_6c0dc3d5dcb36a87,cand_e1233d32cdafcfb8,intent_6da22227eb6b082f,pend_c97daf03aa4d408d,2026-02-10,56.75,56.03,-0.012193568281938405,53.70399999999999,64.11500000000001,2.417925147734732,235.4015000000004,5.0016682136689825
300738,奥飞数据,2026-02-12,2026-02-25,25.798607142857144,24.237875000000003,700,-1092.5124999999987,23.48325625,-1115.9957562499987,13,strategy_v5_alpha_ranked_entry,close_stop,10.0,13.48325625,2,trade_7697669c0ab1531a,pos_93799f2bd6724110,fill_66f53629001ee403,fill_f5f455bd7d6d58c6,cand_29debcf2b6bc58c2,intent_4befd1f8e998b36b,pend_684aacc00782e571,2026-02-11,25.28,25.78,0.020288370253164434,23.7944,29.69,2.968497576736669,999.2450000000001,-1.116838969672101
603876,鼎胜新材,2026-02-10,2026-03-04,18.357174,18.200895000000003,1000,-156.27899999999784,24.466028190000003,-180.74502818999784,22,strategy_v5_alpha_ranked_entry,close_stop,10.18357174,14.282456450000002,2,trade_8f42d32bbeadb19a,pos_b397ae1e166373c9,fill_47a3c3187871c3fb,fill_a5394a96aa683a3c,cand_e87ae7d2ea64838f,intent_349f4d2fd5e13361,pend_f330ecb1216a1d4a,2026-02-09,18.35,18.26,-0.00440708446866489,17.659599999999998,21.32,4.301853997682477,487.6240000000024,-0.37066475027889717
002297,博云新材,2026-02-26,2026-03-04,13.776884999999998,11.65417,600,-1273.6289999999985,13.496251,-1287.1252509999986,6,strategy_v5_alpha_ranked_entry,close_stop,5.0,8.496251,1,trade_37352eae1740e418,pos_976b2d7832cf9863,fill_06f2c16ecdf8ef07,fill_ded16b67fe699011,cand_bb7b342f9082c168,intent_52d8a1edb4d822fe,pend_f8d2605cac5f106e,2026-02-25,13.63,13.77,0.010776595744680595,12.9458,15.470714285714287,2.6903161147534123,498.6509999999988,-2.581214619042179
600388,龙净环保,2026-02-13,2026-03-05,18.959474999999998,19.620185,100,66.07100000000017,11.01958891,55.05141109000017,20,strategy_v5_alpha_ranked_entry,close_stop,5.018959475,6.000629435,1,trade_46acaafda26061d9,pos_27ba2325a7b2e4e5,fill_8f4af2e5e03c0fc5,fill_5113ceaf42628a65,cand_2be882fe46977565,intent_00b1d62912cd678d,pend_22f7d7df0f720d06,2026-02-12,19.01,18.95,-0.002657811678064337,18.1986,21.11642857142857,2.596042114158939,76.08749999999986,0.7235276634138363
603612,索通发展,2026-02-26,2026-03-05,33.4167,33.992995,400,230.5180000000007,17.06823778,213.4497622200007,7,strategy_v5_alpha_ranked_entry,three_bars_no_high,5.1336668,11.93457098,1,trade_bac782169d9f0241,pos_5c40c386758e9992,fill_423f7c9cebf5bf76,fill_b334a1c41ae3f2b8,cand_8bbde6c8324f7ab8,intent_2b01aa146ea88989,pend_d029a37b785f852e,2026-02-25,33.42,33.4,-9.874326750458629e-05,30.8994,38.950714285714284,2.1942054612847253,1006.9199999999995,0.21198284096055378
300215,电科院,2026-03-06,2026-03-11,10.535264999999999,10.604695,1300,90.25900000000071,16.893051749999998,73.36594825000071,5,strategy_v5_alpha_ranked_entry,three_bars_no_high,5.0,11.89305175,1,trade_c25c05b7479d8025,pos_9970521fdbc76115,fill_8284b520ec60e3e8,fill_420738b722897dfe,cand_90f6178a6e25c342,intent_36882b51fad25ed0,pend_5b67e011f2df96cf,2026-03-05,10.72,10.53,-0.01723274253731355,9.9274,12.822142857142858,2.6522115280631544,790.2244999999981,0.09284190536993081
002270,华明装备,2026-03-06,2026-03-12,36.03801,36.081950000000006,400,17.576000000002523,17.21639,0.3596100000025224,6,strategy_v5_alpha_ranked_entry,three_bars_no_high,5.0,12.21639,1,trade_aa84f5a24d05fe9f,pos_ef69b6bc872e8eb1,fill_f9c7108994afdc4e,fill_6e9e9185d507d791,cand_56f0c153daf8fbe3,intent_1cec853bb2ae1d6c,pend_7fae5d79bbf00af9,2026-03-05,36.3,36.02,-0.007217355371900713,34.593999999999994,42.25714285714285,3.4918774074694285,577.6040000000023,0.000622589178749664
000875,电投绿能,2026-02-26,2026-03-16,7.546271249999998,8.07596,2800,1483.128500000005,26.959516,1456.1689840000051,18,strategy_v5_alpha_ranked_entry,three_bars_no_high,10.0,16.959516,2,trade_176cd6f5f93dfaab,pos_24df102e56202f49,fill_a44fb04e3b424220,fill_e0f0c19247187301,cand_b81067ed34d167bd,intent_d015c296bf6a19b0,pend_7c81f3ee63cb101f,2026-02-25,7.51,7.5,-0.000832223701731083,7.1442,8.577142857142857,2.9172850113254682,755.0549999999992,1.9285601499228622
000591,太阳能,2026-03-06,2026-03-17,6.153075,6.006995,2600,-379.80800000000113,17.8090935,-397.61709350000115,11,strategy_v5_alpha_ranked_entry,close_stop,5.0,12.8090935,1,trade_aea3c6bdcb4d20b9,pos_975375f228d13e06,fill_a6c50fd17c5d95e2,fill_4d01cc75bc135b5c,cand_b6cf0a9327b857a3,intent_29f38259d5413d51,pend_d1934310ba66712f,2026-03-05,6.07,6.15,0.013686161449752987,5.8114,6.792142857142857,2.792509115014911,888.355000000001,-0.44758806276770063
600863,华能蒙电,2026-03-06,2026-03-17,5.28264,5.187405000000001,900,-85.71149999999896,12.428562655,-98.14006265499896,11,strategy_v5_alpha_ranked_entry,time_stop,5.04754376,7.381018895000001,1,trade_9f3c36afca5ea678,pos_420fb5a6f81bd619,fill_b4d0f8c433936065,fill_a51cee9dd41b5017,cand_4a4608029807c99a,intent_c449725ec7b6c04f,pend_457f2f901cdcfb57,2026-03-05,5.29,5.28,-0.0013913043478260834,5.1156,5.7335714285714285,2.5434141546526816,150.33600000000007,-0.6528048016110507
002056,横店东磁,2026-03-12,2026-03-17,23.0965425,23.72813,400,252.63499999999937,19.745626,232.88937399999935,5,strategy_v5_alpha_ranked_entry,close_stop,10.0,9.745626000000001,2,trade_8f9139caafacfd77,pos_bcfc7227f9f09cc5,fill_09ffa0a84ae88ec2,fill_d0f6d9517318b135,cand_48f006dfe8be48ee,intent_35c9fe714f184810,pend_3ad59f4222136584,2026-03-11,22.83,22.85,0.001376478318002805,21.9128,25.44214285714286,2.847953398542158,284.5875,0.8183401379189155
600666,奥瑞德,2026-03-13,2026-03-18,4.342169999999999,4.107945000000001,1800,-421.6049999999974,13.84925257,-435.4542525699974,5,strategy_v5_alpha_ranked_entry,close_stop,5.07815906,8.771093510000002,1,trade_d556c11c4c8112ab,pos_06554781c91cfa1e,fill_d5a83f36af052f97,fill_07fed9d01ea62e16,cand_f3ea3de5a3e613b8,intent_908e521d4a40c792,pend_0b9af60a10bb0efa,2026-03-12,4.41,4.34,-0.015380952380952495,4.1552,5.035714285714286,2.4557075577483696,336.54599999999937,-1.2938922244507385
600667,太极实业,2026-03-18,2026-03-23,11.705849999999998,10.09495,1300,-2094.1699999999964,16.8451279,-2111.0151278999965,5,strategy_v5_alpha_ranked_entry,close_stop,5.15217605,11.69295185,1,trade_cf35719e42813999,pos_4d8fa4795a1ac5aa,fill_5b1a9c31b4a6e5fe,fill_7e407b4a159e009d,cand_acb8afc3598dc537,intent_01c119f3b122e6d7,pend_45ba559da677d35b,2026-03-17,11.59,11.7,0.009995685936151633,10.9956,13.687857142857142,3.5293693520476808,923.324999999998,-2.2863186070993433
300279,和晶科技,2026-03-17,2026-03-24,11.30565,9.685155,1000,-1620.4950000000001,14.8425775,-1635.3375775000002,7,strategy_v5_alpha_ranked_entry,close_stop,5.0,9.8425775,1,trade_7262d464e0450e60,pos_6cef4fb2a0e54ed6,fill_2d69e2b2da897970,fill_e2e8df4c0a64a95a,cand_f229a9662f6ae995,intent_e7381b48fe1e6dec,pend_2e7c8568d6ce5fc0,2026-03-16,11.22,11.3,0.007633689839572133,10.3194,13.20857142857143,2.2080517750071373,986.2500000000001,-1.6581369607097591
601991,大唐发电,2026-03-20,2026-03-24,4.152075,4.09795,3600,-194.8499999999999,17.6733109,-212.5233108999999,4,strategy_v5_alpha_ranked_entry,close_stop,5.1494747,12.5238362,1,trade_d365fd0db25d7730,pos_2de254ef44b1bbb2,fill_e90ab617b45bb460,fill_90c2bf912c71fb69,cand_1baa10b65075d8dd,intent_2a4f60223a561fec,pend_ca3872de27a31753,2026-03-19,4.18,4.15,-0.006680622009569315,4.0572,4.44,2.1172638436482174,341.5500000000002,-0.6222319159713067
601225,陕西煤业,2026-03-23,2026-03-27,27.513749999999998,25.987000000000002,400,-610.6999999999985,15.411403000000004,-626.1114029999984,4,strategy_v5_alpha_ranked_entry,three_bars_no_high,5.110055,10.301348000000003,1,trade_6525dbd286bea2b5,pos_c520d340cd107c7d,fill_8f4f1bbfe35556d1,fill_dfe08ec838d6025e,cand_652506f880cb9e61,intent_b14a3f5284063e18,pend_093d9cf2c1e4676c,2026-03-20,27.16,27.5,0.013024668630338576,25.676,30.41071428571428,2.1905082787832058,735.0999999999999,-0.8517363664807489
300231,银信科技,2026-03-26,2026-03-30,12.50625,11.764115,1100,-816.3484999999993,16.470263250000002,-832.8187632499993,4,strategy_v5_alpha_ranked_entry,close_stop,5.0,11.47026325,1,trade_227cf3be845c5366,pos_2ae489403d6df5e6,fill_29ba9090851a20c3,fill_a844c36bf6eddf10,cand_e78444eaabf3e66f,intent_17635da8d4bee5d3,pend_01ac904b8d85fdc4,2026-03-25,12.85,12.5,-0.02675097276264593,12.0736,14.414285714285713,2.014793552660633,475.91499999999877,-1.74993173833563
000509,华塑控股,2026-03-26,2026-03-30,4.5822899999999995,4.11794,3200,-1485.9199999999987,16.588704,-1502.5087039999987,4,strategy_v5_alpha_ranked_entry,close_stop,5.0,11.588704,1,trade_800b5fc21f7a1b69,pos_c9a9fd48ea620da1,fill_465badcd04671ee7,fill_20419a9935964514,cand_b41f1033773f66aa,intent_202de8b27d42fc35,pend_ee603780f787d7cf,2026-03-25,4.59,4.58,-0.0016797385620915817,4.3218,5.498571428571428,3.3876637903483506,833.5679999999996,-1.8025028599946247
000968,蓝焰控股,2026-03-30,2026-04-01,11.915955,10.144925,100,-177.10299999999995,10.50724625,-187.61024624999996,2,strategy_v5_alpha_ranked_entry,close_stop,5.0,5.50724625,1,trade_60f81a55094e64d4,pos_913604931d03ed10,fill_1475a4ccf73bed25,fill_e09f9135a52e7d90,cand_ca18d018a3df3402,intent_756c8a42554a9f4b,pend_8e9abe43f95fe644,2026-03-27,11.57,11.91,0.02990103716508208,10.7898,13.925,3.018456805947191,112.61550000000007,-1.665936272093982
603977,国泰集团,2026-03-30,2026-04-02,16.638315,16.761615,600,73.98000000000025,15.22888408,58.751115920000245,3,strategy_v5_alpha_ranked_entry,three_bars_no_high,5.09982989,10.12905419,1,trade_ecb07a271f5daf07,pos_ea67d8cb3c48f070,fill_54f4206597aa5df2,fill_55bd43a8f9ca88e6,cand_026b4bb3716791e3,intent_688b6eecb9c43b0f,pend_0ad4ee801bbaeded,2026-03-27,17.0,16.63,-0.021275588235294185,15.758399999999998,19.880000000000003,2.3195876288659782,527.9490000000003,0.11128180168917871
603738,泰晶科技,2026-03-31,2026-04-03,26.35317,25.417285,500,-467.9424999999995,16.613173525,-484.55567352499946,3,strategy_v5_alpha_ranked_entry,close_stop,5.13176585,11.481407675,1,trade_33e9f061cd7cb352,pos_0a589a244bd2c3ca,fill_7e913907fd84d2cd,fill_122ac90af9d7a538,cand_3cd61b91ebd2a62d,intent_8f032b6935293db4,pend_0b270af3f87515af,2026-03-30,26.85,26.34,-0.018503910614525276,25.0978,32.63142857142857,3.2995254944804038,627.6849999999996,-0.771972682993858
603876,鼎胜新材,2026-03-31,2026-04-03,22.73136,22.22888,100,-50.24799999999985,11.15640424,-61.40440423999985,3,strategy_v5_alpha_ranked_entry,three_bars_no_high,5.02273136,6.13367288,1,trade_48280a57ea63fc7b,pos_3b88fbbb04ea4243,fill_f706cd18ae386bb7,fill_c421e5b8717df17e,cand_c7eaafbda6ff80a0,intent_7644270830d6dba5,pend_fcbf1959c22503e0,2026-03-30,23.28,22.72,-0.023567010309278436,21.756,27.73071428571428,2.9204161979752477,97.53599999999985,-0.6295563098753275
002980,华盛昌,2026-03-26,2026-04-08,40.250114999999994,54.972500000000004,300,4416.715500000003,18.245874999999998,4398.469625000003,13,strategy_v5_alpha_ranked_entry,target_close_confirmed,5.0,13.245875,1,trade_321f8cadf8fe1d31,pos_4b8cbec8a22d8f42,fill_79508907406e4fe9,fill_68ea86a3e1a76e50,cand_e90bbb40deb4c576,intent_5c8f13edcad31df8,pend_5d2014c5a32e6d0c,2026-03-25,40.51,40.23,-0.0064153295482597406,37.886799999999994,49.13285714285714,3.2871520062736845,708.9945,6.203813463997257
301312,智立方,2026-04-03,2026-04-13,105.862905,116.02196,100,1015.905500000001,15.801098,1000.104402000001,10,strategy_v5_alpha_ranked_entry,three_bars_no_high,5.0,10.801098,1,trade_a5750a70656a7408,pos_a54811c77833abda,fill_0adc105a61aaef40,fill_ebec2d32dd662028,cand_39bf731eeb7dcbe0,intent_ec9c3ddbb9032ad4,pend_b7f62430a22b14a8,2026-04-02,103.31,105.81,0.024711112186622808,97.66680000000001,127.68928571428572,4.320117258698211,819.6104999999989,1.2202191187155391
002840,华统股份,2026-04-03,2026-04-14,12.406199999999998,12.5937,600,112.50000000000107,18.778109999999998,93.72189000000107,11,strategy_v5_alpha_ranked_entry,three_bars_no_high,10.0,8.77811,2,trade_4a9cd9fd1314bb81,pos_70b5f5c4af58cf19,fill_b0930c5759cc2606,fill_05c519175c8f3c81,cand_1945fc7e9ee56ea5,intent_5c17cef10d43f13f,pend_89ff58222cc30141,2026-04-02,11.54,11.52,-0.001233968804159491,10.887799999999999,13.290714285714284,2.684321198580624,127.59199999999993,0.7345436234246749
300531,优博讯,2026-04-09,2026-04-14,20.410199999999996,19.860065000000002,700,-385.09449999999566,16.95102275,-402.04552274999565,5,strategy_v5_alpha_ranked_entry,three_bars_no_high,5.0,11.95102275,1,trade_2c0d2b49ca7a398b,pos_88aaf0905f4287c6,fill_5967ac86694af886,fill_68d7df2358d7412a,cand_80c6db01f912345d,intent_51e343af313ed9b6,pend_b8ec9e716db54463,2026-04-08,20.84,20.4,-0.020623800383877344,19.5118,24.187142857142856,2.5200593714371773,628.8799999999967,-0.6393040369386811
603118,共进股份,2026-04-09,2026-04-15,13.860259999999998,13.89305,300,9.837000000000629,17.16721743,-7.330217429999372,6,strategy_v5_alpha_ranked_entry,three_bars_no_high,10.04158078,7.125636650000001,2,trade_690914af4402157b,pos_2baf23270dd48d21,fill_b81843623ea8c159,fill_0469bc7545bba27c,cand_7d864c0fcbf662ac,intent_70120d647bfc5f7c,pend_11b7b1b01ea86036,2026-04-08,13.96,13.67,-0.02028402578796573,13.279,15.935714285714287,2.901195720578977,79.56699999999977,-0.09212635175386019
600602,云赛智联,2026-04-09,2026-04-16,24.342164999999998,23.918035,600,-254.47799999999887,17.4649717,-271.94297169999885,7,strategy_v5_alpha_ranked_entry,close_stop,5.14605299,12.31891871,1,trade_b57e7cdfb2c98867,pos_70d3f927d3c3a2f7,fill_119b86ef14b8bda9,fill_aa27b88e9539e22e,cand_3ae80a28564b45de,intent_38f0caf5f5f36a0d,pend_840c4eeede1fe4db,2026-04-08,25.05,24.33,-0.028256886227545075,23.9414,29.21785714285714,3.7595680523697856,240.45899999999776,-1.1309328064243858
002638,勤上股份,2026-04-15,2026-04-20,4.682339999999999,4.63768,1100,-49.12599999999942,12.550723999999999,-61.676723999999425,5,strategy_v5_alpha_ranked_entry,three_bars_no_high,5.0,7.550724,1,trade_1a837f48552dedd9,pos_8492250253d5951b,fill_a26a1c122227384e,fill_ec888454a12157c5,cand_def9b3d307c35e5e,intent_9c86a3ea3b6319f6,pend_38d8e7da9bcae815,2026-04-14,4.71,4.68,-0.005872611464968314,4.4394,5.485714285714286,2.8666455495723797,267.23399999999896,-0.2307966950313196
603876,鼎胜新材,2026-04-14,2026-04-23,24.61897,24.087950000000003,600,-318.61199999999883,22.518626519999998,-341.1306265199988,9,strategy_v5_alpha_ranked_entry,time_stop,10.14771382,12.3709127,2,trade_d4f7b23434055e44,pos_6324c5d79a7f9cbb,fill_5f05e0a8e87613b1,fill_3f2c3b4b56540fea,cand_b646ddef6a012dad,intent_33564f6392d0a728,pend_132099afb9571f19,2026-04-13,24.4,24.38,-0.000320081967213115,22.8634,28.655714285714282,2.7695654599207886,611.5160000000003,-0.5578441553777802
300201,海伦哲,2026-04-16,2026-04-23,12.126059999999999,11.644175,300,-144.5654999999995,11.74662625,-156.3121262499995,7,strategy_v5_alpha_ranked_entry,three_bars_no_high,5.0,6.74662625,1,trade_323479eff419395f,pos_39829662e811992a,fill_dd0ed9fcb921afc7,fill_fe6469df4a468bf7,cand_78b5ca38edf44b79,intent_d311a5b5ec901ea9,pend_d8074241e7aa25d9,2026-04-15,12.22,12.12,-0.007687397708674437,11.416999999999998,13.994285714285716,2.209571250667136,212.71800000000027,-0.7348326246485924
603158,腾龙股份,2026-04-15,2026-04-24,13.46673,13.09345,1000,-373.2799999999994,16.8123268,-390.0923267999994,9,strategy_v5_alpha_ranked_entry,time_stop,5.1346673,11.6776595,1,trade_a12657d1193ad9bd,pos_9fb714b480194ebc,fill_19dd902b66daa0cb,fill_1da35270e3964a75,cand_1fbc42cac20a6cfa,intent_4c30cccd3ad6512b,pend_a5c9f7874b9fb1f1,2026-04-14,13.46,13.46,0.0004999999999999449,12.4754,15.707857142857144,2.2830155828327667,991.3299999999996,-0.3935040065366725
002246,北化股份,2026-04-21,2026-04-24,27.063525,24.927530000000004,300,-640.7984999999983,13.7391295,-654.5376294999983,3,strategy_v5_alpha_ranked_entry,three_bars_no_high,5.0,8.7391295,1,trade_29b7e8582e869ecd,pos_16f8b9e27b891eb7,fill_1dc205e9be484a87,fill_117456a316139539,cand_22bb1c2861c6a33a,intent_63e50bcd211c7fd5,pend_b7a94b56e1bb370f,2026-04-20,27.05,27.05,0.0004999999999999449,25.685799999999997,31.029285714285713,2.916937189771075,413.3175000000005,-1.5836194438899815
300184,力源信息,2026-04-17,2026-04-30,12.16608,13.123435,1600,1531.7680000000023,25.748122,1506.0198780000023,13,strategy_v5_alpha_ranked_entry,three_bars_no_high,10.0,15.748121999999999,2,trade_6ce26edaf985fb9d,pos_10022c38a08e6605,fill_802ec50a17d32a45,fill_ec6fa594e1e01c99,cand_8736c81dc8b1fce6,intent_27ecd4d819fb11f7,pend_9e8d857952176d46,2026-04-16,11.93,11.93,0.0004999999999999449,11.220999999999998,13.543571428571429,2.275841225065481,857.9580000000014,1.7553538494891356
301358,湖南裕能,2026-04-28,2026-04-30,95.12754,104.9475,100,981.9960000000009,15.247375,966.7486250000009,2,strategy_v5_alpha_ranked_entry,target_close_confirmed,5.0,10.247375,1,trade_16ac7656ffbcabfb,pos_10e3a0c84ba55cf7,fill_82ad9bd793929124,fill_b8850ba3417cc3c7,cand_6f6cc980b8b9ab59,intent_65aff3b2ec3f18af,pend_922463cbfbaa4046,2026-04-27,89.87,95.08,0.058501613441637845,85.015,103.02928571428572,2.710460497278209,1011.2539999999996,0.9559899145021936
002709,天赐材料,2026-04-28,2026-05-07,56.52825,63.62817,100,709.9919999999997,13.1814085,696.8105914999998,9,strategy_v5_alpha_ranked_entry,target_close_confirmed,5.0,8.1814085,1,trade_31c7943b5b13d278,pos_8810a9489d84408b,fill_9447734cbcec65b7,fill_ee7da9542eb40df9,cand_5b747a3b486db20d,intent_77bd4db3fc4f8146,pend_1721a060af062909,2026-04-27,55.26,56.5,0.02295059717698167,51.205,63.857142857142854,2.120133873524749,532.3250000000002,1.3089946771239367
300432,富临精工,2026-05-06,2026-05-11,28.234109999999998,27.156415000000003,500,-538.8474999999975,16.789103750000002,-555.6366037499974,5,strategy_v5_alpha_ranked_entry,three_bars_no_high,5.0,11.78910375,1,trade_912866af8e79dcd6,pos_7d59b295a1f8831f,fill_bf6a315acfce283b,fill_35de1401b24328cf,cand_541b139be71e9b35,intent_25db74a26e29c2be,pend_ca7572257ee87da7,2026-04-30,28.12,28.22,0.004057965860597257,27.1264,32.519285714285715,4.427622498274669,553.8549999999987,-1.003216733170232
600546,山煤国际,2026-04-28,2026-05-12,13.014503999999999,13.69315,1500,1017.9690000000007,25.80540856,992.1635914400007,14,strategy_v5_alpha_ranked_entry,three_bars_no_high,10.19521756,15.610191,2,trade_566dc621ee621ced,pos_a9bc9a59e2f3ce6b,fill_5d9111cb5402d2e1,fill_335140826cd9647b,cand_01aa65d4968ba638,intent_48d0df8cb8b9a9cc,pend_3082b29a0e7bc998,2026-04-27,12.89,12.85,-0.0026047323506595,12.3186,14.147857142857145,2.2013600680034004,645.3899999999998,1.53730859083655
603520,司太立,2026-04-28,2026-05-13,11.705849999999998,11.884055000000002,1300,231.66650000000485,18.031304515000002,213.63519548500483,15,strategy_v5_alpha_ranked_entry,time_stop,5.15217605,12.879128465,1,trade_233f9da30e18227d,pos_e8b962a77b1c7bb6,fill_88d3be3565b8f074,fill_7927c0b15bedc1ca,cand_1348a25ee431b2a7,intent_a5a0b0f3a89b888b,pend_d65972ca7cd9e1a9,2026-04-27,11.75,11.7,-0.003757446808510756,11.417000000000002,13.044285714285714,3.8867438867439033,375.50499999999545,0.5689276986591588
600527,江南高纤,2026-05-06,2026-05-13,3.0955469999999994,3.088455,4000,-28.36799999999684,21.42427008,-49.79227007999684,7,strategy_v5_alpha_ranked_entry,close_stop,10.12382188,11.300448200000002,2,trade_32e61965468ce352,pos_f328385ea17af988,fill_4f5058c956cc84be,fill_7da5a0fd5002ded6,cand_abb4c4e2aacc92e1,intent_fb3e5a906963bf6e,pend_b455af3d2fd7d3dd,2026-04-30,2.95,3.01,0.02084915254237263,2.7930000000000006,3.4492857142857147,3.180163785259337,524.4119999999978,-0.0949487618132252
002831,裕同科技,2026-05-12,2026-05-18,41.130554999999994,41.17940000000001,300,14.653500000004271,16.176910000000003,-1.5234099999957316,6,strategy_v5_alpha_ranked_entry,three_bars_no_high,5.0,11.176910000000003,1,trade_9a68e33efe6b6005,pos_b19c411ef6e9136a,fill_6f227e54f7ca36dc,fill_89bf36826c51d078,cand_4a77be4555dbc5ec,intent_e5a5bad7067acbf7,pend_041efbc74918d742,2026-05-11,41.12,41.11,0.00025668774319065335,39.0922,46.31999999999999,2.5643554591182554,611.5064999999987,-0.0024912408944070662
300166,东方国信,2026-05-08,2026-05-19,19.099545,19.999995000000002,800,720.3600000000023,17.999998,702.3600020000023,11,strategy_v5_alpha_ranked_entry,three_bars_no_high,5.0,12.999998000000001,1,trade_201fc813fb608d7a,pos_5f3ded669df31aa6,fill_0e160a352de22142,fill_b21bb59f5be42270,cand_e451e90a20762376,intent_959c843db4c33187,pend_c150658e5f6a0e65,2026-05-07,19.03,19.09,0.0036544929059378894,18.032,23.050000000000004,4.028056112224448,854.0359999999993,0.8224009315766583
603912,佳力图,2026-05-14,2026-05-19,11.995994999999999,11.184405,1200,-973.9079999999988,16.9888078,-990.8968077999988,5,strategy_v5_alpha_ranked_entry,three_bars_no_high,5.14395194,11.844855860000001,1,trade_4b1987fb3aaf38a7,pos_650f1557a65f7a8e,fill_6b3ea02250a5e34a,fill_847b763788ede252,cand_e5ba0eb0cdba0270,intent_bf0eef37df9c3017,pend_de737f24cae97c76,2026-05-13,11.91,11.99,0.007220403022669908,11.1328,13.911428571428571,2.575178295713548,1035.8339999999992,-0.9566173805841472
003816,中国广核,2026-05-13,2026-05-21,4.787392499999999,4.55772,4400,-1010.5589999999978,25.040476,-1035.5994759999978,8,strategy_v5_alpha_ranked_entry,close_stop,10.0,15.040476000000002,2,trade_b5dca70fd49202ed,pos_77b9121be2c3e9e1,fill_006e6a7b3e338534,fill_5189f082728b0ac1,cand_45b2c7b7c30cb37d,intent_d287a003de266233,pend_f97b78d89254b87c,2026-05-12,4.77,4.77,0.0004999999999999449,4.635400000000001,5.144999999999999,2.7860326894502383,452.0504999999946,-2.2908933316078848
688690,纳微科技,2026-05-14,2026-05-22,35.247614999999996,34.88255,400,-146.02599999999768,17.25703066,-163.28303065999768,8,strategy_v5_alpha_ranked_entry,close_stop,5.14099046,12.1160402,1,trade_5045e25c32de3b37,pos_bc26bfb8ef978333,fill_f9f7f2ef21bcb89b,fill_3faa973d496a9611,cand_b4556f9aad4c508b,intent_7304e947200fc34c,pend_ae015b71f5370a77,2026-05-13,35.22,35.23,0.0007840715502553941,33.0456,39.722142857142856,2.0705219173762233,880.8059999999983,-0.1853791080669273
300166,东方国信,2026-05-20,2026-05-22,21.740865,18.87056,400,-1148.1219999999994,13.774112,-1161.8961119999994,2,strategy_v5_alpha_ranked_entry,close_stop,5.0,8.774112,1,trade_eb1b105335ac98fd,pos_d508631f13cea553,fill_46d20e297f3d75f1,fill_6de069b396dad7a9,cand_cff57e7a63989e74,intent_0736492416db2753,pend_510dee38b1692e32,2026-05-19,21.44,21.73,0.014032882462686525,19.2668,26.184285714285718,2.183087481265283,989.6259999999997,-1.1740759761768584
688191,智洋创新,2026-05-20,2026-05-22,57.48873,52.21388,200,-1054.9699999999987,15.440793220000002,-1070.4107932199986,2,strategy_v5_alpha_ranked_entry,close_stop,5.11497746,10.325815760000001,1,trade_90a53bc1da668236,pos_f49ecda574d1898f,fill_7a1b00980b6da615,fill_b9c08a7d289f3e0e,cand_9137e34e0acba842,intent_d5ead26f74b696f7,pend_ccb3e6b3bca01ff9,2026-05-19,57.2,57.46,0.005047727272727176,53.41,68.87214285714286,3.0797210704862374,815.7460000000001,-1.3121863830407976
000006,深振业A,2026-05-20,2026-05-25,11.215605,10.884555,1300,-430.3649999999992,17.074960750000002,-447.4399607499992,5,strategy_v5_alpha_ranked_entry,three_bars_no_high,5.0,12.07496075,1,trade_ed86dda903bc59d5,pos_593473297c3f38a7,fill_a62e3324852b83fb,fill_9d56d5361d93e6d5,cand_d3ae0c79f2fda17a,intent_bf197cfe555339de,pend_71856316b80ddc55,2026-05-19,11.14,11.21,0.006786804308797079,10.4468,12.745000000000001,2.3153491055972277,999.4465000000005,-0.44768775592290233
300536,农尚环境,2026-05-27,2026-05-28,12.236115,11.374310000000001,1200,-1034.1659999999983,16.824586,-1050.9905859999983,1,strategy_v5_alpha_ranked_entry,close_stop,5.0,11.824586,1,trade_50c29a4bcfc89def,pos_537a0b096a4ae134,fill_220d3feec81dbbc2,fill_53f5aae3f54fd2c3,cand_921990cc36299bc0,intent_bf12c744d45d6c87,pend_b1350356ca360d77,2026-05-26,12.18,12.23,0.00460714285714281,11.789399999999999,13.349999999999998,2.9953917050691126,536.0580000000014,-1.9605911785664902
300199,翰宇药业,2026-05-26,2026-05-29,25.062525,24.497745000000002,600,-338.86799999999937,17.3493235,-356.2173234999994,3,strategy_v5_alpha_ranked_entry,close_stop,5.0,12.3493235,1,trade_53beb91970eccc6d,pos_2f00933f6ed98208,fill_04e170a130c57b31,fill_05f9fb80934dd017,cand_cf538031f3f8cacf,intent_a73fb758937cb19d,pend_6ef36694f35a3efb,2026-05-25,25.41,25.05,-0.013674734356552531,24.3628,29.54785714285714,3.951353268580156,419.8350000000005,-0.8484698119499303
301458,钧崴电子,2026-05-26,2026-05-29,46.473225,48.55571,200,416.4969999999997,14.855571000000001,401.6414289999997,3,strategy_v5_alpha_ranked_entry,three_bars_no_high,5.0,9.855571000000001,1,trade_b967da8eaa5ffe65,pos_c618dd75ff1e835a,fill_74451580a7d35dad,fill_c373d8826e425391,cand_24e30cd57f038898,intent_89ad2fdcdce24517,pend_53e00146f237c013,2026-05-25,47.53,46.45,-0.022233852303808144,44.305800000000005,54.46857142857143,2.152028853226052,433.4849999999989,0.926540546962411
300221,银禧科技,2026-05-26,2026-06-02,13.366679999999999,13.373310000000002,1100,7.293000000003325,17.3553205,-10.062320499996677,7,strategy_v5_alpha_ranked_entry,three_bars_no_high,5.0,12.355320500000001,1,trade_dddf85969829165b,pos_35438a99471818d8,fill_7acbf8546273c25f,fill_9ea6d6899b81b4cc,cand_bfaedb874f9cf04b,intent_f7d5af6085081eac,pend_987bc0a69c6c04b8,2026-05-25,13.42,13.36,-0.003973174366617038,12.9164,15.449285714285715,4.029558606603878,495.3079999999993,-0.02031527958360594
002636,金安国纪,2026-06-01,2026-06-02,53.0265,49.565205000000006,200,-692.2589999999985,14.9565205,-707.2155204999985,1,strategy_v5_alpha_ranked_entry,close_stop,5.0,9.9565205,1,trade_3aef5b3154adcb5f,pos_ecf1f4ac76b08ca2,fill_6fe9ca840755e60b,fill_5bed13224e7fe294,cand_260f7c6000b7d89d,intent_85dac521ee003639,pend_a48ae89edf92bdcc,2026-05-29,53.51,53.0,-0.009035694262754634,51.9596,63.93928571428571,6.726835471030532,213.37999999999937,-3.3143477387758957
688478,晶升股份,2026-06-02,2026-06-03,62.031,61.679145000000005,100,-35.18549999999934,13.207667395000001,-48.39316739499934,1,strategy_v5_alpha_ranked_entry,close_stop,5.062031,8.145636395,1,trade_bb4b09133a3cf4be,pos_43540d7e41e3697f,fill_b4604ab76fd9bd37,fill_d491e9969483ecc8,cand_294006741540fcb1,intent_8c827927a522fc7e,pend_593f18e4fe7f32c8,2026-06-01,62.56,62.0,-0.008455882352941257,60.9364,67.7,3.1658043853165743,109.45999999999998,-0.4421082349259944
002815,崇达技术,2026-05-27,2026-06-04,17.008499999999998,16.591700000000003,100,-41.679999999999495,10.829585,-52.5095849999995,8,strategy_v5_alpha_ranked_entry,three_bars_no_high,5.0,5.829585,1,trade_7baba3e64508599f,pos_6153a0deef0fa39a,fill_93805a74075644f8,fill_c6788529ca18e8ff,cand_90136b5b3d08c189,intent_6841b4e661c3ad30,pend_46035d71c4b398f8,2026-05-26,17.08,17.0,-0.004186182669789207,16.268,19.636428571428567,3.14831104855736,74.04999999999973,-0.709109858203912
301458,钧崴电子,2026-06-03,2026-06-08,49.6248,59.760105,100,1013.5305000000003,12.98800525,1000.5424947500003,5,strategy_v5_alpha_ranked_entry,target_close_confirmed,5.0,7.9880052500000005,1,trade_419976a95609324e,pos_5d7ee14f6f4e87eb,fill_796a0bbf03c3b793,fill_175c48cda12695bd,cand_3b91f963177266c8,intent_56fe20297b58cb67,pend_89ecb8c1b274f17a,2026-06-02,50.1,49.6,-0.009485029940119794,46.158,59.45142857142858,2.372254838008264,346.67999999999995,2.886069270653053
601101,昊华能源,2026-06-01,2026-06-09,12.208101,12.53373,1500,488.44350000000156,24.771424965,463.67207503500157,8,strategy_v5_alpha_ranked_entry,three_bars_no_high,10.183121515,14.588303450000002,2,trade_a663575a118b134d,pos_f63adaa26b262fe4,fill_737c8d68793b7a5d,fill_1441d7988ec9a780,cand_1e439c59315909ae,intent_a29e07427e968186,pend_87e4695075b83717,2026-05-29,12.06,12.02,-0.002818407960199054,11.328800000000001,14.040000000000001,2.707877461706786,836.651999999998,0.5541994461675854
301228,实朴检测,2026-06-03,2026-06-15,72.87642,75.75210500000001,200,575.1370000000037,17.5752105,557.5617895000037,12,strategy_v5_alpha_ranked_entry,close_stop,5.0,12.5752105,1,trade_f0d6a510c91a365b,pos_7eb72184e49e4113,fill_222658d26782725b,fill_07911f9b7497e914,cand_9b5cccc1a2a43dd5,intent_ccdc8324b289f904,pend_453efb176635ca5f,2026-06-02,73.2,72.84,-0.004420491803278748,69.4526,88.60714285714286,4.111422014501485,684.7639999999984,0.814239343043742
600483,福能股份,2026-06-04,2026-06-15,11.591348333333332,11.514240000000001,900,-69.3974999999984,20.389358295,-89.78685829499841,11,strategy_v5_alpha_ranked_entry,time_stop,10.104322135,10.28503616,2,trade_1098958cfab965e4,pos_9320a837c5d7baa8,fill_65a9f6c5746206c2,fill_e17c7c508889ace7,cand_53fb4d67833a28cd,intent_f1ae9e25966a8705,pend_b46a8003de3a070b,2026-06-03,11.68,11.51,-0.014062071917808283,10.9956,13.12,2.104032729398012,364.1084999999993,-0.2465936892299921
600888,新疆众和,2026-06-09,2026-06-15,10.52526,11.064465,500,269.6025000000004,12.874064874999998,256.72843512500043,6,strategy_v5_alpha_ranked_entry,close_stop,5.0526263,7.821438574999999,1,trade_f32032e61e4a910d,pos_39fa2c5a48acfa88,fill_a7542195de30c114,fill_b56c834d933c5188,cand_71b9bc42ce65c773,intent_dafa11f9a7f4d134,pend_dfce0f3918e50dc4,2026-06-08,10.43,10.52,0.00913326941514847,10.045,11.25,2.129870129870132,240.12999999999974,1.0691227048890215
300398,飞凯材料,2026-06-10,2026-06-15,42.411195,41.47925,200,-186.38899999999978,14.147925,-200.53692499999977,5,strategy_v5_alpha_ranked_entry,close_stop,5.0,9.147925,1,trade_41340613dab4f5da,pos_b402ec121ca454ae,fill_2a24c25e8524afa0,fill_e636aee1656e688f,cand_08d7392e42ef8100,intent_5b0f773dbc650ce8,pend_384450bd4eded0a4,2026-06-09,44.34,42.39,-0.043500338294993335,40.229,54.400000000000006,2.4470931646801244,436.439,-0.45948442966829217
300400,劲拓股份,2026-06-10,2026-06-16,35.927955,41.979,300,1815.3135000000007,16.29685,1799.0166500000007,6,strategy_v5_alpha_ranked_entry,target_close_confirmed,5.0,11.29685,1,trade_096c36346212f4bf,pos_f0d9a9be90e0c73e,fill_783e58dc54333d50,fill_06e4f1ce496dd78f,cand_6418d510a6e449c0,intent_3650c7e117c910c3,pend_9b120febe0801213,2026-06-09,35.2,35.91,0.020680539772727213,32.536,43.010000000000005,2.931681681681681,1017.5864999999988,1.7679250363482641
600906,财达证券,2026-06-16,2026-06-22,7.263629999999999,7.2063950000000006,2100,-120.19349999999704,17.870585275,-138.06408527499704,6,strategy_v5_alpha_ranked_entry,three_bars_no_high,5.15253623,12.718049045,1,trade_67b02b4cb3bc6254,pos_77cca5fefa87e5e6,fill_48ff3d7225ba4c80,fill_f6453bc13b263f59,cand_7eddcbb2834f5a28,intent_924b15a345dd9268,pend_f1ec5ea75f852fa7,2026-06-15,7.33,7.26,-0.00905457025920886,7.007000000000001,8.43,3.405572755417961,538.922999999997,-0.25618517909793753
002815,崇达技术,2026-06-17,2026-06-24,19.229609999999997,17.43128,100,-179.83299999999963,10.871564,-190.70456399999964,7,strategy_v5_alpha_ranked_entry,close_stop,5.0,5.871564,1,trade_a24385265df5e8f5,pos_c73bcb3853ca20be,fill_19617d35257621ba,fill_9e287c9550f99fff,cand_357a71a95eedfa7b,intent_088d86ef1ce0dd08,pend_2fdb116fc02a63b7,2026-06-16,19.35,19.22,-0.006221705426356805,18.473000000000003,23.254285714285714,4.451865124613134,75.66099999999949,-2.5205133952763106
300568,星源材质,2026-06-17,2026-06-25,19.409699999999997,18.360815000000002,500,-524.4424999999975,14.59020375,-539.0327037499975,8,strategy_v5_alpha_ranked_entry,close_stop,5.0,9.59020375,1,trade_25593ed984d6ab44,pos_085af41f3608247f,fill_dcd05b4eca6ed7e8,fill_11594837a277bb32,cand_93d6536f8defd8e3,intent_0375a880804b44f6,pend_66f9fc3855ca3b77,2026-06-16,19.68,19.4,-0.01373475609756114,17.836,23.515714285714285,2.0801053610164226,786.8499999999993,-0.6850514122767973
300679,电连技术,2026-06-17,2026-06-25,62.77137,68.40578000000001,200,1126.8820000000019,16.840578,1110.0414220000018,8,strategy_v5_alpha_ranked_entry,three_bars_no_high,5.0,11.840578,1,trade_03898703405b440f,pos_1c0ce5a7d255da49,fill_c6f11cf2b312995c,fill_3f8277e54f565501,cand_6ee172f92de09486,intent_2340cd7d68ec47e9,pend_b405dddd3b406008,2026-06-16,63.89,62.74,-0.017508686805446927,60.6816,76.98,4.079915222540834,417.95399999999887,2.655893763428523
003022,联泓新科,2026-06-17,2026-06-26,28.164074999999997,26.996495000000003,400,-467.03199999999754,15.399299000000001,-482.4312989999975,9,strategy_v5_alpha_ranked_entry,three_bars_no_high,5.0,10.399299000000001,1,trade_b3ca042e1926c8af,pos_03c3c436ac5daf6e,fill_1c9ae4b5c3f4ae83,fill_9280c22b64816df7,cand_f2effab23d9c0a95,intent_9b1dee50ae6364d9,pend_a4cbe7fc40d9a826,2026-06-16,28.28,28.15,-0.004099186704384916,26.156200000000002,33.902857142857144,2.6475455046883627,803.149999999998,-0.6006739699931504
002536,飞龙股份,2026-06-26,2026-06-29,51.525749999999995,47.526225,300,-1199.8574999999996,17.128933749999998,-1216.9864337499996,3,strategy_v5_alpha_ranked_entry,close_stop,5.0,12.128933749999998,1,trade_3ccac3ba409a88e5,pos_ffbc7cf8d61465c6,fill_7a1fac8087863068,fill_bdf19e54fe82e35a,cand_db840d1fe5d612e8,intent_b8cf23e68e3bee75,pend_6c56ec210f876a01,2026-06-25,51.89,51.5,-0.007019656966660404,50.1368,61.56928571428571,5.52092500244451,416.68499999999824,-2.9206389328869644
300252,金信诺,2026-06-23,2026-06-30,18.249119999999998,16.621685,200,-325.4869999999997,11.6621685,-337.1491684999997,7,strategy_v5_alpha_ranked_entry,close_stop,5.0,6.6621685,1,trade_275a7f52eccb9c5c,pos_fd93dc6e408dccfb,fill_4764c35fe2d926a2,fill_1078674250aad83a,cand_674e075cd0899aae,intent_c9731a3bac70d03b,pend_db8052f5613404aa,2026-06-22,18.69,18.24,-0.02358908507223134,17.199,22.36714285714286,2.4662259269905156,210.02399999999923,-1.605288769378742
002056,横店东磁,2026-06-29,2026-06-30,30.23511,28.815585,300,-425.8575000000001,14.322337749999999,-440.17983775000005,1,strategy_v5_alpha_ranked_entry,close_stop,5.0,9.322337749999999,1,trade_6635d941efb7d47e,pos_9a4bb70db9490220,fill_e87844d79429e4ef,fill_6a8cee64fbd1e7ee,cand_d593657b2194808b,intent_d47598c4ddc64787,pend_7393383604e5c9e8,2026-06-26,30.52,30.22,-0.00933453473132373,29.2138,37.09428571428571,5.033138657392213,306.3929999999999,-1.4366510910823687
300382,斯莱克,2026-06-26,2026-07-01,19.059525,22.918535000000002,400,1543.6040000000005,14.583707,1529.0202930000005,5,strategy_v5_alpha_ranked_entry,target_close_confirmed,5.0,9.583707,1,trade_954173080a97d6b3,pos_1b9ca30593f82c50,fill_7b1c1f02f0e6165a,fill_d554542c060d25d7,cand_ced7981f2758cc70,intent_cf558a05f2a55995,pend_5b1887d181e59185,2026-06-25,19.05,19.05,0.0004999999999999449,18.2378,22.89857142857143,4.738452879304882,328.6900000000003,4.651861307006599
600246,万通发展,2026-06-26,2026-07-02,19.68984,16.931530000000002,700,-1930.8169999999986,16.18238509,-1946.9993850899987,6,strategy_v5_alpha_ranked_entry,close_stop,5.13782888,11.044556210000001,1,trade_54ce6d5f756a8658,pos_3dd63f60a6296a13,fill_be522a3ea7fdc29a,fill_e57cfcadabf7c884,cand_c8c6a1217c2bf1ef,intent_984e1c7f1d381241,pend_98e586f5dc8d723c,2026-06-25,19.71,19.68,-0.0010228310502283788,18.247600000000002,24.42,3.2207330415754956,1009.5679999999987,-1.928547046944833
688216,气派科技,2026-07-02,2026-07-06,42.24111,40.709635,300,-459.4425000000001,16.355297485,-475.7977974850001,4,strategy_v5_alpha_ranked_entry,close_stop,5.12672333,11.228574155,1,trade_2c6003e6e66c1af0,pos_0d6f8b93cbff5d04,fill_07b7ce815a907493,fill_21483b15e2da4cd5,cand_e1f055dc8cdea450,intent_f978da0319431041,pend_73e4ddda8959bc34,2026-07-01,42.75,42.22,-0.011903859649122883,40.3858,53.153571428571425,4.400461648156433,556.5929999999987,-0.8548397078026515
002824,和胜股份,2026-07-03,2026-07-06,32.67632999999999,32.093945,100,-58.238499999999505,11.604697250000001,-69.8431972499995,3,strategy_v5_alpha_ranked_entry,close_stop,5.0,6.60469725,1,trade_66e12970465fef98,pos_9a8ddb87cc7a2a5e,fill_9f83e20a30cb75cc,fill_9269dabe1e39e2af,cand_7b9d889c8d92d57f,intent_8c9cb7f4278015d1,pend_7f3abbca9b30f1dc,2026-07-02,33.18,32.66,-0.01517992766726961,32.339999999999996,34.91,2.0595238095237973,33.63299999999967,-2.0766270404067493
600030,中信证券,2026-07-02,2026-07-07,29.384685,29.12543,500,-129.62749999999977,17.573908075,-147.20140807499976,5,strategy_v5_alpha_ranked_entry,three_bars_no_high,5.146923425,12.42698465,1,trade_e5a31982795db070,pos_117f4fe734cf9831,fill_4463873deae47966,fill_a8150a2b352adaa7,cand_5113c2a328328dcb,intent_76bb90a59c5fe0fa,pend_a595506c56abe5c5,2026-07-01,29.47,29.37,-0.0028949779436714396,27.9398,32.808571428571426,2.181787628134514,722.4424999999997,-0.20375518892506994
000970,中科三环,2026-07-02,2026-07-09,15.926959499999999,15.03248,1000,-894.4794999999992,22.51624,-916.9957399999993,7,strategy_v5_alpha_ranked_entry,end_of_backtest,10.0,12.51624,2,trade_2a74982dcbc62db5,pos_fc876bed3b1e60a7,fill_9c942cdf20edddb2,fill_3755f338b0af4907,cand_265d372f21ed0785,intent_ac82285ed0a7331e,pend_28557789c956c552,2026-07-01,15.49,15.7,0.014063912201420115,15.0038,18.382857142857144,5.949932420520656,492.8349999999991,-1.8606546612963788
