run,trade_count,total_return_proxy,cagr_proxy,max_drawdown_proxy,sharpe_proxy,profit_factor,win_rate,cluster_expectancy
0,409,0.039573,0.498625,-0.355552,0.540457,1.558683,0.454768,0.039573
1,409,0.030402,0.383067,-0.386988,0.414413,1.402843,0.447433,0.030402
2,409,0.029229,0.368287,-0.420085,0.398396,1.386992,0.430318,0.029229
3,409,0.030204,0.380567,-0.420085,0.421696,1.403941,0.447433,0.030204
4,409,0.024602,0.309981,-0.376111,0.358370,1.341837,0.422983,0.024602
5,409,0.019119,0.240902,-0.420085,0.277503,1.247957,0.435208,0.019119
6,409,0.024791,0.312371,-0.420085,0.363537,1.343187,0.425428,0.024791
7,409,0.030689,0.386687,-0.355552,0.415580,1.407236,0.427873,0.030689
8,409,0.025107,0.316353,-0.386988,0.345032,1.321969,0.432763,0.025107
9,409,0.015558,0.196032,-0.355552,0.230890,1.198380,0.425428,0.015558
10,409,0.032808,0.413377,-0.355552,0.470406,1.470943,0.449878,0.032808
11,409,0.020025,0.252311,-0.386988,0.291936,1.265397,0.427873,0.020025
12,409,0.028991,0.365290,-0.386988,0.415269,1.399739,0.447433,0.028991
13,409,0.029273,0.368839,-0.355552,0.409535,1.396612,0.435208,0.029273
14,409,0.030137,0.379727,-0.386988,0.417155,1.402390,0.432763,0.030137
15,409,0.028788,0.362728,-0.420085,0.414422,1.397466,0.444988,0.028788
16,409,0.035498,0.447276,-0.355552,0.479425,1.495698,0.444988,0.035498
17,409,0.037058,0.466927,-0.376111,0.497171,1.515224,0.452323,0.037058
18,409,0.027943,0.352081,-0.355552,0.396747,1.380730,0.437653,0.027943
19,409,0.021499,0.270890,-0.376111,0.311998,1.289757,0.432763,0.021499
20,409,0.034406,0.433518,-0.386988,0.475664,1.469805,0.449878,0.034406
21,409,0.034752,0.437870,-0.355552,0.460678,1.473813,0.444988,0.034752
22,409,0.028299,0.356566,-0.386988,0.401382,1.382914,0.447433,0.028299
23,409,0.033041,0.416312,-0.420085,0.457065,1.454482,0.440098,0.033041
24,409,0.039689,0.500083,-0.386988,0.527521,1.544412,0.452323,0.039689
25,409,0.027858,0.351011,-0.420085,0.390799,1.376566,0.447433,0.027858
26,409,0.022049,0.277812,-0.386988,0.316828,1.294937,0.432763,0.022049
27,409,0.035055,0.441693,-0.420085,0.475023,1.482055,0.457213,0.035055
28,409,0.031186,0.392940,-0.386988,0.423093,1.413617,0.444988,0.031186
29,409,0.028622,0.360640,-0.386988,0.410873,1.393743,0.437653,0.028622
30,409,0.024700,0.311215,-0.376111,0.352465,1.331254,0.435208,0.024700
31,409,0.024762,0.312001,-0.355552,0.357694,1.338731,0.437653,0.024762
32,409,0.028934,0.364562,-0.420085,0.416232,1.398912,0.447433,0.028934
33,409,0.038649,0.486971,-0.376111,0.517581,1.546555,0.447433,0.038649
34,409,0.030763,0.387609,-0.376111,0.450317,1.431772,0.452323,0.030763
35,409,0.030142,0.379786,-0.420085,0.408621,1.400136,0.435208,0.030142
36,409,0.033247,0.418914,-0.355552,0.451218,1.456703,0.437653,0.033247
37,409,0.031263,0.393917,-0.386988,0.428244,1.428877,0.452323,0.031263
38,409,0.033306,0.419650,-0.386988,0.446671,1.454055,0.440098,0.033306
39,409,0.036901,0.464953,-0.420085,0.532725,1.538996,0.464548,0.036901
40,409,0.029472,0.371346,-0.386988,0.399806,1.387349,0.432763,0.029472
41,409,0.036446,0.459221,-0.420085,0.494193,1.498960,0.452323,0.036446
42,409,0.028582,0.360137,-0.376111,0.420884,1.395781,0.459658,0.028582
43,409,0.030725,0.387129,-0.386988,0.414889,1.405583,0.432763,0.030725
44,409,0.028330,0.356958,-0.355552,0.398983,1.384778,0.442543,0.028330
45,409,0.032384,0.408032,-0.420085,0.448673,1.439908,0.449878,0.032384
46,409,0.026648,0.335763,-0.420085,0.371728,1.353522,0.440098,0.026648
47,409,0.027533,0.346913,-0.355552,0.399959,1.386314,0.449878,0.027533
48,409,0.023756,0.299325,-0.376111,0.333481,1.308355,0.430318,0.023756
49,409,0.024788,0.312324,-0.355552,0.347593,1.332318,0.432763,0.024788
50,409,0.028466,0.358666,-0.376111,0.404948,1.392835,0.442543,0.028466
51,409,0.034319,0.432418,-0.376111,0.476667,1.477720,0.447433,0.034319
52,409,0.031552,0.397552,-0.376111,0.441306,1.436586,0.457213,0.031552
53,409,0.034410,0.433568,-0.420085,0.474488,1.480680,0.444988,0.034410
54,409,0.035959,0.453081,-0.420085,0.510079,1.509105,0.462103,0.035959
55,409,0.028148,0.354667,-0.376111,0.391072,1.377136,0.437653,0.028148
56,409,0.033783,0.425661,-0.355552,0.469486,1.470444,0.457213,0.033783
57,409,0.031633,0.398579,-0.420085,0.438403,1.428704,0.454768,0.031633
58,409,0.023508,0.296196,-0.386988,0.334966,1.305841,0.444988,0.023508
59,409,0.029259,0.368661,-0.355552,0.424356,1.404000,0.442543,0.029259
60,409,0.026110,0.328984,-0.376111,0.382227,1.359877,0.449878,0.026110
61,409,0.035216,0.443725,-0.355552,0.488649,1.500969,0.452323,0.035216
62,409,0.031124,0.392165,-0.355552,0.442989,1.432814,0.444988,0.031124
63,409,0.024492,0.308599,-0.376111,0.337957,1.323448,0.422983,0.024492
64,409,0.024552,0.309354,-0.355552,0.360868,1.337738,0.435208,0.024552
65,409,0.035369,0.445655,-0.355552,0.498957,1.506826,0.452323,0.035369
66,409,0.031686,0.399239,-0.386988,0.421076,1.412364,0.437653,0.031686
67,409,0.021717,0.273635,-0.376111,0.311028,1.289264,0.437653,0.021717
68,409,0.031325,0.394689,-0.355552,0.450781,1.438732,0.447433,0.031325
69,409,0.037044,0.466748,-0.376111,0.523412,1.522590,0.466993,0.037044
70,409,0.031367,0.395220,-0.386988,0.437317,1.434917,0.447433,0.031367
71,409,0.031321,0.394642,-0.355552,0.457183,1.456681,0.447433,0.031321
72,409,0.042927,0.540879,-0.376111,0.574771,1.618570,0.464548,0.042927
73,409,0.027740,0.349518,-0.420085,0.395428,1.378201,0.449878,0.027740
74,409,0.031826,0.401007,-0.420085,0.442742,1.449834,0.427873,0.031826
75,409,0.029090,0.366533,-0.420085,0.409550,1.399942,0.440098,0.029090
76,409,0.028039,0.353290,-0.386988,0.388512,1.376062,0.432763,0.028039
77,409,0.030829,0.388442,-0.376111,0.417875,1.415260,0.452323,0.030829
78,409,0.031083,0.391647,-0.420085,0.423755,1.418595,0.440098,0.031083
79,409,0.022488,0.283353,-0.420085,0.330803,1.299539,0.444988,0.022488
80,409,0.035902,0.452367,-0.355552,0.492970,1.494266,0.447433,0.035902
81,409,0.026836,0.338132,-0.355552,0.373334,1.355366,0.440098,0.026836
82,409,0.030198,0.380497,-0.420085,0.415187,1.410273,0.444988,0.030198
83,409,0.014678,0.184948,-0.420085,0.221945,1.192344,0.418093,0.014678
84,409,0.036297,0.457348,-0.355552,0.479214,1.495986,0.442543,0.036297
85,409,0.028171,0.354951,-0.355552,0.403808,1.382346,0.444988,0.028171
86,409,0.027719,0.349262,-0.386988,0.385874,1.365494,0.435208,0.027719
87,409,0.032187,0.405553,-0.355552,0.445974,1.440473,0.440098,0.032187
88,409,0.023181,0.292080,-0.420085,0.331545,1.307551,0.427873,0.023181
89,409,0.025778,0.324805,-0.355552,0.371523,1.356170,0.427873,0.025778
90,409,0.034589,0.435818,-0.355552,0.477815,1.484813,0.452323,0.034589
91,409,0.040512,0.510446,-0.376111,0.538205,1.561742,0.454768,0.040512
92,409,0.028738,0.362102,-0.386988,0.405487,1.386575,0.452323,0.028738
93,409,0.031456,0.396343,-0.355552,0.453767,1.443810,0.457213,0.031456
94,409,0.040340,0.508283,-0.376111,0.543753,1.575220,0.454768,0.040340
95,409,0.022580,0.284511,-0.420085,0.316412,1.289953,0.427873,0.022580
96,409,0.025178,0.317239,-0.355552,0.352107,1.328122,0.420538,0.025178
97,409,0.028821,0.363144,-0.420085,0.404122,1.390961,0.442543,0.028821
98,409,0.023237,0.292782,-0.376111,0.362046,1.329360,0.449878,0.023237
99,409,0.033351,0.420222,-0.420085,0.457848,1.445315,0.449878,0.033351
100,409,0.028618,0.360588,-0.376111,0.408424,1.392509,0.444988,0.028618
101,409,0.035301,0.444794,-0.420085,0.476336,1.480992,0.452323,0.035301
102,409,0.025578,0.322289,-0.376111,0.369763,1.339165,0.449878,0.025578
103,409,0.037333,0.470394,-0.355552,0.507700,1.519109,0.447433,0.037333
104,409,0.036823,0.463975,-0.386988,0.482703,1.491354,0.452323,0.036823
105,409,0.033009,0.415911,-0.386988,0.439978,1.438874,0.447433,0.033009
106,409,0.030725,0.387132,-0.355552,0.424406,1.415580,0.444988,0.030725
107,409,0.025399,0.320027,-0.376111,0.368556,1.342727,0.435208,0.025399
108,409,0.022512,0.283657,-0.376111,0.326124,1.300038,0.444988,0.022512
109,409,0.027214,0.342898,-0.355552,0.383143,1.370507,0.435208,0.027214
110,409,0.031146,0.392443,-0.376111,0.453694,1.432989,0.452323,0.031146
111,409,0.032781,0.413044,-0.420085,0.454218,1.452984,0.437653,0.032781
112,409,0.035197,0.443481,-0.420085,0.490992,1.498002,0.452323,0.035197
113,409,0.027396,0.345189,-0.355552,0.380994,1.369641,0.435208,0.027396
114,409,0.034340,0.432686,-0.420085,0.481540,1.476724,0.457213,0.034340
115,409,0.028491,0.358987,-0.420085,0.395615,1.382599,0.447433,0.028491
116,409,0.038256,0.482022,-0.355552,0.517076,1.544602,0.452323,0.038256
117,409,0.024897,0.313705,-0.420085,0.357937,1.334757,0.444988,0.024897
118,409,0.035676,0.449512,-0.355552,0.498584,1.506730,0.469438,0.035676
119,409,0.039909,0.502859,-0.355552,0.546909,1.575070,0.452323,0.039909
120,409,0.043377,0.546553,-0.376111,0.564882,1.608068,0.452323,0.043377
121,409,0.019241,0.242434,-0.386988,0.282253,1.259343,0.425428,0.019241
122,409,0.030102,0.379282,-0.355552,0.435111,1.416764,0.454768,0.030102
123,409,0.038088,0.479907,-0.355552,0.522337,1.528687,0.464548,0.038088
124,409,0.040612,0.511710,-0.420085,0.560258,1.593180,0.462103,0.040612
125,409,0.035822,0.451361,-0.376111,0.487789,1.492915,0.449878,0.035822
126,409,0.027013,0.340369,-0.376111,0.385266,1.364780,0.447433,0.027013
127,409,0.028754,0.362305,-0.376111,0.413003,1.390356,0.447433,0.028754
128,409,0.031625,0.398475,-0.376111,0.441427,1.429854,0.435208,0.031625
129,409,0.031375,0.395321,-0.420085,0.438100,1.427708,0.444988,0.031375
130,409,0.023080,0.290807,-0.376111,0.331836,1.310714,0.432763,0.023080
131,409,0.024430,0.307814,-0.376111,0.346194,1.325450,0.437653,0.024430
132,409,0.030748,0.387423,-0.355552,0.437174,1.418415,0.447433,0.030748
133,409,0.035172,0.443167,-0.355552,0.487674,1.491528,0.457213,0.035172
134,409,0.021992,0.277100,-0.355552,0.328556,1.291401,0.435208,0.021992
135,409,0.034716,0.437426,-0.420085,0.489966,1.485711,0.459658,0.034716
136,409,0.033630,0.423734,-0.420085,0.458792,1.455027,0.442543,0.033630
137,409,0.033022,0.416074,-0.420085,0.443165,1.444204,0.442543,0.033022
138,409,0.038190,0.481199,-0.386988,0.518088,1.526036,0.454768,0.038190
139,409,0.031583,0.397946,-0.420085,0.437242,1.424987,0.435208,0.031583
140,409,0.032752,0.412675,-0.376111,0.461508,1.447649,0.452323,0.032752
141,409,0.028317,0.356798,-0.420085,0.385243,1.381227,0.437653,0.028317
142,409,0.022168,0.279318,-0.420085,0.323082,1.289249,0.442543,0.022168
143,409,0.030062,0.378786,-0.376111,0.419779,1.401882,0.435208,0.030062
144,409,0.039820,0.501731,-0.355552,0.531286,1.555301,0.457213,0.039820
145,409,0.034171,0.430554,-0.420085,0.444897,1.450815,0.437653,0.034171
146,409,0.034236,0.431378,-0.420085,0.476147,1.469760,0.454768,0.034236
147,409,0.036835,0.464120,-0.386988,0.500556,1.512949,0.449878,0.036835
148,409,0.033280,0.419326,-0.420085,0.448772,1.455923,0.442543,0.033280
149,409,0.034250,0.431546,-0.420085,0.461371,1.462561,0.444988,0.034250
150,409,0.033708,0.424716,-0.376111,0.467106,1.464343,0.442543,0.033708
151,409,0.029186,0.367743,-0.355552,0.416816,1.401727,0.440098,0.029186
152,409,0.037754,0.475701,-0.386988,0.501705,1.507513,0.449878,0.037754
153,409,0.030958,0.390065,-0.376111,0.436291,1.432398,0.440098,0.030958
154,409,0.032133,0.404875,-0.420085,0.430342,1.428999,0.442543,0.032133
155,409,0.036762,0.463200,-0.376111,0.490535,1.494858,0.459658,0.036762
156,409,0.031507,0.396992,-0.386988,0.451268,1.450000,0.457213,0.031507
157,409,0.041657,0.524880,-0.355552,0.568133,1.602599,0.457213,0.041657
158,409,0.026187,0.329950,-0.420085,0.359897,1.349025,0.435208,0.026187
159,409,0.019603,0.246994,-0.420085,0.286948,1.255150,0.440098,0.019603
160,409,0.034978,0.440719,-0.420085,0.480810,1.489229,0.454768,0.034978
161,409,0.023632,0.297758,-0.420085,0.348612,1.322162,0.435208,0.023632
162,409,0.037686,0.474843,-0.420085,0.501811,1.529742,0.449878,0.037686
163,409,0.026948,0.339548,-0.376111,0.391024,1.370665,0.452323,0.026948
164,409,0.035337,0.445248,-0.376111,0.493212,1.499822,0.457213,0.035337
165,409,0.024911,0.313882,-0.420085,0.354554,1.330289,0.437653,0.024911
166,409,0.033576,0.423061,-0.386988,0.461675,1.461949,0.449878,0.033576
167,409,0.028955,0.364839,-0.376111,0.400013,1.387291,0.440098,0.028955
168,409,0.031590,0.398030,-0.376111,0.456531,1.440906,0.452323,0.031590
169,409,0.023965,0.301960,-0.420085,0.344770,1.317489,0.444988,0.023965
170,409,0.031908,0.402042,-0.355552,0.436644,1.431968,0.444988,0.031908
171,409,0.029796,0.375433,-0.355552,0.427940,1.409748,0.452323,0.029796
172,409,0.030163,0.380051,-0.355552,0.432625,1.413840,0.447433,0.030163
173,409,0.028844,0.363432,-0.376111,0.400682,1.384172,0.435208,0.028844
174,409,0.042833,0.539698,-0.355552,0.573506,1.606010,0.459658,0.042833
175,409,0.031792,0.400579,-0.355552,0.437997,1.431618,0.437653,0.031792
176,409,0.037708,0.475126,-0.420085,0.525012,1.533495,0.457213,0.037708
177,409,0.034708,0.437325,-0.376111,0.479240,1.487717,0.449878,0.034708
178,409,0.022059,0.277947,-0.386988,0.306718,1.275313,0.432763,0.022059
179,409,0.037358,0.470714,-0.420085,0.512432,1.524744,0.452323,0.037358
180,409,0.030153,0.379926,-0.420085,0.421797,1.413017,0.452323,0.030153
181,409,0.028277,0.356288,-0.355552,0.401949,1.389895,0.437653,0.028277
182,409,0.037677,0.474736,-0.376111,0.505636,1.523222,0.440098,0.037677
183,409,0.034771,0.438114,-0.355552,0.480908,1.496219,0.452323,0.034771
184,409,0.032739,0.412509,-0.420085,0.447862,1.450317,0.435208,0.032739
185,409,0.030999,0.390584,-0.376111,0.431211,1.413809,0.452323,0.030999
186,409,0.039580,0.498702,-0.420085,0.547626,1.559000,0.457213,0.039580
187,409,0.039491,0.497588,-0.355552,0.530673,1.554687,0.459658,0.039491
188,409,0.028601,0.360374,-0.420085,0.412074,1.395310,0.449878,0.028601
189,409,0.035475,0.446983,-0.376111,0.484644,1.483168,0.449878,0.035475
190,409,0.033701,0.424637,-0.420085,0.463212,1.462237,0.452323,0.033701
191,409,0.022457,0.282964,-0.420085,0.317181,1.297103,0.435208,0.022457
192,409,0.031470,0.396527,-0.355552,0.453115,1.455475,0.444988,0.031470
193,409,0.030424,0.383342,-0.355552,0.436487,1.428103,0.452323,0.030424
194,409,0.031068,0.391458,-0.376111,0.436824,1.430717,0.452323,0.031068
195,409,0.030730,0.387201,-0.376111,0.422737,1.411366,0.444988,0.030730
196,409,0.037031,0.466594,-0.355552,0.498217,1.528157,0.444988,0.037031
197,409,0.039786,0.501299,-0.355552,0.530663,1.546568,0.447433,0.039786
198,409,0.035045,0.441565,-0.420085,0.468906,1.470352,0.449878,0.035045
199,409,0.028847,0.363468,-0.376111,0.397892,1.388121,0.432763,0.028847
200,409,0.034507,0.434793,-0.355552,0.463698,1.466178,0.447433,0.034507
201,409,0.036405,0.458705,-0.355552,0.510115,1.513206,0.444988,0.036405
202,409,0.030415,0.383226,-0.355552,0.423270,1.412026,0.440098,0.030415
203,409,0.026943,0.339477,-0.386988,0.387575,1.367854,0.440098,0.026943
204,409,0.030857,0.388798,-0.420085,0.435585,1.414296,0.452323,0.030857
205,409,0.038668,0.487216,-0.355552,0.534766,1.560595,0.464548,0.038668
206,409,0.021071,0.265497,-0.420085,0.299902,1.272322,0.432763,0.021071
207,409,0.031138,0.392339,-0.420085,0.425290,1.421205,0.442543,0.031138
208,409,0.038940,0.490642,-0.420085,0.517884,1.528934,0.454768,0.038940
209,409,0.019960,0.251494,-0.420085,0.284965,1.263118,0.430318,0.019960
210,409,0.031125,0.392172,-0.420085,0.430299,1.429896,0.442543,0.031125
211,409,0.022655,0.285450,-0.420085,0.319708,1.291345,0.442543,0.022655
212,409,0.032629,0.411131,-0.420085,0.447283,1.447213,0.444988,0.032629
213,409,0.033940,0.427641,-0.386988,0.450804,1.455709,0.437653,0.033940
214,409,0.025453,0.320706,-0.376111,0.376135,1.348478,0.442543,0.025453
215,409,0.034487,0.434536,-0.420085,0.453176,1.455494,0.447433,0.034487
216,409,0.034879,0.439476,-0.355552,0.470164,1.475524,0.449878,0.034879
217,409,0.036943,0.465485,-0.355552,0.496004,1.503065,0.442543,0.036943
218,409,0.027631,0.348145,-0.420085,0.374021,1.360157,0.425428,0.027631
219,409,0.030189,0.380382,-0.420085,0.410347,1.399374,0.435208,0.030189
220,409,0.029350,0.369809,-0.355552,0.420287,1.402716,0.440098,0.029350
221,409,0.028511,0.359243,-0.376111,0.398430,1.380536,0.442543,0.028511
222,409,0.036826,0.464009,-0.420085,0.514137,1.526214,0.454768,0.036826
223,409,0.041266,0.519952,-0.355552,0.547328,1.582217,0.449878,0.041266
224,409,0.030483,0.384092,-0.355552,0.429010,1.414029,0.437653,0.030483
225,409,0.024919,0.313979,-0.420085,0.336969,1.321702,0.437653,0.024919
226,409,0.038829,0.489239,-0.420085,0.530426,1.550503,0.444988,0.038829
227,409,0.022595,0.284693,-0.386988,0.323755,1.301069,0.432763,0.022595
228,409,0.028251,0.355968,-0.355552,0.401073,1.389394,0.432763,0.028251
229,409,0.030005,0.378062,-0.420085,0.406577,1.400002,0.444988,0.030005
230,409,0.030861,0.388844,-0.355552,0.430303,1.426476,0.435208,0.030861
231,409,0.037161,0.468225,-0.376111,0.501978,1.520836,0.449878,0.037161
232,409,0.024615,0.310154,-0.420085,0.344880,1.319843,0.437653,0.024615
233,409,0.024496,0.308655,-0.420085,0.342595,1.329613,0.432763,0.024496
234,409,0.037481,0.472267,-0.376111,0.519544,1.527137,0.447433,0.037481
235,409,0.024146,0.304237,-0.376111,0.357744,1.333073,0.437653,0.024146
236,409,0.034650,0.436584,-0.376111,0.463185,1.474006,0.440098,0.034650
237,409,0.040882,0.515110,-0.420085,0.557952,1.582521,0.462103,0.040882
238,409,0.032330,0.407358,-0.386988,0.448787,1.442744,0.447433,0.032330
239,409,0.027387,0.345080,-0.386988,0.388612,1.366623,0.452323,0.027387
240,409,0.035548,0.447899,-0.355552,0.499894,1.509738,0.447433,0.035548
241,409,0.030744,0.387378,-0.376111,0.414748,1.410998,0.432763,0.030744
242,409,0.029090,0.366531,-0.376111,0.413162,1.400735,0.437653,0.029090
243,409,0.036429,0.459006,-0.420085,0.485032,1.498510,0.437653,0.036429
244,409,0.024148,0.304264,-0.420085,0.343212,1.314960,0.435208,0.024148
245,409,0.032442,0.408765,-0.420085,0.451606,1.438041,0.452323,0.032442
246,409,0.039950,0.503376,-0.420085,0.553011,1.571666,0.464548,0.039950
247,409,0.037168,0.468314,-0.355552,0.497943,1.510266,0.464548,0.037168
248,409,0.029581,0.372721,-0.386988,0.431055,1.410382,0.444988,0.029581
249,409,0.030612,0.385709,-0.420085,0.418221,1.402358,0.432763,0.030612
250,409,0.033515,0.422291,-0.376111,0.447785,1.455066,0.437653,0.033515
251,409,0.030324,0.382087,-0.420085,0.424211,1.414734,0.444988,0.030324
252,409,0.022176,0.279414,-0.376111,0.327593,1.296245,0.437653,0.022176
253,409,0.019480,0.245454,-0.420085,0.294891,1.259555,0.430318,0.019480
254,409,0.023004,0.289850,-0.420085,0.324821,1.305466,0.432763,0.023004
255,409,0.034022,0.428679,-0.386988,0.465634,1.462881,0.454768,0.034022
256,409,0.025565,0.322124,-0.376111,0.365150,1.338329,0.440098,0.025565
257,409,0.033665,0.424179,-0.420085,0.456040,1.456199,0.447433,0.033665
258,409,0.038065,0.479624,-0.355552,0.527843,1.539407,0.447433,0.038065
259,409,0.023815,0.300065,-0.386988,0.332013,1.311270,0.437653,0.023815
260,409,0.026460,0.333396,-0.376111,0.379417,1.358768,0.444988,0.026460
261,409,0.030833,0.388502,-0.376111,0.431142,1.419900,0.442543,0.030833
262,409,0.027895,0.351481,-0.376111,0.388839,1.372512,0.447433,0.027895
263,409,0.027258,0.343456,-0.420085,0.391872,1.373172,0.447433,0.027258
264,409,0.029381,0.370199,-0.355552,0.406583,1.393702,0.447433,0.029381
265,409,0.024081,0.303416,-0.420085,0.344821,1.322956,0.430318,0.024081
266,409,0.028218,0.355542,-0.355552,0.398132,1.384961,0.437653,0.028218
267,409,0.030993,0.390510,-0.355552,0.419635,1.419922,0.449878,0.030993
268,409,0.036491,0.459784,-0.376111,0.498832,1.510693,0.442543,0.036491
269,409,0.032505,0.409562,-0.386988,0.457549,1.450869,0.444988,0.032505
270,409,0.031785,0.400488,-0.376111,0.430664,1.433186,0.437653,0.031785
271,409,0.034168,0.430520,-0.376111,0.479567,1.478017,0.454768,0.034168
272,409,0.023305,0.293644,-0.420085,0.332050,1.307307,0.427873,0.023305
273,409,0.027189,0.342586,-0.355552,0.382282,1.363354,0.435208,0.027189
274,409,0.022097,0.278424,-0.386988,0.321400,1.293160,0.442543,0.022097
275,409,0.035312,0.444925,-0.420085,0.473574,1.488677,0.447433,0.035312
276,409,0.032844,0.413837,-0.376111,0.470593,1.470894,0.457213,0.032844
277,409,0.024922,0.314017,-0.376111,0.355816,1.338368,0.437653,0.024922
278,409,0.023712,0.298768,-0.420085,0.329550,1.310193,0.437653,0.023712
279,409,0.031881,0.401703,-0.376111,0.427044,1.426106,0.457213,0.031881
280,409,0.030194,0.380443,-0.355552,0.411928,1.409822,0.435208,0.030194
281,409,0.029215,0.368103,-0.420085,0.418982,1.401105,0.457213,0.029215
282,409,0.026841,0.338200,-0.386988,0.376029,1.360130,0.442543,0.026841
283,409,0.016184,0.203915,-0.386988,0.236501,1.206268,0.415648,0.016184
284,409,0.035632,0.448959,-0.355552,0.492564,1.499694,0.444988,0.035632
285,409,0.031832,0.401084,-0.376111,0.438055,1.439473,0.447433,0.031832
286,409,0.038408,0.483940,-0.355552,0.532706,1.548377,0.457213,0.038408
287,409,0.032688,0.411874,-0.420085,0.445210,1.447850,0.449878,0.032688
288,409,0.034640,0.436461,-0.355552,0.491720,1.495944,0.462103,0.034640
289,409,0.034665,0.436781,-0.420085,0.456249,1.452983,0.452323,0.034665
290,409,0.034970,0.440617,-0.376111,0.477200,1.477021,0.449878,0.034970
291,409,0.032896,0.414495,-0.386988,0.457445,1.445937,0.444988,0.032896
292,409,0.027227,0.343062,-0.376111,0.381823,1.360925,0.444988,0.027227
293,409,0.035746,0.450399,-0.355552,0.477674,1.487950,0.444988,0.035746
294,409,0.028271,0.356211,-0.355552,0.405398,1.383259,0.449878,0.028271
295,409,0.027796,0.350225,-0.386988,0.396662,1.375291,0.440098,0.027796
296,409,0.023539,0.296593,-0.355552,0.336375,1.313078,0.435208,0.023539
297,409,0.039920,0.502997,-0.386988,0.551520,1.583042,0.469438,0.039920
298,409,0.034652,0.436612,-0.420085,0.475914,1.485504,0.459658,0.034652
299,409,0.023241,0.292833,-0.376111,0.331593,1.307046,0.427873,0.023241
300,409,0.034336,0.432629,-0.420085,0.456961,1.463125,0.449878,0.034336
301,409,0.027481,0.346262,-0.420085,0.401493,1.370589,0.462103,0.027481
302,409,0.037334,0.470415,-0.355552,0.504060,1.518030,0.457213,0.037334
303,409,0.031376,0.395340,-0.420085,0.431630,1.426976,0.444988,0.031376
304,409,0.031554,0.397575,-0.386988,0.433653,1.428821,0.452323,0.031554
305,409,0.034706,0.437297,-0.386988,0.467834,1.481873,0.447433,0.034706
306,409,0.029904,0.376790,-0.420085,0.437074,1.417779,0.459658,0.029904
307,409,0.037443,0.471780,-0.355552,0.511892,1.538128,0.449878,0.037443
308,409,0.025458,0.320774,-0.386988,0.362290,1.345716,0.442543,0.025458
309,409,0.033209,0.418428,-0.355552,0.470357,1.474461,0.442543,0.033209
310,409,0.027639,0.348253,-0.355552,0.400815,1.380195,0.444988,0.027639
311,409,0.025033,0.315413,-0.386988,0.363333,1.343637,0.437653,0.025033
312,409,0.031526,0.397224,-0.376111,0.439227,1.436363,0.430318,0.031526
313,409,0.025948,0.326941,-0.355552,0.379626,1.349275,0.440098,0.025948
314,409,0.028640,0.360864,-0.355552,0.392777,1.381419,0.437653,0.028640
315,409,0.027726,0.349349,-0.420085,0.374939,1.365890,0.430318,0.027726
316,409,0.033013,0.415958,-0.355552,0.454397,1.455240,0.432763,0.033013
317,409,0.025833,0.325501,-0.420085,0.349371,1.335868,0.420538,0.025833
318,409,0.035809,0.451194,-0.355552,0.482554,1.490710,0.452323,0.035809
319,409,0.037265,0.469539,-0.386988,0.535690,1.547285,0.469438,0.037265
320,409,0.021808,0.274779,-0.420085,0.317049,1.293011,0.430318,0.021808
321,409,0.023940,0.301645,-0.420085,0.337351,1.317107,0.435208,0.023940
322,409,0.036460,0.459401,-0.355552,0.491173,1.497914,0.457213,0.036460
323,409,0.023408,0.294938,-0.420085,0.337161,1.311062,0.432763,0.023408
324,409,0.025934,0.326765,-0.355552,0.365195,1.354157,0.432763,0.025934
325,409,0.028194,0.355239,-0.355552,0.399512,1.378337,0.435208,0.028194
326,409,0.022579,0.284501,-0.376111,0.321637,1.298194,0.422983,0.022579
327,409,0.024336,0.306633,-0.420085,0.362965,1.334250,0.442543,0.024336
328,409,0.029005,0.365461,-0.376111,0.410437,1.393633,0.437653,0.029005
329,409,0.031677,0.399131,-0.420085,0.444020,1.434645,0.442543,0.031677
330,409,0.035897,0.452299,-0.420085,0.485417,1.497433,0.454768,0.035897
331,409,0.021838,0.275156,-0.420085,0.312590,1.283301,0.440098,0.021838
332,409,0.030599,0.385544,-0.420085,0.418475,1.407263,0.447433,0.030599
333,409,0.037016,0.466407,-0.386988,0.499857,1.516767,0.452323,0.037016
334,409,0.028303,0.356616,-0.420085,0.377475,1.366899,0.432763,0.028303
335,409,0.034752,0.437879,-0.386988,0.483221,1.486525,0.447433,0.034752
336,409,0.011317,0.142592,-0.420085,0.169609,1.145760,0.413203,0.011317
337,409,0.036934,0.465364,-0.420085,0.504695,1.515925,0.469438,0.036934
338,409,0.033956,0.427841,-0.420085,0.470943,1.483747,0.440098,0.033956
339,409,0.025644,0.323114,-0.355552,0.360027,1.338548,0.430318,0.025644
340,409,0.032929,0.414908,-0.376111,0.441114,1.442620,0.442543,0.032929
341,409,0.033009,0.415919,-0.386988,0.464928,1.449049,0.444988,0.033009
342,409,0.035906,0.452417,-0.420085,0.481275,1.486924,0.449878,0.035906
343,409,0.020519,0.258533,-0.420085,0.294152,1.265818,0.430318,0.020519
344,409,0.035037,0.441466,-0.420085,0.473149,1.480059,0.449878,0.035037
345,409,0.036598,0.461129,-0.420085,0.500952,1.519317,0.452323,0.036598
346,409,0.034851,0.439120,-0.420085,0.475035,1.486164,0.449878,0.034851
347,409,0.031507,0.396983,-0.376111,0.437143,1.424483,0.454768,0.031507
348,409,0.030519,0.384542,-0.386988,0.432294,1.419133,0.444988,0.030519
349,409,0.030265,0.381345,-0.376111,0.419996,1.407848,0.440098,0.030265
350,409,0.032659,0.411497,-0.355552,0.454481,1.459742,0.440098,0.032659
351,409,0.030117,0.379477,-0.376111,0.440004,1.427539,0.440098,0.030117
352,409,0.032164,0.405265,-0.386988,0.447636,1.443779,0.449878,0.032164
353,409,0.026084,0.328659,-0.420085,0.375269,1.350782,0.452323,0.026084
354,409,0.037062,0.466986,-0.420085,0.501984,1.506657,0.454768,0.037062
355,409,0.039005,0.491467,-0.355552,0.532706,1.565425,0.454768,0.039005
356,409,0.026112,0.329009,-0.376111,0.374996,1.354683,0.432763,0.026112
357,409,0.030368,0.382640,-0.386988,0.446901,1.428578,0.454768,0.030368
358,409,0.028916,0.364342,-0.386988,0.408151,1.394397,0.440098,0.028916
359,409,0.035360,0.445534,-0.386988,0.489313,1.494509,0.457213,0.035360
360,409,0.042754,0.538698,-0.376111,0.562756,1.592485,0.449878,0.042754
361,409,0.024766,0.312050,-0.355552,0.362997,1.339527,0.442543,0.024766
362,409,0.031088,0.391712,-0.355552,0.444866,1.438397,0.454768,0.031088
363,409,0.028333,0.356994,-0.386988,0.391612,1.382325,0.437653,0.028333
364,409,0.033506,0.422175,-0.376111,0.468722,1.463601,0.457213,0.033506
365,409,0.027523,0.346788,-0.376111,0.398226,1.379651,0.442543,0.027523
366,409,0.030703,0.386859,-0.355552,0.443408,1.437329,0.444988,0.030703
367,409,0.028564,0.359912,-0.420085,0.403888,1.386489,0.444988,0.028564
368,409,0.031661,0.398934,-0.376111,0.436771,1.426780,0.454768,0.031661
369,409,0.024506,0.308776,-0.355552,0.346728,1.327302,0.422983,0.024506
370,409,0.023464,0.295652,-0.420085,0.341315,1.314204,0.430318,0.023464
371,409,0.030302,0.381806,-0.355552,0.408594,1.398496,0.435208,0.030302
372,409,0.038582,0.486129,-0.386988,0.520966,1.532665,0.454768,0.038582
373,409,0.033670,0.424242,-0.386988,0.454024,1.449836,0.437653,0.033670
374,409,0.033201,0.418336,-0.355552,0.459476,1.458356,0.437653,0.033201
375,409,0.026710,0.336546,-0.376111,0.373310,1.357251,0.437653,0.026710
376,409,0.030366,0.382608,-0.376111,0.426641,1.415968,0.447433,0.030366
377,409,0.028362,0.357364,-0.386988,0.390391,1.375639,0.440098,0.028362
378,409,0.033981,0.428162,-0.355552,0.461079,1.454780,0.452323,0.033981
379,409,0.035802,0.451099,-0.420085,0.490477,1.496882,0.459658,0.035802
380,409,0.039216,0.494122,-0.420085,0.545367,1.566170,0.459658,0.039216
381,409,0.027480,0.346252,-0.420085,0.380357,1.356456,0.437653,0.027480
382,409,0.027213,0.342879,-0.420085,0.387019,1.364220,0.440098,0.027213
383,409,0.040255,0.507213,-0.420085,0.527981,1.565813,0.447433,0.040255
384,409,0.030038,0.378480,-0.355552,0.421486,1.414511,0.432763,0.030038
385,409,0.025815,0.325265,-0.420085,0.364445,1.342948,0.442543,0.025815
386,409,0.028695,0.361556,-0.420085,0.389318,1.383379,0.425428,0.028695
387,409,0.035721,0.450081,-0.420085,0.476143,1.479868,0.447433,0.035721
388,409,0.015645,0.197121,-0.376111,0.234212,1.203491,0.418093,0.015645
389,409,0.030236,0.380978,-0.420085,0.422291,1.413214,0.444988,0.030236
390,409,0.027723,0.349304,-0.376111,0.403985,1.387588,0.444988,0.027723
391,409,0.040447,0.509633,-0.376111,0.531161,1.563462,0.447433,0.040447
392,409,0.042648,0.537364,-0.355552,0.570316,1.610357,0.454768,0.042648
393,409,0.038125,0.480376,-0.355552,0.511428,1.529140,0.449878,0.038125
394,409,0.022475,0.283190,-0.355552,0.322925,1.300290,0.435208,0.022475
395,409,0.022614,0.284940,-0.420085,0.313298,1.294805,0.432763,0.022614
396,409,0.026106,0.328934,-0.420085,0.373529,1.353717,0.437653,0.026106
397,409,0.031915,0.402125,-0.420085,0.441144,1.422032,0.447433,0.031915
398,409,0.025744,0.324375,-0.376111,0.360167,1.345135,0.442543,0.025744
399,409,0.025487,0.321133,-0.420085,0.368152,1.344416,0.452323,0.025487
400,409,0.030570,0.385176,-0.376111,0.436112,1.412495,0.444988,0.030570
401,409,0.026068,0.328452,-0.355552,0.372526,1.356210,0.440098,0.026068
402,409,0.030670,0.386438,-0.420085,0.420215,1.408891,0.437653,0.030670
403,409,0.026229,0.330480,-0.386988,0.380049,1.353893,0.444988,0.026229
404,409,0.018036,0.227250,-0.376111,0.260239,1.237628,0.422983,0.018036
405,409,0.036024,0.453899,-0.376111,0.508174,1.520885,0.457213,0.036024
406,409,0.033389,0.420707,-0.376111,0.450068,1.457675,0.442543,0.033389
407,409,0.035325,0.445098,-0.376111,0.500589,1.492239,0.464548,0.035325
408,409,0.034006,0.428478,-0.376111,0.463790,1.462496,0.437653,0.034006
409,409,0.022553,0.284162,-0.420085,0.319280,1.298602,0.425428,0.022553
410,409,0.029657,0.373684,-0.420085,0.414900,1.402651,0.432763,0.029657
411,409,0.045565,0.574124,-0.386988,0.609819,1.664144,0.474328,0.045565
412,409,0.035079,0.441989,-0.376111,0.482863,1.487712,0.452323,0.035079
413,409,0.025176,0.317213,-0.420085,0.365002,1.344351,0.442543,0.025176
414,409,0.027742,0.349546,-0.420085,0.394750,1.376892,0.440098,0.027742
415,409,0.039187,0.493753,-0.420085,0.534352,1.557248,0.457213,0.039187
416,409,0.035018,0.441230,-0.355552,0.495364,1.506175,0.447433,0.035018
417,409,0.024320,0.306437,-0.386988,0.366455,1.336426,0.442543,0.024320
418,409,0.028494,0.359025,-0.386988,0.402957,1.387775,0.444988,0.028494
419,409,0.035193,0.443426,-0.420085,0.470412,1.479900,0.440098,0.035193
420,409,0.030079,0.378994,-0.420085,0.428931,1.414635,0.452323,0.030079
421,409,0.026240,0.330626,-0.386988,0.381244,1.348578,0.449878,0.026240
422,409,0.032260,0.406472,-0.420085,0.436095,1.429199,0.442543,0.032260
423,409,0.023459,0.295579,-0.420085,0.341781,1.315379,0.437653,0.023459
424,409,0.032215,0.405912,-0.355552,0.457969,1.450672,0.454768,0.032215
425,409,0.038873,0.489803,-0.420085,0.521081,1.547673,0.449878,0.038873
426,409,0.025502,0.321319,-0.386988,0.366622,1.345315,0.437653,0.025502
427,409,0.021915,0.276131,-0.420085,0.321796,1.291902,0.432763,0.021915
428,409,0.026197,0.330081,-0.355552,0.360768,1.343564,0.444988,0.026197
429,409,0.032776,0.412974,-0.355552,0.442631,1.439418,0.440098,0.032776
430,409,0.024485,0.308513,-0.420085,0.348519,1.318687,0.435208,0.024485
431,409,0.029315,0.369375,-0.386988,0.415237,1.400265,0.432763,0.029315
432,409,0.029962,0.377516,-0.355552,0.418738,1.410108,0.442543,0.029962
433,409,0.040342,0.508309,-0.420085,0.548634,1.570298,0.459658,0.040342
434,409,0.024546,0.309279,-0.420085,0.359596,1.331274,0.437653,0.024546
435,409,0.036086,0.454688,-0.420085,0.487705,1.499971,0.449878,0.036086
436,409,0.032494,0.409426,-0.355552,0.443314,1.430429,0.432763,0.032494
437,409,0.028818,0.363101,-0.420085,0.410875,1.399460,0.440098,0.028818
438,409,0.034265,0.431743,-0.355552,0.466991,1.470735,0.442543,0.034265
439,409,0.030394,0.382959,-0.386988,0.421512,1.409158,0.454768,0.030394
440,409,0.022863,0.288071,-0.420085,0.335849,1.302942,0.447433,0.022863
441,409,0.025940,0.326838,-0.376111,0.355224,1.342174,0.422983,0.025940
442,409,0.023756,0.299328,-0.386988,0.340761,1.313596,0.427873,0.023756
443,409,0.023219,0.292560,-0.420085,0.326290,1.301343,0.425428,0.023219
444,409,0.025805,0.325139,-0.355552,0.371126,1.352053,0.442543,0.025805
445,409,0.034149,0.430278,-0.420085,0.452127,1.463928,0.435208,0.034149
446,409,0.034690,0.437097,-0.420085,0.487067,1.487655,0.454768,0.034690
447,409,0.034331,0.432572,-0.420085,0.469773,1.471804,0.462103,0.034331
448,409,0.025359,0.319519,-0.376111,0.379199,1.355000,0.437653,0.025359
449,409,0.030781,0.387839,-0.376111,0.433811,1.428328,0.449878,0.030781
450,409,0.022681,0.285775,-0.386988,0.325789,1.296632,0.440098,0.022681
451,409,0.029322,0.369453,-0.386988,0.406592,1.397605,0.432763,0.029322
452,409,0.033938,0.427622,-0.376111,0.475921,1.469856,0.454768,0.033938
453,409,0.034869,0.439353,-0.355552,0.486316,1.493145,0.442543,0.034869
454,409,0.032366,0.407805,-0.376111,0.453629,1.451141,0.440098,0.032366
455,409,0.034995,0.440938,-0.376111,0.471668,1.470554,0.447433,0.034995
456,409,0.038150,0.480694,-0.376111,0.522232,1.543733,0.447433,0.038150
457,409,0.025185,0.317325,-0.386988,0.379270,1.355214,0.454768,0.025185
458,409,0.039580,0.498713,-0.386988,0.518568,1.544613,0.459658,0.039580
459,409,0.025721,0.324087,-0.420085,0.355477,1.340179,0.435208,0.025721
460,409,0.035291,0.444668,-0.420085,0.493413,1.501911,0.444988,0.035291
461,409,0.022003,0.277240,-0.355552,0.336382,1.300319,0.440098,0.022003
462,409,0.032878,0.414260,-0.376111,0.467872,1.458643,0.452323,0.032878
463,409,0.028134,0.354485,-0.386988,0.383103,1.371560,0.427873,0.028134
464,409,0.029102,0.366686,-0.376111,0.410514,1.392869,0.452323,0.029102
465,409,0.037654,0.474440,-0.420085,0.529409,1.551162,0.454768,0.037654
466,409,0.021626,0.272489,-0.376111,0.323439,1.295299,0.437653,0.021626
467,409,0.038092,0.479958,-0.355552,0.522180,1.534946,0.457213,0.038092
468,409,0.024397,0.307406,-0.355552,0.351992,1.324932,0.435208,0.024397
469,409,0.035558,0.448025,-0.386988,0.486334,1.494592,0.454768,0.035558
470,409,0.031201,0.393133,-0.355552,0.428943,1.421186,0.437653,0.031201
471,409,0.026684,0.336214,-0.386988,0.375311,1.352704,0.437653,0.026684
472,409,0.026345,0.331949,-0.386988,0.378567,1.355080,0.437653,0.026345
473,409,0.032001,0.403214,-0.386988,0.472600,1.457219,0.459658,0.032001
474,409,0.034923,0.440033,-0.376111,0.495570,1.491735,0.462103,0.034923
475,409,0.028331,0.356976,-0.420085,0.404585,1.386308,0.440098,0.028331
476,409,0.025684,0.323612,-0.355552,0.370855,1.344162,0.430318,0.025684
477,409,0.041801,0.526695,-0.355552,0.571083,1.596972,0.459658,0.041801
478,409,0.025372,0.319687,-0.376111,0.367031,1.339961,0.440098,0.025372
479,409,0.023401,0.294857,-0.355552,0.346108,1.327634,0.432763,0.023401
480,409,0.034928,0.440096,-0.420085,0.483018,1.487768,0.457213,0.034928
481,409,0.027799,0.350265,-0.355552,0.401314,1.383071,0.437653,0.027799
482,409,0.027874,0.351213,-0.376111,0.395073,1.382566,0.437653,0.027874
483,409,0.026266,0.330948,-0.420085,0.378917,1.348016,0.435208,0.026266
484,409,0.033715,0.424803,-0.420085,0.454181,1.454484,0.449878,0.033715
485,409,0.026447,0.333238,-0.355552,0.375871,1.348290,0.440098,0.026447
486,409,0.038186,0.481143,-0.420085,0.523047,1.544865,0.452323,0.038186
487,409,0.031067,0.391450,-0.420085,0.444216,1.427766,0.454768,0.031067
488,409,0.026729,0.336789,-0.355552,0.385678,1.365951,0.442543,0.026729
489,409,0.034665,0.436785,-0.376111,0.474193,1.469229,0.444988,0.034665
490,409,0.030419,0.383281,-0.376111,0.426564,1.419444,0.452323,0.030419
491,409,0.032456,0.408940,-0.355552,0.440807,1.434860,0.437653,0.032456
492,409,0.023103,0.291098,-0.355552,0.334628,1.307968,0.437653,0.023103
493,409,0.038001,0.478812,-0.355552,0.519623,1.528598,0.459658,0.038001
494,409,0.028961,0.364912,-0.420085,0.410128,1.393013,0.442543,0.028961
495,409,0.026569,0.334765,-0.355552,0.389299,1.367954,0.440098,0.026569
496,409,0.036058,0.454336,-0.420085,0.483315,1.484836,0.449878,0.036058
497,409,0.030226,0.380843,-0.376111,0.424233,1.410992,0.437653,0.030226
498,409,0.039875,0.502423,-0.420085,0.518759,1.546291,0.442543,0.039875
499,409,0.028022,0.353074,-0.355552,0.382056,1.376248,0.427873,0.028022
500,409,0.034319,0.432421,-0.355552,0.469671,1.468207,0.457213,0.034319
501,409,0.024431,0.307829,-0.376111,0.357736,1.328052,0.437653,0.024431
502,409,0.029370,0.370068,-0.420085,0.411417,1.395801,0.442543,0.029370
503,409,0.032398,0.408218,-0.376111,0.449684,1.442899,0.447433,0.032398
504,409,0.032559,0.410247,-0.355552,0.458882,1.450692,0.442543,0.032559
505,409,0.031061,0.391370,-0.355552,0.420628,1.410770,0.442543,0.031061
506,409,0.034292,0.432077,-0.376111,0.462236,1.472944,0.447433,0.034292
507,409,0.037174,0.468392,-0.420085,0.513055,1.523572,0.457213,0.037174
508,409,0.035825,0.451396,-0.386988,0.488488,1.498522,0.457213,0.035825
509,409,0.024409,0.307556,-0.386988,0.355624,1.329455,0.452323,0.024409
510,409,0.033226,0.418653,-0.420085,0.453838,1.456275,0.457213,0.033226
511,409,0.028669,0.361226,-0.420085,0.402783,1.390047,0.437653,0.028669
512,409,0.024887,0.313576,-0.420085,0.345878,1.326881,0.430318,0.024887
513,409,0.020531,0.258691,-0.420085,0.301646,1.269429,0.442543,0.020531
514,409,0.032153,0.405133,-0.376111,0.459539,1.449242,0.459658,0.032153
515,409,0.026470,0.333522,-0.355552,0.356298,1.343775,0.422983,0.026470
516,409,0.034795,0.438414,-0.420085,0.466822,1.460613,0.464548,0.034795
517,409,0.028663,0.361159,-0.376111,0.404257,1.387837,0.444988,0.028663
518,409,0.013332,0.167983,-0.420085,0.194618,1.170037,0.420538,0.013332
519,409,0.037855,0.476969,-0.420085,0.494967,1.513012,0.447433,0.037855
520,409,0.030544,0.384857,-0.376111,0.414551,1.397698,0.442543,0.030544
521,409,0.032039,0.403694,-0.355552,0.454736,1.451390,0.454768,0.032039
522,409,0.029938,0.377217,-0.355552,0.437290,1.420321,0.447433,0.029938
523,409,0.028314,0.356759,-0.386988,0.403219,1.384240,0.444988,0.028314
524,409,0.028059,0.353539,-0.420085,0.400862,1.385515,0.447433,0.028059
525,409,0.030686,0.386641,-0.420085,0.427588,1.415270,0.449878,0.030686
526,409,0.030252,0.381175,-0.420085,0.415240,1.402636,0.437653,0.030252
527,409,0.038891,0.490028,-0.420085,0.508899,1.518467,0.457213,0.038891
528,409,0.031665,0.398981,-0.420085,0.447396,1.434541,0.454768,0.031665
529,409,0.033230,0.418697,-0.420085,0.469811,1.457642,0.447433,0.033230
530,409,0.035015,0.441189,-0.420085,0.490645,1.493820,0.452323,0.035015
531,409,0.027189,0.342578,-0.420085,0.373998,1.349383,0.444988,0.027189
532,409,0.018999,0.239382,-0.420085,0.285456,1.254386,0.427873,0.018999
533,409,0.022194,0.279645,-0.355552,0.320310,1.289506,0.437653,0.022194
534,409,0.043645,0.549929,-0.355552,0.584953,1.625974,0.466993,0.043645
535,409,0.032932,0.414938,-0.355552,0.466115,1.460786,0.449878,0.032932
536,409,0.029731,0.374616,-0.355552,0.409093,1.396942,0.432763,0.029731
537,409,0.033422,0.421119,-0.355552,0.446430,1.453082,0.442543,0.033422
538,409,0.030420,0.383288,-0.420085,0.435713,1.425835,0.449878,0.030420
539,409,0.029174,0.367589,-0.376111,0.408045,1.392154,0.430318,0.029174
540,409,0.029748,0.374830,-0.355552,0.433136,1.417512,0.449878,0.029748
541,409,0.027450,0.345872,-0.376111,0.385429,1.367442,0.440098,0.027450
542,409,0.026886,0.338763,-0.376111,0.365253,1.353449,0.435208,0.026886
543,409,0.028868,0.363737,-0.355552,0.414047,1.399871,0.447433,0.028868
544,409,0.031214,0.393295,-0.420085,0.419094,1.415584,0.442543,0.031214
545,409,0.024395,0.307377,-0.376111,0.363995,1.338622,0.420538,0.024395
546,409,0.028172,0.354970,-0.420085,0.378404,1.368349,0.430318,0.028172
547,409,0.027007,0.340286,-0.376111,0.387568,1.374730,0.444988,0.027007
548,409,0.026058,0.328327,-0.420085,0.378067,1.353798,0.442543,0.026058
549,409,0.028583,0.360141,-0.386988,0.401105,1.379926,0.440098,0.028583
550,409,0.024866,0.313309,-0.355552,0.366983,1.337906,0.444988,0.024866
551,409,0.024718,0.311443,-0.376111,0.355781,1.328725,0.452323,0.024718
552,409,0.028545,0.359666,-0.376111,0.405382,1.393744,0.447433,0.028545
553,409,0.027399,0.345230,-0.420085,0.386034,1.367815,0.442543,0.027399
554,409,0.030414,0.383221,-0.355552,0.423348,1.415060,0.442543,0.030414
555,409,0.030185,0.380333,-0.376111,0.442482,1.428187,0.452323,0.030185
556,409,0.028178,0.355048,-0.376111,0.378365,1.365357,0.422983,0.028178
557,409,0.029496,0.371652,-0.376111,0.411862,1.403230,0.435208,0.029496
558,409,0.026041,0.328115,-0.420085,0.362562,1.351357,0.430318,0.026041
559,409,0.032116,0.404660,-0.386988,0.445716,1.439339,0.440098,0.032116
560,409,0.025455,0.320736,-0.420085,0.350210,1.332609,0.425428,0.025455
561,409,0.028564,0.359901,-0.376111,0.397182,1.384898,0.444988,0.028564
562,409,0.032154,0.405139,-0.376111,0.452802,1.444946,0.454768,0.032154
563,409,0.034651,0.436598,-0.420085,0.470572,1.483915,0.442543,0.034651
564,409,0.027028,0.340559,-0.355552,0.389315,1.371232,0.442543,0.027028
565,409,0.032184,0.405522,-0.420085,0.436446,1.440946,0.452323,0.032184
566,409,0.029798,0.375451,-0.386988,0.407388,1.412701,0.449878,0.029798
567,409,0.026635,0.335602,-0.376111,0.379575,1.355652,0.442543,0.026635
568,409,0.028515,0.359284,-0.420085,0.388887,1.379789,0.430318,0.028515
569,409,0.025786,0.324907,-0.420085,0.357362,1.343676,0.418093,0.025786
570,409,0.024003,0.302434,-0.355552,0.329216,1.317511,0.430318,0.024003
571,409,0.036668,0.462016,-0.420085,0.509974,1.513264,0.442543,0.036668
572,409,0.024498,0.308674,-0.376111,0.362411,1.337937,0.432763,0.024498
573,409,0.033130,0.417441,-0.355552,0.452297,1.454274,0.452323,0.033130
574,409,0.038477,0.484811,-0.355552,0.535015,1.541368,0.462103,0.038477
575,409,0.037291,0.469869,-0.386988,0.510989,1.522817,0.447433,0.037291
576,409,0.024619,0.310205,-0.420085,0.349936,1.334001,0.442543,0.024619
577,409,0.034100,0.429661,-0.376111,0.483197,1.473307,0.449878,0.034100
578,409,0.027268,0.343579,-0.376111,0.392366,1.374744,0.449878,0.027268
579,409,0.033949,0.427755,-0.420085,0.459253,1.462257,0.452323,0.033949
580,409,0.024939,0.314228,-0.420085,0.342449,1.321166,0.422983,0.024939
581,409,0.029746,0.374803,-0.420085,0.409186,1.408150,0.447433,0.029746
582,409,0.023442,0.295370,-0.420085,0.337161,1.311475,0.435208,0.023442
583,409,0.026648,0.335761,-0.420085,0.390199,1.372905,0.432763,0.026648
584,409,0.041663,0.524952,-0.420085,0.558249,1.590901,0.457213,0.041663
585,409,0.028439,0.358327,-0.386988,0.399810,1.386488,0.444988,0.028439
586,409,0.032854,0.413962,-0.420085,0.433749,1.431356,0.440098,0.032854
587,409,0.034694,0.437140,-0.355552,0.466639,1.474257,0.444988,0.034694
588,409,0.035599,0.448548,-0.376111,0.490425,1.502610,0.457213,0.035599
589,409,0.032641,0.411271,-0.386988,0.458448,1.444242,0.459658,0.032641
590,409,0.029062,0.366178,-0.420085,0.403436,1.383705,0.437653,0.029062
591,409,0.035772,0.450723,-0.355552,0.483669,1.477236,0.452323,0.035772
592,409,0.031316,0.394578,-0.376111,0.427959,1.415234,0.449878,0.031316
593,409,0.023812,0.300028,-0.355552,0.341162,1.319028,0.435208,0.023812
594,409,0.029386,0.370260,-0.355552,0.418052,1.401983,0.444988,0.029386
595,409,0.023516,0.296296,-0.355552,0.343519,1.312671,0.432763,0.023516
596,409,0.027940,0.352043,-0.376111,0.387637,1.378609,0.430318,0.027940
597,409,0.031060,0.391352,-0.376111,0.447161,1.432867,0.444988,0.031060
598,409,0.037849,0.476897,-0.386988,0.511491,1.534970,0.449878,0.037849
599,409,0.023475,0.295780,-0.386988,0.342315,1.318896,0.435208,0.023475
600,409,0.025164,0.317068,-0.355552,0.364441,1.340865,0.437653,0.025164
601,409,0.035581,0.448324,-0.376111,0.483358,1.486713,0.449878,0.035581
602,409,0.035291,0.444671,-0.386988,0.492673,1.500328,0.462103,0.035291
603,409,0.026315,0.331573,-0.376111,0.357864,1.346134,0.425428,0.026315
604,409,0.034559,0.435439,-0.355552,0.468499,1.475222,0.444988,0.034559
605,409,0.034752,0.437878,-0.355552,0.487824,1.489280,0.454768,0.034752
606,409,0.034282,0.431955,-0.376111,0.463447,1.468059,0.442543,0.034282
607,409,0.033979,0.428130,-0.355552,0.474248,1.481872,0.449878,0.033979
608,409,0.027077,0.341176,-0.386988,0.371299,1.357735,0.435208,0.027077
609,409,0.030304,0.381827,-0.386988,0.420804,1.415280,0.442543,0.030304
610,409,0.026239,0.330614,-0.355552,0.364375,1.350275,0.430318,0.026239
611,409,0.027346,0.344564,-0.420085,0.381888,1.361315,0.444988,0.027346
612,409,0.036495,0.459836,-0.386988,0.495261,1.498192,0.452323,0.036495
613,409,0.025079,0.315993,-0.420085,0.364151,1.344798,0.447433,0.025079
614,409,0.037994,0.478729,-0.386988,0.520172,1.540117,0.454768,0.037994
615,409,0.025720,0.324068,-0.386988,0.368266,1.342070,0.435208,0.025720
616,409,0.038407,0.483922,-0.386988,0.523693,1.546849,0.459658,0.038407
617,409,0.035977,0.453307,-0.420085,0.498923,1.512447,0.444988,0.035977
618,409,0.036226,0.456443,-0.420085,0.491124,1.504877,0.440098,0.036226
619,409,0.035410,0.446168,-0.355552,0.477946,1.486257,0.452323,0.035410
620,409,0.023842,0.300407,-0.355552,0.353869,1.325534,0.440098,0.023842
621,409,0.035329,0.445140,-0.376111,0.483468,1.494071,0.447433,0.035329
622,409,0.031839,0.401167,-0.420085,0.443300,1.436518,0.435208,0.031839
623,409,0.036277,0.457093,-0.420085,0.496851,1.503289,0.459658,0.036277
624,409,0.025767,0.324659,-0.420085,0.370004,1.350469,0.442543,0.025767
625,409,0.027403,0.345283,-0.376111,0.397823,1.376197,0.452323,0.027403
626,409,0.036772,0.463328,-0.376111,0.499256,1.505826,0.447433,0.036772
627,409,0.029956,0.377443,-0.420085,0.415069,1.401852,0.437653,0.029956
628,409,0.027665,0.348574,-0.420085,0.400185,1.382207,0.454768,0.027665
629,409,0.024216,0.305120,-0.376111,0.332267,1.311788,0.425428,0.024216
630,409,0.041027,0.516941,-0.355552,0.534509,1.558131,0.452323,0.041027
631,409,0.027911,0.351676,-0.376111,0.388087,1.373081,0.437653,0.027911
632,409,0.028035,0.353245,-0.355552,0.409712,1.396530,0.447433,0.028035
633,409,0.027388,0.345090,-0.355552,0.378518,1.359255,0.447433,0.027388
634,409,0.037871,0.477169,-0.355552,0.526497,1.535960,0.464548,0.037871
635,409,0.040982,0.516378,-0.420085,0.545398,1.570742,0.459658,0.040982
636,409,0.039297,0.495137,-0.420085,0.526677,1.555040,0.452323,0.039297
637,409,0.035621,0.448822,-0.355552,0.470721,1.474597,0.442543,0.035621
638,409,0.034225,0.431239,-0.355552,0.476345,1.480463,0.464548,0.034225
639,409,0.035707,0.449907,-0.355552,0.480532,1.490707,0.444988,0.035707
640,409,0.043803,0.551917,-0.420085,0.579446,1.619546,0.454768,0.043803
641,409,0.031547,0.397494,-0.386988,0.435557,1.423046,0.440098,0.031547
642,409,0.036672,0.462068,-0.355552,0.506512,1.524772,0.464548,0.036672
643,409,0.025686,0.323641,-0.376111,0.371947,1.350978,0.437653,0.025686
644,409,0.023331,0.293964,-0.355552,0.337540,1.312156,0.440098,0.023331
645,409,0.030514,0.384471,-0.420085,0.438554,1.420210,0.459658,0.030514
646,409,0.033063,0.416595,-0.386988,0.456714,1.456177,0.457213,0.033063
647,409,0.022312,0.281127,-0.420085,0.311070,1.286897,0.422983,0.022312
648,409,0.034984,0.440803,-0.376111,0.476891,1.480292,0.447433,0.034984
649,409,0.025342,0.319315,-0.355552,0.361874,1.344832,0.432763,0.025342
650,409,0.027579,0.347498,-0.420085,0.389114,1.370482,0.437653,0.027579
651,409,0.026789,0.337548,-0.376111,0.376334,1.358006,0.427873,0.026789
652,409,0.031927,0.402282,-0.355552,0.430757,1.434515,0.437653,0.031927
653,409,0.030041,0.378518,-0.376111,0.427124,1.413218,0.444988,0.030041
654,409,0.026417,0.332855,-0.420085,0.371145,1.359897,0.444988,0.026417
655,409,0.032377,0.407956,-0.386988,0.447572,1.446271,0.457213,0.032377
656,409,0.038803,0.488917,-0.355552,0.525720,1.552033,0.447433,0.038803
657,409,0.025080,0.316003,-0.386988,0.353962,1.331775,0.442543,0.025080
658,409,0.033873,0.426801,-0.376111,0.483699,1.478458,0.452323,0.033873
659,409,0.036508,0.460007,-0.420085,0.492341,1.503764,0.449878,0.036508
660,409,0.029316,0.369379,-0.376111,0.407146,1.397238,0.432763,0.029316
661,409,0.033241,0.418834,-0.355552,0.461362,1.466167,0.444988,0.033241
662,409,0.028494,0.359030,-0.355552,0.421629,1.406834,0.449878,0.028494
663,409,0.034349,0.432801,-0.386988,0.491335,1.482137,0.452323,0.034349
664,409,0.030416,0.383246,-0.355552,0.429878,1.417301,0.437653,0.030416
665,409,0.035889,0.452205,-0.420085,0.483176,1.495026,0.447433,0.035889
666,409,0.032738,0.412498,-0.420085,0.437877,1.426771,0.444988,0.032738
667,409,0.028962,0.364921,-0.386988,0.421570,1.404355,0.440098,0.028962
668,409,0.029776,0.375181,-0.355552,0.419951,1.405022,0.444988,0.029776
669,409,0.028387,0.357679,-0.376111,0.414277,1.396256,0.447433,0.028387
670,409,0.027591,0.347648,-0.355552,0.405218,1.387087,0.442543,0.027591
671,409,0.029884,0.376537,-0.386988,0.408359,1.400999,0.437653,0.029884
672,409,0.030483,0.384081,-0.355552,0.412590,1.406956,0.440098,0.030483
673,409,0.018633,0.234773,-0.420085,0.274066,1.245149,0.437653,0.018633
674,409,0.024910,0.313865,-0.355552,0.362269,1.332484,0.447433,0.024910
675,409,0.039024,0.491708,-0.420085,0.528757,1.542386,0.457213,0.039024
676,409,0.022271,0.280609,-0.420085,0.310469,1.281293,0.425428,0.022271
677,409,0.025316,0.318976,-0.355552,0.355265,1.335433,0.437653,0.025316
678,409,0.032658,0.411492,-0.376111,0.467387,1.453202,0.457213,0.032658
679,409,0.038859,0.489620,-0.376111,0.504229,1.523729,0.437653,0.038859
680,409,0.026225,0.330438,-0.420085,0.372560,1.352417,0.435208,0.026225
681,409,0.036791,0.463566,-0.386988,0.524358,1.539108,0.466993,0.036791
682,409,0.035379,0.445773,-0.355552,0.480380,1.494610,0.449878,0.035379
683,409,0.023494,0.296028,-0.386988,0.334788,1.313749,0.440098,0.023494
684,409,0.027386,0.345062,-0.420085,0.380534,1.370637,0.430318,0.027386
685,409,0.026417,0.332849,-0.386988,0.389042,1.359215,0.430318,0.026417
686,409,0.018891,0.238027,-0.420085,0.283085,1.252741,0.420538,0.018891
687,409,0.030782,0.387858,-0.355552,0.427390,1.420377,0.437653,0.030782
688,409,0.040930,0.515719,-0.386988,0.552224,1.583378,0.447433,0.040930
689,409,0.026825,0.337995,-0.420085,0.372206,1.355031,0.447433,0.026825
690,409,0.027710,0.349145,-0.355552,0.400919,1.386694,0.447433,0.027710
691,409,0.034690,0.437096,-0.420085,0.467420,1.476188,0.444988,0.034690
692,409,0.026537,0.334362,-0.386988,0.382672,1.359840,0.449878,0.026537
693,409,0.031479,0.396635,-0.420085,0.430416,1.428798,0.437653,0.031479
694,409,0.042786,0.539098,-0.355552,0.578116,1.624121,0.474328,0.042786
695,409,0.033649,0.423981,-0.386988,0.449921,1.453770,0.440098,0.033649
696,409,0.025594,0.322488,-0.420085,0.363902,1.339456,0.437653,0.025594
697,409,0.030148,0.379868,-0.355552,0.425724,1.419914,0.444988,0.030148
698,409,0.032358,0.407707,-0.355552,0.446934,1.443557,0.447433,0.032358
699,409,0.032968,0.415392,-0.420085,0.457102,1.461616,0.462103,0.032968
700,409,0.028061,0.353573,-0.386988,0.393942,1.368396,0.440098,0.028061
701,409,0.029500,0.371705,-0.355552,0.426700,1.416954,0.447433,0.029500
702,409,0.029293,0.369097,-0.420085,0.401983,1.394774,0.432763,0.029293
703,409,0.031012,0.390757,-0.386988,0.437641,1.427581,0.435208,0.031012
704,409,0.025972,0.327241,-0.355552,0.361194,1.342535,0.418093,0.025972
705,409,0.029614,0.373130,-0.420085,0.412242,1.403255,0.444988,0.029614
706,409,0.027174,0.342396,-0.376111,0.378659,1.357857,0.427873,0.027174
707,409,0.029585,0.372776,-0.420085,0.412751,1.396656,0.452323,0.029585
708,409,0.030739,0.387309,-0.420085,0.437817,1.425299,0.459658,0.030739
709,409,0.026428,0.332993,-0.355552,0.368673,1.355358,0.435208,0.026428
710,409,0.042132,0.530860,-0.420085,0.544247,1.572720,0.457213,0.042132
711,409,0.024345,0.306750,-0.420085,0.351689,1.324519,0.435208,0.024345
712,409,0.027119,0.341700,-0.376111,0.381713,1.367209,0.430318,0.027119
713,409,0.030437,0.383506,-0.355552,0.420158,1.419073,0.440098,0.030437
714,409,0.027883,0.351328,-0.420085,0.397596,1.379854,0.442543,0.027883
715,409,0.030744,0.387374,-0.386988,0.423288,1.415169,0.437653,0.030744
716,409,0.033365,0.420398,-0.355552,0.461577,1.463924,0.442543,0.033365
717,409,0.036126,0.455187,-0.420085,0.483142,1.506851,0.452323,0.036126
718,409,0.033009,0.415911,-0.355552,0.471091,1.470599,0.462103,0.033009
719,409,0.028387,0.357671,-0.420085,0.399632,1.389089,0.437653,0.028387
720,409,0.023108,0.291166,-0.376111,0.330711,1.302188,0.435208,0.023108
721,409,0.024636,0.310419,-0.376111,0.363030,1.342746,0.437653,0.024636
722,409,0.037781,0.476036,-0.386988,0.497289,1.518501,0.449878,0.037781
723,409,0.037070,0.467079,-0.355552,0.483275,1.492427,0.432763,0.037070
724,409,0.039155,0.493349,-0.376111,0.526728,1.555745,0.449878,0.039155
725,409,0.032251,0.406366,-0.355552,0.442913,1.435312,0.442543,0.032251
726,409,0.025723,0.324110,-0.386988,0.373208,1.350833,0.425428,0.025723
727,409,0.037420,0.471488,-0.420085,0.505115,1.519830,0.452323,0.037420
728,409,0.035807,0.451173,-0.355552,0.493878,1.495790,0.457213,0.035807
729,409,0.030663,0.386355,-0.355552,0.443845,1.432031,0.449878,0.030663
730,409,0.036279,0.457119,-0.420085,0.498753,1.517195,0.462103,0.036279
731,409,0.027592,0.347657,-0.420085,0.402300,1.386104,0.454768,0.027592
732,409,0.029786,0.375306,-0.355552,0.436159,1.414299,0.449878,0.029786
733,409,0.027984,0.352601,-0.420085,0.411581,1.387606,0.447433,0.027984
734,409,0.027038,0.340674,-0.420085,0.388698,1.371586,0.444988,0.027038
735,409,0.031378,0.395361,-0.386988,0.419353,1.415217,0.444988,0.031378
736,409,0.030436,0.383489,-0.420085,0.425206,1.418905,0.454768,0.030436
737,409,0.024865,0.313301,-0.420085,0.359073,1.336095,0.449878,0.024865
738,409,0.035383,0.445831,-0.355552,0.475015,1.481508,0.462103,0.035383
739,409,0.031017,0.390818,-0.355552,0.443061,1.427782,0.452323,0.031017
740,409,0.033651,0.424002,-0.386988,0.459797,1.452153,0.449878,0.033651
741,409,0.026651,0.335809,-0.420085,0.377168,1.352279,0.437653,0.026651
742,409,0.027417,0.345451,-0.355552,0.397652,1.379933,0.437653,0.027417
743,409,0.034661,0.436725,-0.355552,0.478355,1.489377,0.440098,0.034661
744,409,0.035727,0.450155,-0.355552,0.504282,1.520914,0.454768,0.035727
745,409,0.029746,0.374797,-0.386988,0.405373,1.398307,0.437653,0.029746
746,409,0.031982,0.402968,-0.386988,0.442351,1.438344,0.444988,0.031982
747,409,0.031747,0.400017,-0.420085,0.433191,1.433837,0.447433,0.031747
748,409,0.029583,0.372751,-0.386988,0.406236,1.389472,0.430318,0.029583
749,409,0.030672,0.386464,-0.376111,0.436335,1.423679,0.454768,0.030672
750,409,0.032612,0.410917,-0.355552,0.445016,1.450463,0.442543,0.032612
751,409,0.036694,0.462348,-0.355552,0.502770,1.502985,0.452323,0.036694
752,409,0.033455,0.421531,-0.386988,0.476246,1.462598,0.447433,0.033455
753,409,0.033786,0.425707,-0.386988,0.471843,1.467886,0.447433,0.033786
754,409,0.025382,0.319818,-0.355552,0.358204,1.342510,0.425428,0.025382
755,409,0.028820,0.363127,-0.420085,0.408004,1.397391,0.442543,0.028820
756,409,0.042864,0.540088,-0.355552,0.590554,1.624452,0.462103,0.042864
757,409,0.041103,0.517902,-0.355552,0.545571,1.580723,0.464548,0.041103
758,409,0.039699,0.500201,-0.376111,0.526471,1.551617,0.459658,0.039699
759,409,0.028678,0.361339,-0.386988,0.406861,1.385030,0.447433,0.028678
760,409,0.036490,0.459775,-0.355552,0.509871,1.526955,0.457213,0.036490
761,409,0.027469,0.346103,-0.386988,0.389834,1.364180,0.437653,0.027469
762,409,0.034381,0.433205,-0.376111,0.496739,1.492938,0.459658,0.034381
763,409,0.030156,0.379964,-0.420085,0.423216,1.422330,0.432763,0.030156
764,409,0.034053,0.429071,-0.376111,0.468770,1.474813,0.442543,0.034053
765,409,0.034299,0.432174,-0.355552,0.462292,1.465705,0.444988,0.034299
766,409,0.036070,0.454486,-0.386988,0.493968,1.494367,0.459658,0.036070
767,409,0.037086,0.467281,-0.355552,0.516609,1.520514,0.457213,0.037086
768,409,0.029636,0.373408,-0.376111,0.433410,1.413860,0.457213,0.029636
769,409,0.036513,0.460059,-0.386988,0.499503,1.506161,0.457213,0.036513
770,409,0.024909,0.313859,-0.420085,0.365849,1.329993,0.449878,0.024909
771,409,0.033019,0.416034,-0.376111,0.443211,1.438169,0.430318,0.033019
772,409,0.042772,0.538931,-0.420085,0.555168,1.584753,0.459658,0.042772
773,409,0.028887,0.363979,-0.420085,0.402719,1.395866,0.435208,0.028887
774,409,0.040619,0.511794,-0.355552,0.548581,1.581127,0.457213,0.040619
775,409,0.029711,0.374362,-0.420085,0.424986,1.416705,0.447433,0.029711
776,409,0.028951,0.364784,-0.420085,0.418458,1.401913,0.452323,0.028951
777,409,0.027749,0.349633,-0.420085,0.393817,1.372466,0.435208,0.027749
778,409,0.026018,0.327828,-0.420085,0.368532,1.350570,0.425428,0.026018
779,409,0.028484,0.358894,-0.376111,0.394857,1.375591,0.440098,0.028484
780,409,0.025989,0.327456,-0.355552,0.364418,1.348402,0.432763,0.025989
781,409,0.035430,0.446419,-0.386988,0.476362,1.482538,0.444988,0.035430
782,409,0.031650,0.398786,-0.355552,0.429449,1.425893,0.437653,0.031650
783,409,0.031814,0.400855,-0.420085,0.430567,1.415229,0.430318,0.031814
784,409,0.037269,0.469595,-0.420085,0.509374,1.512894,0.454768,0.037269
785,409,0.029418,0.370670,-0.420085,0.408379,1.399633,0.442543,0.029418
786,409,0.031444,0.396199,-0.355552,0.445871,1.430770,0.454768,0.031444
787,409,0.020903,0.263375,-0.420085,0.312931,1.280740,0.444988,0.020903
788,409,0.041424,0.521944,-0.355552,0.556518,1.594697,0.457213,0.041424
789,409,0.032922,0.414823,-0.386988,0.440400,1.443318,0.432763,0.032922
790,409,0.030831,0.388470,-0.386988,0.431182,1.410700,0.447433,0.030831
791,409,0.020224,0.254823,-0.420085,0.295537,1.268602,0.427873,0.020224
792,409,0.025106,0.316338,-0.420085,0.354400,1.337064,0.444988,0.025106
793,409,0.020652,0.260211,-0.355552,0.303787,1.271586,0.420538,0.020652
794,409,0.030325,0.382094,-0.420085,0.407661,1.398382,0.427873,0.030325
795,409,0.028551,0.359745,-0.386988,0.392931,1.377154,0.444988,0.028551
796,409,0.031072,0.391509,-0.355552,0.439553,1.437186,0.449878,0.031072
797,409,0.027507,0.346587,-0.386988,0.392556,1.377394,0.442543,0.027507
798,409,0.028670,0.361245,-0.420085,0.401664,1.383629,0.454768,0.028670
799,409,0.037606,0.473834,-0.420085,0.509868,1.509137,0.459658,0.037606
800,409,0.035801,0.451090,-0.376111,0.500029,1.503838,0.464548,0.035801
801,409,0.023563,0.296896,-0.355552,0.343924,1.319060,0.437653,0.023563
802,409,0.027699,0.349003,-0.420085,0.396159,1.372124,0.454768,0.027699
803,409,0.029975,0.377679,-0.420085,0.411656,1.407290,0.440098,0.029975
804,409,0.026477,0.333605,-0.386988,0.391438,1.373633,0.449878,0.026477
805,409,0.040333,0.508202,-0.386988,0.539750,1.559642,0.454768,0.040333
806,409,0.035423,0.446333,-0.355552,0.486590,1.494551,0.447433,0.035423
807,409,0.038101,0.480071,-0.420085,0.511258,1.534491,0.444988,0.038101
808,409,0.027315,0.344171,-0.386988,0.391793,1.369929,0.447433,0.027315
809,409,0.029347,0.369772,-0.420085,0.400504,1.397409,0.437653,0.029347
810,409,0.034891,0.439629,-0.386988,0.481868,1.477356,0.447433,0.034891
811,409,0.037647,0.474347,-0.386988,0.505178,1.520669,0.462103,0.037647
812,409,0.032076,0.404163,-0.376111,0.442255,1.438750,0.442543,0.032076
813,409,0.033234,0.418748,-0.376111,0.472986,1.473383,0.457213,0.033234
814,409,0.035350,0.445416,-0.355552,0.477533,1.490855,0.444988,0.035350
815,409,0.033650,0.423989,-0.386988,0.452559,1.456061,0.444988,0.033650
816,409,0.037373,0.470894,-0.355552,0.514878,1.533073,0.457213,0.037373
817,409,0.029790,0.375360,-0.355552,0.405472,1.395022,0.427873,0.029790
818,409,0.031829,0.401045,-0.386988,0.441147,1.438019,0.440098,0.031829
819,409,0.032416,0.408441,-0.420085,0.455787,1.446295,0.447433,0.032416
820,409,0.029210,0.368049,-0.420085,0.408211,1.400886,0.444988,0.029210
821,409,0.022642,0.285284,-0.376111,0.329976,1.304316,0.437653,0.022642
822,409,0.042354,0.533661,-0.420085,0.573878,1.616044,0.462103,0.042354
823,409,0.023765,0.299434,-0.420085,0.338452,1.309900,0.435208,0.023765
824,409,0.026876,0.338638,-0.386988,0.377747,1.364817,0.425428,0.026876
825,409,0.027142,0.341990,-0.376111,0.401436,1.376761,0.437653,0.027142
826,409,0.023720,0.298868,-0.420085,0.327136,1.305990,0.427873,0.023720
827,409,0.027089,0.341316,-0.355552,0.391831,1.379368,0.435208,0.027089
828,409,0.040486,0.510118,-0.420085,0.549291,1.569011,0.444988,0.040486
829,409,0.042263,0.532511,-0.386988,0.587414,1.613990,0.464548,0.042263
830,409,0.026049,0.328222,-0.376111,0.372711,1.350837,0.435208,0.026049
831,409,0.026562,0.334686,-0.386988,0.392918,1.373981,0.442543,0.026562
832,409,0.034826,0.438802,-0.420085,0.475446,1.476015,0.440098,0.034826
833,409,0.032856,0.413982,-0.376111,0.438065,1.438078,0.437653,0.032856
834,409,0.033129,0.417428,-0.420085,0.480143,1.470694,0.462103,0.033129
835,409,0.038389,0.483700,-0.420085,0.518957,1.542604,0.444988,0.038389
836,409,0.027910,0.351666,-0.420085,0.386060,1.368752,0.440098,0.027910
837,409,0.027924,0.351843,-0.420085,0.420765,1.397572,0.444988,0.027924
838,409,0.022958,0.289271,-0.420085,0.353805,1.315193,0.449878,0.022958
839,409,0.019818,0.249707,-0.420085,0.300068,1.266429,0.447433,0.019818
840,409,0.029758,0.374947,-0.376111,0.418566,1.406849,0.457213,0.029758
841,409,0.029337,0.369647,-0.355552,0.417623,1.402795,0.449878,0.029337
842,409,0.030504,0.384351,-0.355552,0.426588,1.413417,0.449878,0.030504
843,409,0.034349,0.432792,-0.420085,0.481611,1.474247,0.459658,0.034349
844,409,0.022041,0.277711,-0.386988,0.322981,1.293397,0.430318,0.022041
845,409,0.034105,0.429720,-0.355552,0.478066,1.481981,0.452323,0.034105
846,409,0.020299,0.255767,-0.355552,0.308684,1.272837,0.432763,0.020299
847,409,0.033099,0.417050,-0.420085,0.457879,1.455571,0.444988,0.033099
848,409,0.030764,0.387626,-0.376111,0.415438,1.410341,0.430318,0.030764
849,409,0.030009,0.378117,-0.376111,0.428074,1.409785,0.447433,0.030009
850,409,0.040532,0.510707,-0.355552,0.551046,1.588314,0.459658,0.040532
851,409,0.032824,0.413580,-0.420085,0.436930,1.428439,0.447433,0.032824
852,409,0.021807,0.274766,-0.386988,0.317718,1.285778,0.432763,0.021807
853,409,0.035707,0.449912,-0.386988,0.485921,1.495622,0.449878,0.035707
854,409,0.038486,0.484929,-0.420085,0.507015,1.530369,0.449878,0.038486
855,409,0.035271,0.444416,-0.355552,0.480626,1.480542,0.447433,0.035271
856,409,0.031517,0.397114,-0.386988,0.422303,1.419932,0.440098,0.031517
857,409,0.027786,0.350098,-0.376111,0.395100,1.378017,0.452323,0.027786
858,409,0.033007,0.415890,-0.376111,0.462399,1.455598,0.449878,0.033007
859,409,0.028224,0.355618,-0.420085,0.401195,1.384144,0.449878,0.028224
860,409,0.029865,0.376299,-0.376111,0.419282,1.412213,0.447433,0.029865
861,409,0.037128,0.467816,-0.355552,0.512775,1.533003,0.454768,0.037128
862,409,0.039010,0.491528,-0.386988,0.525401,1.535930,0.452323,0.039010
863,409,0.025744,0.324372,-0.376111,0.357942,1.344345,0.430318,0.025744
864,409,0.034061,0.429167,-0.355552,0.467928,1.464042,0.449878,0.034061
865,409,0.022608,0.284862,-0.420085,0.330436,1.305130,0.432763,0.022608
866,409,0.023372,0.294489,-0.420085,0.329706,1.308436,0.437653,0.023372
867,409,0.021662,0.272946,-0.420085,0.305679,1.284087,0.425428,0.021662
868,409,0.036747,0.463013,-0.355552,0.512894,1.519003,0.464548,0.036747
869,409,0.032443,0.408785,-0.420085,0.444440,1.445834,0.452323,0.032443
870,409,0.026148,0.329464,-0.376111,0.370737,1.352671,0.435208,0.026148
871,409,0.028863,0.363675,-0.386988,0.400565,1.387472,0.437653,0.028863
872,409,0.020037,0.252467,-0.355552,0.297541,1.269001,0.430318,0.020037
873,409,0.030949,0.389951,-0.420085,0.432462,1.428068,0.444988,0.030949
874,409,0.031644,0.398717,-0.355552,0.441411,1.436331,0.457213,0.031644
875,409,0.022314,0.281153,-0.355552,0.330232,1.305050,0.425428,0.022314
876,409,0.023432,0.295239,-0.386988,0.339131,1.312385,0.442543,0.023432
877,409,0.029836,0.375937,-0.420085,0.422125,1.407604,0.440098,0.029836
878,409,0.032219,0.405961,-0.386988,0.441204,1.437532,0.437653,0.032219
879,409,0.026300,0.331381,-0.355552,0.390385,1.372781,0.437653,0.026300
880,409,0.046885,0.590750,-0.386988,0.609053,1.674183,0.466993,0.046885
881,409,0.029190,0.367798,-0.355552,0.406172,1.401883,0.430318,0.029190
882,409,0.028098,0.354032,-0.376111,0.395934,1.381469,0.447433,0.028098
883,409,0.024420,0.307694,-0.376111,0.347743,1.331933,0.437653,0.024420
884,409,0.016164,0.203671,-0.386988,0.243396,1.213066,0.427873,0.016164
885,409,0.036358,0.458105,-0.420085,0.492785,1.509042,0.452323,0.036358
886,409,0.045893,0.578256,-0.376111,0.599721,1.643712,0.476773,0.045893
887,409,0.021532,0.271304,-0.420085,0.318924,1.288125,0.440098,0.021532
888,409,0.036499,0.459886,-0.355552,0.510144,1.516242,0.469438,0.036499
889,409,0.033818,0.426106,-0.420085,0.462058,1.459978,0.449878,0.033818
890,409,0.034533,0.435122,-0.420085,0.457532,1.457364,0.442543,0.034533
891,409,0.031469,0.396515,-0.355552,0.442572,1.431821,0.449878,0.031469
892,409,0.025485,0.321112,-0.355552,0.375095,1.353770,0.427873,0.025485
893,409,0.026854,0.338366,-0.420085,0.363080,1.354556,0.430318,0.026854
894,409,0.032629,0.411121,-0.355552,0.465525,1.457194,0.447433,0.032629
895,409,0.031900,0.401937,-0.386988,0.443047,1.439388,0.435208,0.031900
896,409,0.035515,0.447493,-0.420085,0.490668,1.499430,0.447433,0.035515
897,409,0.040905,0.515400,-0.376111,0.535556,1.570496,0.457213,0.040905
898,409,0.045318,0.571007,-0.355552,0.605393,1.651967,0.466993,0.045318
899,409,0.036421,0.458900,-0.420085,0.488145,1.499599,0.444988,0.036421
900,409,0.036632,0.461560,-0.386988,0.491006,1.503831,0.457213,0.036632
901,409,0.033295,0.419518,-0.355552,0.463129,1.457028,0.444988,0.033295
902,409,0.019699,0.248202,-0.420085,0.285018,1.260358,0.420538,0.019699
903,409,0.029021,0.365664,-0.355552,0.415162,1.410111,0.444988,0.029021
904,409,0.033982,0.428174,-0.355552,0.471530,1.473093,0.442543,0.033982
905,409,0.036742,0.462944,-0.376111,0.499578,1.519734,0.449878,0.036742
906,409,0.037537,0.472972,-0.376111,0.499731,1.515463,0.447433,0.037537
907,409,0.034535,0.435143,-0.420085,0.469131,1.463789,0.454768,0.034535
908,409,0.027196,0.342672,-0.420085,0.377117,1.355623,0.442543,0.027196
909,409,0.041714,0.525593,-0.355552,0.576415,1.604011,0.457213,0.041714
910,409,0.036195,0.456059,-0.420085,0.479093,1.486810,0.440098,0.036195
911,409,0.032712,0.412172,-0.420085,0.443303,1.452760,0.442543,0.032712
912,409,0.035039,0.441495,-0.386988,0.474969,1.480199,0.449878,0.035039
913,409,0.030178,0.380242,-0.386988,0.434277,1.405847,0.454768,0.030178
914,409,0.028872,0.363793,-0.420085,0.408872,1.394635,0.440098,0.028872
915,409,0.036483,0.459690,-0.376111,0.482600,1.500012,0.454768,0.036483
916,409,0.036106,0.454930,-0.355552,0.499072,1.502536,0.457213,0.036106
917,409,0.029656,0.373671,-0.420085,0.418230,1.411319,0.435208,0.029656
918,409,0.024541,0.309214,-0.420085,0.359984,1.332687,0.432763,0.024541
919,409,0.032781,0.413040,-0.376111,0.440701,1.445332,0.437653,0.032781
920,409,0.024782,0.312255,-0.420085,0.358032,1.337075,0.432763,0.024782
921,409,0.030039,0.378495,-0.355552,0.427172,1.420718,0.444988,0.030039
922,409,0.038574,0.486028,-0.355552,0.530180,1.550598,0.459658,0.038574
923,409,0.036916,0.465138,-0.420085,0.508207,1.521738,0.454768,0.036916
924,409,0.029158,0.367385,-0.420085,0.403621,1.389097,0.430318,0.029158
925,409,0.023151,0.291709,-0.355552,0.332362,1.306054,0.435208,0.023151
926,409,0.030839,0.388566,-0.420085,0.428509,1.420363,0.447433,0.030839
927,409,0.032677,0.411730,-0.420085,0.456810,1.450543,0.442543,0.032677
928,409,0.026322,0.331653,-0.376111,0.383510,1.364539,0.437653,0.026322
929,409,0.030451,0.383684,-0.355552,0.427792,1.413997,0.442543,0.030451
930,409,0.032477,0.409211,-0.386988,0.447937,1.444297,0.447433,0.032477
931,409,0.024192,0.304824,-0.355552,0.354499,1.332696,0.440098,0.024192
932,409,0.036116,0.455067,-0.420085,0.494656,1.496801,0.454768,0.036116
933,409,0.031454,0.396324,-0.386988,0.431970,1.427701,0.442543,0.031454
934,409,0.031092,0.391764,-0.376111,0.430166,1.423394,0.435208,0.031092
935,409,0.036271,0.457015,-0.420085,0.507203,1.515390,0.459658,0.036271
936,409,0.037552,0.473158,-0.420085,0.510794,1.529397,0.452323,0.037552
937,409,0.033815,0.426068,-0.420085,0.460886,1.458918,0.442543,0.033815
938,409,0.029484,0.371498,-0.420085,0.400199,1.391949,0.440098,0.029484
939,409,0.029486,0.371524,-0.376111,0.407296,1.394911,0.435208,0.029486
940,409,0.028170,0.354942,-0.420085,0.396227,1.389015,0.435208,0.028170
941,409,0.038113,0.480221,-0.420085,0.524220,1.544985,0.462103,0.038113
942,409,0.029390,0.370314,-0.376111,0.403393,1.392014,0.432763,0.029390
943,409,0.030912,0.389486,-0.386988,0.424252,1.417321,0.440098,0.030912
944,409,0.023157,0.291774,-0.376111,0.330131,1.307079,0.437653,0.023157
945,409,0.034708,0.437323,-0.355552,0.474198,1.484945,0.464548,0.034708
946,409,0.027680,0.348770,-0.355552,0.401418,1.385025,0.447433,0.027680
947,409,0.035928,0.452698,-0.420085,0.496863,1.505313,0.457213,0.035928
948,409,0.032699,0.412004,-0.420085,0.449075,1.450767,0.437653,0.032699
949,409,0.034903,0.439782,-0.355552,0.479105,1.486474,0.444988,0.034903
950,409,0.024908,0.313842,-0.376111,0.354309,1.333897,0.440098,0.024908
951,409,0.022234,0.280152,-0.376111,0.312722,1.286786,0.418093,0.022234
952,409,0.034337,0.432641,-0.420085,0.467571,1.462519,0.440098,0.034337
953,409,0.037489,0.472363,-0.386988,0.516390,1.527530,0.454768,0.037489
954,409,0.034256,0.431631,-0.376111,0.461036,1.463685,0.440098,0.034256
955,409,0.028878,0.363866,-0.386988,0.399328,1.384193,0.435208,0.028878
956,409,0.027478,0.346228,-0.386988,0.377824,1.367205,0.447433,0.027478
957,409,0.033289,0.419436,-0.355552,0.458767,1.463236,0.454768,0.033289
958,409,0.031715,0.399605,-0.420085,0.449279,1.452618,0.444988,0.031715
959,409,0.033068,0.416657,-0.420085,0.455215,1.452134,0.447433,0.033068
960,409,0.039900,0.502735,-0.355552,0.545306,1.574030,0.449878,0.039900
961,409,0.029185,0.367726,-0.376111,0.418322,1.404517,0.442543,0.029185
962,409,0.028336,0.357031,-0.386988,0.400112,1.381120,0.442543,0.028336
963,409,0.022996,0.289754,-0.420085,0.330134,1.301159,0.435208,0.022996
964,409,0.029481,0.371460,-0.376111,0.410542,1.398884,0.435208,0.029481
965,409,0.021464,0.270446,-0.386988,0.305665,1.281066,0.435208,0.021464
966,409,0.036122,0.455138,-0.376111,0.504524,1.502392,0.459658,0.036122
967,409,0.030430,0.383420,-0.420085,0.414173,1.408378,0.440098,0.030430
968,409,0.031371,0.395273,-0.355552,0.446952,1.440797,0.442543,0.031371
969,409,0.026880,0.338691,-0.376111,0.371590,1.368446,0.432763,0.026880
970,409,0.031268,0.393978,-0.376111,0.443324,1.438202,0.452323,0.031268
971,409,0.031476,0.396599,-0.376111,0.441979,1.442057,0.444988,0.031476
972,409,0.031977,0.402915,-0.420085,0.437685,1.428775,0.454768,0.031977
973,409,0.030546,0.384873,-0.355552,0.418397,1.413938,0.435208,0.030546
974,409,0.025464,0.320851,-0.420085,0.357779,1.339655,0.432763,0.025464
975,409,0.024153,0.304334,-0.386988,0.338557,1.313760,0.437653,0.024153
976,409,0.026200,0.330123,-0.355552,0.382388,1.356422,0.435208,0.026200
977,409,0.031311,0.394513,-0.355552,0.453178,1.444579,0.447433,0.031311
978,409,0.040328,0.508135,-0.355552,0.543577,1.559788,0.457213,0.040328
979,409,0.032444,0.408789,-0.376111,0.454553,1.438555,0.459658,0.032444
980,409,0.028397,0.357807,-0.420085,0.391774,1.370957,0.442543,0.028397
981,409,0.035754,0.450498,-0.386988,0.488668,1.497826,0.459658,0.035754
982,409,0.038477,0.484807,-0.420085,0.508886,1.529790,0.442543,0.038477
983,409,0.028134,0.354484,-0.420085,0.402755,1.384171,0.442543,0.028134
984,409,0.035382,0.445807,-0.386988,0.480010,1.488036,0.454768,0.035382
985,409,0.037670,0.474636,-0.420085,0.508694,1.528963,0.454768,0.037670
986,409,0.027045,0.340773,-0.420085,0.390973,1.371907,0.432763,0.027045
987,409,0.030736,0.387279,-0.420085,0.424850,1.411525,0.442543,0.030736
988,409,0.036674,0.462094,-0.355552,0.491488,1.504460,0.454768,0.036674
989,409,0.036374,0.458310,-0.420085,0.483577,1.489651,0.449878,0.036374
990,409,0.029822,0.375752,-0.376111,0.412120,1.392874,0.435208,0.029822
991,409,0.030249,0.381141,-0.420085,0.412996,1.406691,0.447433,0.030249
992,409,0.026252,0.330778,-0.386988,0.373926,1.350432,0.440098,0.026252
993,409,0.041855,0.527368,-0.355552,0.551030,1.581549,0.462103,0.041855
994,409,0.034523,0.434987,-0.355552,0.479034,1.484002,0.449878,0.034523
995,409,0.031653,0.398827,-0.420085,0.452779,1.437807,0.454768,0.031653
996,409,0.029356,0.369886,-0.420085,0.417655,1.396228,0.447433,0.029356
997,409,0.027971,0.352435,-0.376111,0.405400,1.376886,0.452323,0.027971
998,409,0.025992,0.327498,-0.386988,0.370681,1.349009,0.442543,0.025992
999,409,0.028868,0.363736,-0.355552,0.408331,1.393501,0.440098,0.028868
