date,sector,heat_score,member_count,breadth_score,relative_strength_score,amount_score,momentum_score
2026-01-05,制造业,90.739583,960,81.041667,100.000000,80.000000,74.791667
2026-01-05,采矿业,90.321069,38,81.578947,89.179012,100.000000,76.315789
2026-01-05,信息传输、软件和信息技术服务业,87.584941,132,85.606061,94.188250,40.000000,86.363636
2026-01-05,金融业,79.879118,67,74.626866,72.829905,60.000000,70.149254
2026-01-05,批发和零售业,73.739130,46,39.130435,100.000000,20.000000,69.565217
2026-01-06,采矿业,96.073275,38,100.000000,93.345733,80.000000,97.368421
2026-01-06,制造业,89.852041,980,86.224490,100.000000,60.000000,72.959184
2026-01-06,信息传输、软件和信息技术服务业,88.875144,133,92.481203,95.139675,40.000000,79.699248
2026-01-06,金融业,87.824872,68,79.411765,78.358312,100.000000,83.823529
2026-01-06,批发和零售业,76.888889,45,46.666667,100.000000,20.000000,82.222222
2026-01-07,采矿业,92.551426,39,97.435897,92.256986,100.000000,51.282051
2026-01-07,制造业,90.060302,995,87.135678,100.000000,80.000000,52.763819
2026-01-07,信息传输、软件和信息技术服务业,80.492112,138,87.681159,84.953954,40.000000,33.333333
2026-01-07,批发和零售业,75.330871,46,52.173913,96.801744,20.000000,60.869565
2026-01-07,金融业,74.816020,69,76.811594,70.336542,60.000000,20.289855
2026-01-08,信息传输、软件和信息技术服务业,93.149039,143,91.608392,98.498256,80.000000,76.223776
2026-01-08,制造业,88.013820,1013,86.377098,100.000000,60.000000,54.195459
2026-01-08,采矿业,84.000000,41,90.243902,100.000000,40.000000,24.390244
2026-01-08,批发和零售业,77.691995,47,59.574468,96.810531,20.000000,65.957447
2026-01-08,金融业,74.704896,69,66.666667,68.674656,100.000000,8.695652
2026-01-09,信息传输、软件和信息技术服务业,97.006579,152,92.763158,100.000000,100.000000,88.157895
2026-01-09,采矿业,93.906977,43,95.348837,100.000000,60.000000,90.697674
2026-01-09,制造业,92.193237,1035,89.178744,100.000000,80.000000,68.985507
2026-01-09,批发和零售业,84.978723,47,78.723404,100.000000,20.000000,82.978723
2026-01-09,金融业,71.966749,68,57.352941,73.337586,40.000000,52.941176
2026-01-12,信息传输、软件和信息技术服务业,98.720930,172,96.511628,100.000000,100.000000,95.930233
2026-01-12,制造业,90.408451,1065,89.201878,100.000000,60.000000,71.079812
2026-01-12,采矿业,88.880952,42,97.619048,100.000000,40.000000,54.761905
2026-01-12,批发和零售业,87.600000,50,88.000000,100.000000,20.000000,86.000000
2026-01-12,金融业,83.488062,69,63.768116,86.879784,80.000000,78.260870
2026-01-13,采矿业,91.476190,42,95.238095,100.000000,60.000000,66.666667
2026-01-13,信息传输、软件和信息技术服务业,90.945946,185,94.054054,100.000000,100.000000,24.324324
2026-01-13,金融业,82.666886,68,73.529412,86.902836,80.000000,45.588235
2026-01-13,制造业,81.369146,1089,81.359045,100.000000,40.000000,20.293848
2026-01-13,批发和零售业,77.462963,54,72.222222,100.000000,20.000000,24.074074
2026-01-14,信息传输、软件和信息技术服务业,95.919540,203,97.044335,100.000000,83.333333,83.251232
2026-01-14,租赁和商务服务业,93.166667,30,83.333333,100.000000,100.000000,73.333333
2026-01-14,采矿业,87.954545,44,90.909091,100.000000,50.000000,52.272727
2026-01-14,制造业,83.839550,1126,81.349911,100.000000,33.333333,51.687389
2026-01-14,批发和零售业,79.298246,57,70.175439,100.000000,16.666667,50.877193
2026-01-14,金融业,72.596614,72,56.944444,80.108677,66.666667,16.666667
2026-01-15,采矿业,90.587302,45,88.888889,100.000000,71.428571,62.222222
2026-01-15,信息传输、软件和信息技术服务业,89.073821,209,94.736842,100.000000,85.714286,18.181818
2026-01-15,租赁和商务服务业,86.666667,30,80.000000,100.000000,100.000000,16.666667
2026-01-15,制造业,83.974856,1142,80.122592,100.000000,42.857143,46.584939
2026-01-15,电力、热力、燃气及水生产和供应业,79.357143,30,70.000000,100.000000,28.571429,40.000000
2026-01-15,批发和零售业,74.674185,57,63.157895,100.000000,14.285714,24.561404
2026-01-15,金融业,65.056471,75,41.333333,71.768743,57.142857,10.666667
2026-01-16,制造业,89.077866,1165,80.085837,100.000000,85.714286,54.849785
2026-01-16,采矿业,87.000000,45,80.000000,100.000000,100.000000,20.000000
2026-01-16,信息传输、软件和信息技术服务业,84.970100,215,89.767442,100.000000,57.142857,18.139535
2026-01-16,租赁和商务服务业,79.809524,30,66.666667,100.000000,71.428571,10.000000
2026-01-16,电力、热力、燃气及水生产和供应业,78.614719,33,69.696970,100.000000,28.571429,33.333333
2026-01-16,批发和零售业,69.979925,56,60.714286,84.205414,14.285714,23.214286
2026-01-16,金融业,55.919538,76,26.315789,58.114241,42.857143,5.263158
2026-01-19,采矿业,92.065217,46,80.434783,100.000000,100.000000,69.565217
2026-01-19,制造业,89.509556,1186,80.691400,100.000000,83.333333,60.033727
2026-01-19,信息传输、软件和信息技术服务业,86.711712,222,90.090090,100.000000,66.666667,25.225225
2026-01-19,电力、热力、燃气及水生产和供应业,85.904762,35,77.142857,100.000000,33.333333,82.857143
2026-01-19,批发和零售业,72.767584,58,63.793103,75.782978,16.666667,62.068966
2026-01-19,金融业,58.467038,76,23.684211,57.552364,50.000000,31.578947
2026-01-20,采矿业,93.617021,47,87.234043,100.000000,100.000000,68.085106
2026-01-20,电力、热力、燃气及水生产和供应业,86.631579,38,84.210526,100.000000,40.000000,65.789474
2026-01-20,信息传输、软件和信息技术服务业,82.008772,228,76.315789,100.000000,60.000000,19.298246
2026-01-20,批发和零售业,69.257676,56,66.071429,65.816419,20.000000,42.857143
2026-01-20,金融业,66.888387,76,27.631579,58.448286,80.000000,73.684211
2026-01-21,采矿业,94.574468,47,89.361702,100.000000,100.000000,72.340426
2026-01-21,租赁和商务服务业,86.881720,31,77.419355,100.000000,83.333333,41.935484
2026-01-21,信息传输、软件和信息技术服务业,82.334802,227,73.127753,100.000000,50.000000,40.528634
2026-01-21,电力、热力、燃气及水生产和供应业,80.043860,38,76.315789,100.000000,33.333333,26.315789
2026-01-21,批发和零售业,67.477992,57,63.157895,66.754072,16.666667,33.333333
2026-01-21,金融业,58.628962,76,26.315789,55.217602,66.666667,15.789474
2026-01-22,采矿业,93.541667,48,91.666667,100.000000,100.000000,56.250000
2026-01-22,租赁和商务服务业,91.075269,31,77.419355,100.000000,83.333333,83.870968
2026-01-22,信息传输、软件和信息技术服务业,85.754310,232,74.568966,100.000000,50.000000,71.120690
2026-01-22,电力、热力、燃气及水生产和供应业,85.701754,38,84.210526,100.000000,33.333333,63.157895
2026-01-22,批发和零售业,71.674978,57,59.649123,76.524474,16.666667,59.649123
2026-01-22,金融业,62.452693,76,26.315789,55.775685,66.666667,52.631579
2026-01-23,租赁和商务服务业,93.870968,31,80.645161,100.000000,100.000000,87.096774
2026-01-23,采矿业,91.666667,48,87.500000,100.000000,83.333333,64.583333
2026-01-23,信息传输、软件和信息技术服务业,89.142259,239,82.426778,100.000000,50.000000,85.355649
2026-01-23,电力、热力、燃气及水生产和供应业,83.991228,38,81.578947,100.000000,33.333333,52.631579
2026-01-23,批发和零售业,78.120792,61,73.770492,81.226338,16.666667,77.049180
2026-01-23,金融业,60.074741,76,23.684211,52.579667,66.666667,43.421053
2026-01-26,采矿业,98.269231,52,96.153846,100.000000,100.000000,92.307692
2026-01-26,租赁和商务服务业,83.333333,32,68.750000,100.000000,83.333333,28.125000
2026-01-26,电力、热力、燃气及水生产和供应业,82.948718,39,82.051282,100.000000,33.333333,41.025641
2026-01-26,信息传输、软件和信息技术服务业,77.219917,241,62.240664,100.000000,50.000000,16.597510
2026-01-26,批发和零售业,67.812463,66,56.060606,77.007427,16.666667,28.787879
2026-01-26,金融业,64.096593,77,32.467532,50.758667,66.666667,66.233766
2026-01-27,采矿业,88.942308,52,86.538462,100.000000,100.000000,23.076923
2026-01-27,租赁和商务服务业,85.208333,32,68.750000,100.000000,83.333333,46.875000
2026-01-27,信息传输、软件和信息技术服务业,80.161943,247,59.919028,100.000000,50.000000,51.821862
2026-01-27,电力、热力、燃气及水生产和供应业,76.626016,41,63.414634,100.000000,33.333333,24.390244
2026-01-27,批发和零售业,67.482727,67,52.238806,74.309017,16.666667,41.791045
2026-01-27,金融业,55.997888,77,22.077922,45.896315,66.666667,23.376623
2026-01-28,采矿业,98.909091,55,96.363636,100.000000,100.000000,98.181818
2026-01-28,租赁和商务服务业,80.151515,33,57.575758,100.000000,83.333333,24.242424
2026-01-28,电力、热力、燃气及水生产和供应业,77.519380,43,62.790698,100.000000,33.333333,34.883721
2026-01-28,信息传输、软件和信息技术服务业,75.180723,249,49.799197,100.000000,50.000000,27.309237
2026-01-28,批发和零售业,65.577485,65,44.615385,79.335581,16.666667,29.230769
2026-01-28,金融业,57.677575,78,24.358974,43.787224,66.666667,39.743590
2026-01-29,采矿业,95.614035,57,96.491228,100.000000,100.000000,64.912281
2026-01-29,租赁和商务服务业,87.598039,34,67.647059,100.000000,83.333333,73.529412
2026-01-29,信息传输、软件和信息技术服务业,77.117647,255,48.235294,100.000000,50.000000,50.588235
2026-01-29,电力、热力、燃气及水生产和供应业,75.193798,43,58.139535,100.000000,33.333333,23.255814
2026-01-29,金融业,68.788628,79,41.772152,51.778985,66.666667,87.341772
2026-01-29,批发和零售业,65.995938,67,32.835821,87.167832,16.666667,43.283582
2026-01-30,采矿业,89.067797,59,88.135593,100.000000,100.000000,20.338983
2026-01-30,租赁和商务服务业,80.098039,34,52.941176,100.000000,83.333333,35.294118
2026-01-30,电力、热力、燃气及水生产和供应业,71.547619,42,40.476190,100.000000,33.333333,30.952381
2026-01-30,信息传输、软件和信息技术服务业,71.200000,250,35.200000,100.000000,50.000000,24.000000
2026-01-30,批发和零售业,63.547507,69,30.434783,85.494377,16.666667,28.985507
2026-01-30,金融业,55.259794,81,23.456790,46.471275,66.666667,11.111111
2026-02-02,租赁和商务服务业,77.647059,34,41.176471,100.000000,100.000000,23.529412
2026-02-02,采矿业,75.416667,60,48.333333,100.000000,83.333333,0.000000
2026-02-02,电力、热力、燃气及水生产和供应业,64.225564,45,28.888889,85.791143,33.333333,22.222222
2026-02-02,信息传输、软件和信息技术服务业,63.396818,250,22.800000,84.867271,50.000000,14.800000
2026-02-02,批发和零售业,56.767454,71,22.535211,68.853852,16.666667,22.535211
2026-02-02,金融业,51.014478,80,13.750000,34.141243,66.666667,23.750000
2026-02-03,租赁和商务服务业,88.190476,35,62.857143,100.000000,83.333333,91.428571
2026-02-03,采矿业,85.491803,61,52.459016,100.000000,100.000000,73.770492
2026-02-03,信息传输、软件和信息技术服务业,79.179809,244,34.836066,96.527978,66.666667,96.721311
2026-02-03,电力、热力、燃气及水生产和供应业,69.638845,46,36.956522,86.236538,16.666667,71.739130
2026-02-03,批发和零售业,68.761909,68,30.882353,74.949598,33.333333,89.705882
2026-02-03,金融业,46.473674,80,7.500000,20.894696,50.000000,43.750000
2026-02-04,采矿业,90.491803,61,73.770492,100.000000,100.000000,70.491803
2026-02-04,租赁和商务服务业,76.333333,35,42.857143,100.000000,83.333333,22.857143
2026-02-04,电力、热力、燃气及水生产和供应业,76.061985,44,50.000000,90.914606,33.333333,75.000000
2026-02-04,批发和零售业,65.306125,71,32.394366,76.811355,16.666667,63.380282
2026-02-04,信息传输、软件和信息技术服务业,62.573758,244,20.491803,83.245853,50.000000,16.393443
2026-02-04,金融业,60.961653,80,27.500000,30.179947,66.666667,98.750000
2026-02-05,租赁和商务服务业,78.888889,36,44.444444,100.000000,83.333333,44.444444
2026-02-05,采矿业,77.741935,62,48.387097,100.000000,100.000000,6.451613
2026-02-05,批发和零售业,64.153743,71,35.211268,70.605583,33.333333,43.661972
2026-02-05,金融业,63.321449,80,38.750000,40.869129,66.666667,67.500000
2026-02-05,信息传输、软件和信息技术服务业,60.555146,241,19.502075,71.100250,50.000000,29.045643
2026-02-05,电力、热力、燃气及水生产和供应业,58.962540,44,29.545455,73.274403,16.666667,15.909091
2026-02-06,采矿业,83.852459,61,52.459016,100.000000,100.000000,57.377049
2026-02-06,租赁和商务服务业,68.433653,36,27.777778,85.956834,83.333333,16.666667
2026-02-06,电力、热力、燃气及水生产和供应业,62.389310,44,31.818182,70.163299,16.666667,52.272727
2026-02-06,批发和零售业,54.494945,68,23.529412,52.293505,33.333333,22.058824
2026-02-06,金融业,54.173570,80,30.000000,35.027612,66.666667,12.500000
2026-02-06,信息传输、软件和信息技术服务业,53.038147,238,16.806723,44.925697,50.000000,26.050420
2026-02-09,采矿业,82.267760,61,54.098361,100.000000,83.333333,54.098361
2026-02-09,租赁和商务服务业,79.092790,36,50.000000,69.704493,100.000000,91.666667
2026-02-09,电力、热力、燃气及水生产和供应业,67.779454,44,40.909091,67.784484,33.333333,72.727273
2026-02-09,金融业,63.501679,79,44.303797,33.247221,50.000000,91.139241
2026-02-09,信息传输、软件和信息技术服务业,61.021516,228,32.456140,27.945713,66.666667,92.543860
2026-02-09,批发和零售业,59.107017,66,31.818182,48.852310,16.666667,72.727273
2026-02-10,租赁和商务服务业,80.157082,33,69.696970,70.325299,100.000000,51.515152
2026-02-10,采矿业,79.603175,63,53.968254,100.000000,66.666667,44.444444
2026-02-10,信息传输、软件和信息技术服务业,65.915029,221,39.819005,43.901443,83.333333,66.515837
2026-02-10,电力、热力、燃气及水生产和供应业,58.580130,45,35.555556,66.764966,16.666667,13.333333
2026-02-10,金融业,58.488573,79,46.835443,32.435303,50.000000,36.708861
2026-02-10,批发和零售业,54.252355,62,25.806452,49.482537,33.333333,20.967742
2026-02-11,采矿业,87.380952,63,61.904762,100.000000,83.333333,85.714286
2026-02-11,电力、热力、燃气及水生产和供应业,64.389518,41,41.463415,64.224737,33.333333,46.341463
2026-02-11,租赁和商务服务业,61.161750,32,46.875000,36.521999,100.000000,3.125000
2026-02-11,金融业,59.910220,74,48.648649,36.397637,50.000000,36.486486
2026-02-11,信息传输、软件和信息技术服务业,56.588252,209,41.626794,24.662416,66.666667,33.492823
2026-02-11,批发和零售业,53.170426,57,29.824561,45.664159,16.666667,26.315789
2026-02-12,采矿业,82.301587,63,60.317460,100.000000,66.666667,55.555556
2026-02-12,信息传输、软件和信息技术服务业,70.651037,202,53.465347,48.676755,83.333333,67.821782
2026-02-12,电力、热力、燃气及水生产和供应业,68.603140,41,46.341463,71.323129,33.333333,58.536585
2026-02-12,租赁和商务服务业,66.304079,31,41.935484,51.667928,100.000000,29.032258
2026-02-12,金融业,55.370234,74,37.837838,39.859316,50.000000,9.459459
2026-02-12,批发和零售业,54.133072,54,24.074074,50.976733,16.666667,37.037037
2026-02-13,采矿业,73.333333,63,42.857143,100.000000,66.666667,9.523810
2026-02-13,信息传输、软件和信息技术服务业,66.930614,198,47.474747,58.429528,83.333333,21.212121
2026-02-13,租赁和商务服务业,63.843461,30,20.000000,66.040513,100.000000,23.333333
2026-02-13,电力、热力、燃气及水生产和供应业,55.097227,41,21.951220,62.177525,33.333333,7.317073
2026-02-13,金融业,52.008240,73,26.027397,40.909672,50.000000,2.739726
2026-02-13,批发和零售业,51.699541,51,19.607843,51.111888,16.666667,23.529412
2026-02-24,采矿业,90.158730,63,61.904762,100.000000,100.000000,96.825397
2026-02-24,制造业,75.822934,1189,54.247267,77.221809,57.142857,72.413793
2026-02-24,电力、热力、燃气及水生产和供应业,72.340665,40,52.500000,68.434088,28.571429,92.500000
2026-02-24,信息传输、软件和信息技术服务业,61.987378,196,32.142857,52.337266,85.714286,22.959184
2026-02-24,批发和零售业,60.886710,50,30.000000,56.632554,14.285714,78.000000
2026-02-24,租赁和商务服务业,59.948900,30,20.000000,57.890837,71.428571,33.333333
2026-02-24,金融业,54.580007,73,24.657534,41.177172,42.857143,38.356164
2026-02-25,采矿业,92.301587,63,82.539683,100.000000,100.000000,66.666667
2026-02-25,制造业,85.877983,1182,67.512690,92.441108,85.714286,73.181049
2026-02-25,电力、热力、燃气及水生产和供应业,76.038775,38,63.157895,80.094949,28.571429,73.684211
2026-02-25,信息传输、软件和信息技术服务业,62.279927,194,28.865979,57.808959,57.142857,48.969072
2026-02-25,租赁和商务服务业,62.060371,30,26.666667,53.003387,71.428571,50.000000
2026-02-25,批发和零售业,61.587392,48,35.416667,61.051948,14.285714,60.416667
2026-02-25,金融业,56.023058,72,26.388889,40.004931,42.857143,51.388889
2026-02-26,制造业,85.867789,1176,69.387755,91.838505,100.000000,55.612245
2026-02-26,采矿业,84.444444,63,76.190476,100.000000,83.333333,20.634921
2026-02-26,电力、热力、燃气及水生产和供应业,77.353198,38,63.157895,85.553142,33.333333,68.421053
2026-02-26,信息传输、软件和信息技术服务业,64.871564,191,35.078534,59.940007,66.666667,44.502618
2026-02-26,批发和零售业,60.417827,45,37.777778,60.337977,16.666667,42.222222
2026-02-26,金融业,53.007604,72,23.611111,41.197082,50.000000,18.055556
2026-02-27,采矿业,95.714286,63,87.301587,100.000000,100.000000,88.888889
2026-02-27,电力、热力、燃气及水生产和供应业,89.474369,42,85.714286,95.040331,50.000000,92.857143
2026-02-27,制造业,82.229820,1172,70.989761,90.341352,66.666667,52.303754
2026-02-27,信息传输、软件和信息技术服务业,73.557025,191,46.073298,62.360736,83.333333,81.151832
2026-02-27,批发和零售业,65.613167,43,44.186047,59.041814,16.666667,81.395349
2026-02-27,金融业,56.391839,72,29.166667,41.956245,33.333333,52.777778
2026-03-02,采矿业,97.460317,63,96.825397,100.000000,100.000000,82.539683
2026-03-02,电力、热力、燃气及水生产和供应业,88.733021,43,88.372093,95.707278,66.666667,60.465116
2026-03-02,制造业,77.250186,1174,64.735945,77.166558,83.333333,34.412266
2026-03-02,信息传输、软件和信息技术服务业,55.617812,189,38.624339,38.767543,50.000000,12.698413
2026-03-02,批发和零售业,54.506821,43,34.883721,48.104802,16.666667,20.930233
2026-03-02,金融业,52.484180,72,23.611111,40.214498,33.333333,31.944444
2026-03-03,采矿业,89.923077,65,80.000000,100.000000,100.000000,49.230769
2026-03-03,电力、热力、燃气及水生产和供应业,85.515539,44,90.909091,91.759126,66.666667,31.818182
2026-03-03,制造业,65.316937,1166,42.452830,61.364945,83.333333,10.291595
2026-03-03,金融业,54.193110,72,26.388889,35.939105,50.000000,36.111111
2026-03-03,批发和零售业,48.707669,41,24.390244,35.968887,16.666667,19.512195
2026-03-03,信息传输、软件和信息技术服务业,41.725169,190,15.263158,16.619973,33.333333,4.210526
2026-03-04,电力、热力、燃气及水生产和供应业,90.080437,47,87.234043,98.477777,83.333333,53.191489
2026-03-04,采矿业,87.031250,64,78.125000,100.000000,100.000000,25.000000
2026-03-04,制造业,64.612567,1153,42.150911,59.230842,50.000000,42.671292
2026-03-04,金融业,50.215651,70,18.571429,32.767367,66.666667,7.142857
2026-03-04,批发和零售业,49.158682,40,17.500000,37.468060,16.666667,37.500000
2026-03-04,信息传输、软件和信息技术服务业,42.244043,183,14.754098,8.429725,33.333333,31.147541
2026-03-05,电力、热力、燃气及水生产和供应业,92.533333,50,88.000000,100.000000,83.333333,72.000000
2026-03-05,采矿业,79.659201,64,75.000000,78.011805,100.000000,14.062500
2026-03-05,制造业,71.753280,1139,47.936787,65.860060,66.666667,66.374012
2026-03-05,金融业,57.163380,69,27.536232,35.899898,33.333333,79.710145
2026-03-05,信息传输、软件和信息技术服务业,54.703431,176,22.727273,22.677359,50.000000,83.522727
2026-03-05,批发和零售业,52.761284,41,21.951220,35.110179,16.666667,68.292683
2026-03-06,电力、热力、燃气及水生产和供应业,91.388889,54,90.740741,100.000000,66.666667,70.370370
2026-03-06,制造业,76.617382,1126,51.332149,79.139746,83.333333,56.660746
2026-03-06,采矿业,73.978434,64,76.562500,53.101237,100.000000,15.625000
2026-03-06,信息传输、软件和信息技术服务业,57.266121,170,30.588235,28.358601,50.000000,75.294118
2026-03-06,批发和零售业,57.039165,40,32.500000,38.989992,16.666667,75.000000
2026-03-06,金融业,56.199236,66,27.272727,32.069671,33.333333,80.303030
2026-03-09,采矿业,88.200608,64,78.125000,87.802431,100.000000,67.187500
2026-03-09,电力、热力、燃气及水生产和供应业,88.055556,54,87.037037,100.000000,50.000000,62.962963
2026-03-09,制造业,69.966900,1130,44.690265,77.785003,66.666667,26.814159
2026-03-09,信息传输、软件和信息技术服务业,66.148895,168,39.285714,46.262246,83.333333,64.285714
2026-03-09,批发和零售业,53.286619,41,34.146341,43.552979,16.666667,21.951220
2026-03-09,金融业,46.711108,65,20.000000,31.664945,33.333333,4.615385
2026-03-10,采矿业,86.875000,64,75.000000,100.000000,100.000000,31.250000
2026-03-10,电力、热力、燃气及水生产和供应业,84.137931,58,86.206897,100.000000,50.000000,25.862069
2026-03-10,制造业,83.417778,1125,54.577778,100.000000,66.666667,81.066667
2026-03-10,信息传输、软件和信息技术服务业,76.736411,166,48.795181,72.287010,83.333333,81.325301
2026-03-10,批发和零售业,61.385549,40,32.500000,58.375530,16.666667,70.000000
2026-03-10,金融业,55.393366,65,18.461538,39.009360,33.333333,76.923077
2026-03-11,电力、热力、燃气及水生产和供应业,90.916667,60,85.000000,100.000000,66.666667,80.000000
2026-03-11,采矿业,87.812500,64,68.750000,100.000000,100.000000,56.250000
2026-03-11,制造业,75.647587,1136,55.985915,88.752319,50.000000,44.630282
2026-03-11,信息传输、软件和信息技术服务业,64.338629,166,45.180723,49.683833,83.333333,22.891566
2026-03-11,金融业,59.379805,64,32.812500,41.998385,33.333333,73.437500
2026-03-11,批发和零售业,56.619738,40,40.000000,45.812285,16.666667,35.000000
2026-03-12,电力、热力、燃气及水生产和供应业,94.059140,62,91.935484,100.000000,83.333333,77.419355
2026-03-12,采矿业,85.668328,62,66.129032,98.479763,100.000000,45.161290
2026-03-12,制造业,72.112257,1136,49.471831,81.078135,66.666667,28.080986
2026-03-12,信息传输、软件和信息技术服务业,61.275213,166,38.554217,58.353862,50.000000,20.481928
2026-03-12,金融业,59.592931,64,42.187500,38.475890,33.333333,60.937500
2026-03-12,批发和零售业,53.121534,39,38.461538,39.152804,16.666667,20.512821
2026-03-13,电力、热力、燃气及水生产和供应业,88.102564,65,92.307692,100.000000,83.333333,16.923077
2026-03-13,采矿业,80.625000,64,56.250000,100.000000,100.000000,15.625000
2026-03-13,制造业,71.249133,1141,43.382997,85.376318,66.666667,23.926380
2026-03-13,金融业,53.768651,63,38.095238,30.947618,33.333333,31.746032
2026-03-13,信息传输、软件和信息技术服务业,52.534919,166,22.891566,42.910761,50.000000,10.843373
2026-03-13,批发和零售业,51.679155,39,33.333333,37.485852,16.666667,23.076923
2026-03-16,电力、热力、燃气及水生产和供应业,82.916667,68,80.882353,100.000000,66.666667,10.294118
2026-03-16,采矿业,76.563119,64,48.437500,91.564974,100.000000,15.625000
2026-03-16,制造业,73.509047,1154,40.987868,82.661259,83.333333,42.634315
2026-03-16,批发和零售业,63.195041,37,43.243243,55.843226,16.666667,67.567568
2026-03-16,金融业,58.182934,62,40.322581,36.280123,50.000000,40.322581
2026-03-16,信息传输、软件和信息技术服务业,57.776118,167,23.952096,48.908865,33.333333,62.275449
2026-03-17,电力、热力、燃气及水生产和供应业,78.928571,70,67.142857,100.000000,50.000000,21.428571
2026-03-17,采矿业,68.524502,66,33.333333,80.764676,83.333333,16.666667
2026-03-17,金融业,67.837440,63,44.444444,37.064046,100.000000,74.603175
2026-03-17,制造业,58.906048,1158,27.892919,56.021429,66.666667,12.607945
2026-03-17,批发和零售业,53.635546,35,37.142857,45.018373,16.666667,14.285714
2026-03-17,信息传输、软件和信息技术服务业,42.806166,164,15.243902,18.744991,33.333333,9.756098
2026-03-18,电力、热力、燃气及水生产和供应业,82.100457,73,72.602740,100.000000,33.333333,56.164384
2026-03-18,制造业,68.551224,1162,31.411360,63.126294,83.333333,65.834768
2026-03-18,采矿业,67.707180,66,25.757576,74.162054,100.000000,27.272727
2026-03-18,批发和零售业,61.464349,33,42.424242,56.160425,16.666667,51.515152
2026-03-18,信息传输、软件和信息技术服务业,59.126967,161,25.465839,28.102070,66.666667,90.683230
2026-03-18,金融业,56.712745,63,42.857143,35.739869,50.000000,20.634921
2026-03-19,电力、热力、燃气及水生产和供应业,80.022523,74,68.918919,100.000000,33.333333,44.594595
2026-03-19,采矿业,64.744391,65,26.153846,56.823719,100.000000,40.000000
2026-03-19,批发和零售业,55.701168,32,37.500000,53.638005,16.666667,12.500000
2026-03-19,金融业,55.653307,64,37.500000,32.821560,66.666667,14.062500
2026-03-19,制造业,53.925437,1171,22.715628,48.716267,50.000000,10.674637
2026-03-19,信息传输、软件和信息技术服务业,52.903889,159,25.157233,24.319958,83.333333,22.012579
2026-03-20,电力、热力、燃气及水生产和供应业,86.190476,77,70.129870,100.000000,83.333333,53.246753
2026-03-20,采矿业,60.681195,65,23.076923,49.186320,100.000000,26.153846
2026-03-20,制造业,52.526371,1178,20.628183,34.593316,66.666667,20.543294
2026-03-20,金融业,52.246629,62,33.870968,29.954257,50.000000,12.903226
2026-03-20,批发和零售业,50.891865,33,30.303030,40.537157,16.666667,15.151515
2026-03-20,信息传输、软件和信息技术服务业,36.239583,160,10.625000,0.000000,33.333333,2.500000
2026-03-23,电力、热力、燃气及水生产和供应业,75.432099,81,45.679012,100.000000,66.666667,23.456790
2026-03-23,采矿业,63.144392,66,27.272727,52.577566,100.000000,31.818182
2026-03-23,金融业,46.213642,65,12.307692,17.982774,83.333333,3.076923
2026-03-23,制造业,44.386292,1187,12.973884,20.561173,50.000000,10.025274
2026-03-23,批发和零售业,43.481995,34,20.588235,21.967197,16.666667,11.764706
2026-03-23,信息传输、软件和信息技术服务业,35.411255,154,6.493506,0.000000,33.333333,4.545455
2026-03-24,电力、热力、燃气及水生产和供应业,89.979675,82,69.512195,100.000000,83.333333,92.682927
2026-03-24,采矿业,61.516655,66,28.787879,31.218136,100.000000,65.151515
2026-03-24,金融业,58.607766,65,24.615385,26.841319,66.666667,90.769231
2026-03-24,批发和零售业,54.667698,34,29.411765,26.121772,16.666667,91.176471
2026-03-24,制造业,54.133014,1190,17.983193,23.658106,50.000000,87.226891
2026-03-24,信息传输、软件和信息技术服务业,45.208333,152,11.184211,0.000000,33.333333,90.789474
2026-03-25,电力、热力、燃气及水生产和供应业,91.996124,86,80.232558,100.000000,83.333333,86.046512
2026-03-25,采矿业,60.614028,69,21.739130,33.470604,100.000000,68.115942
2026-03-25,金融业,58.215066,64,31.250000,30.151932,33.333333,95.312500
2026-03-25,制造业,57.666102,1170,23.247863,26.493466,66.666667,85.641026
2026-03-25,批发和零售业,54.454045,33,27.272727,32.361635,16.666667,78.787879
2026-03-25,信息传输、软件和信息技术服务业,51.616842,152,17.763158,12.651578,50.000000,90.131579
2026-03-26,电力、热力、燃气及水生产和供应业,87.329545,88,73.863636,100.000000,100.000000,38.636364
2026-03-26,采矿业,58.368416,70,25.714286,38.426046,83.333333,40.000000
2026-03-26,金融业,51.591954,64,31.250000,25.117818,50.000000,25.000000
2026-03-26,制造业,46.922348,1161,20.671835,12.736763,66.666667,19.035314
2026-03-26,批发和零售业,44.992276,33,24.242424,22.999408,16.666667,15.151515
2026-03-26,信息传输、软件和信息技术服务业,36.768707,147,11.564626,0.000000,33.333333,5.442177
2026-03-27,电力、热力、燃气及水生产和供应业,84.855072,92,71.739130,100.000000,83.333333,35.869565
2026-03-27,采矿业,62.607555,70,28.571429,33.287364,100.000000,71.428571
2026-03-27,制造业,54.886071,1151,25.282363,17.812457,66.666667,74.456994
2026-03-27,金融业,53.567531,63,26.984127,24.428852,50.000000,57.142857
2026-03-27,批发和零售业,51.140502,33,30.303030,19.713522,16.666667,69.696970
2026-03-27,信息传输、软件和信息技术服务业,44.229885,145,12.413793,0.000000,33.333333,77.931034
2026-03-30,电力、热力、燃气及水生产和供应业,69.222776,92,38.043478,90.007045,66.666667,5.434783
2026-03-30,制造业,56.181332,1119,28.865058,22.830780,83.333333,49.240393
2026-03-30,采矿业,54.096929,68,26.470588,8.152420,100.000000,54.411765
2026-03-30,金融业,54.034573,61,32.786885,26.302228,50.000000,42.622951
2026-03-30,批发和零售业,53.561158,32,40.625000,24.452963,16.666667,56.250000
2026-03-30,信息传输、软件和信息技术服务业,41.170213,141,13.475177,0.000000,33.333333,44.680851
2026-03-31,电力、热力、燃气及水生产和供应业,59.672241,92,21.739130,72.602006,50.000000,10.869565
2026-03-31,金融业,57.771369,58,34.482759,27.407314,83.333333,39.655172
2026-03-31,制造业,51.873235,1095,22.191781,32.132210,66.666667,16.255708
2026-03-31,批发和零售业,48.193481,30,30.000000,32.107258,16.666667,10.000000
2026-03-31,采矿业,43.970588,68,11.764706,0.000000,100.000000,10.294118
2026-03-31,信息传输、软件和信息技术服务业,42.130583,137,10.948905,18.108708,33.333333,15.328467
2026-04-01,制造业,64.024842,1085,28.387097,42.084007,83.333333,80.737327
2026-04-01,批发和零售业,63.236006,30,43.333333,46.944022,33.333333,73.333333
2026-04-01,金融业,61.534825,57,38.596491,39.472632,50.000000,70.175439
2026-04-01,信息传输、软件和信息技术服务业,58.479907,134,17.910448,33.223110,66.666667,90.298507
2026-04-01,电力、热力、燃气及水生产和供应业,54.570486,90,13.333333,64.059721,16.666667,35.555556
2026-04-01,采矿业,48.257576,66,10.606061,0.000000,100.000000,56.060606
2026-04-02,金融业,55.425261,56,35.714286,33.129614,50.000000,32.142857
2026-04-02,制造业,53.479692,1074,25.325885,27.438322,83.333333,19.553073
2026-04-02,采矿业,52.883395,64,21.875000,6.533579,100.000000,57.812500
2026-04-02,电力、热力、燃气及水生产和供应业,51.792733,90,12.222222,49.615377,33.333333,30.000000
2026-04-02,批发和零售业,48.707383,30,20.000000,36.162865,16.666667,30.000000
2026-04-02,信息传输、软件和信息技术服务业,41.115669,134,11.940299,4.960187,66.666667,2.238806
2026-04-03,制造业,52.808123,1063,23.706491,17.328447,100.000000,25.493885
2026-04-03,金融业,49.703253,57,26.315789,25.690204,60.000000,7.017544
2026-04-03,采矿业,46.780574,62,20.967742,7.057779,80.000000,17.741935
2026-04-03,电力、热力、燃气及水生产和供应业,40.370094,92,7.608696,24.132551,20.000000,4.347826
2026-04-03,信息传输、软件和信息技术服务业,39.114504,131,10.687023,0.000000,40.000000,24.427481
2026-04-07,制造业,58.902270,1041,29.106628,28.642702,80.000000,64.649376
2026-04-07,采矿业,56.239637,60,28.333333,5.291882,100.000000,78.333333
2026-04-07,金融业,51.600013,57,21.052632,30.119351,60.000000,28.070175
2026-04-07,电力、热力、燃气及水生产和供应业,46.441387,91,6.593407,24.798517,20.000000,65.934066
2026-04-07,信息传输、软件和信息技术服务业,42.320611,131,12.213740,0.000000,40.000000,52.671756
2026-04-08,批发和零售业,73.329054,30,70.000000,59.316217,33.333333,76.666667
2026-04-08,金融业,68.661141,58,44.827586,40.621577,83.333333,89.655172
2026-04-08,制造业,67.910273,1034,56.286267,38.643028,50.000000,91.779497
2026-04-08,信息传输、软件和信息技术服务业,63.255015,127,52.755906,13.912450,66.666667,99.212598
2026-04-08,采矿业,61.982868,60,45.000000,21.598138,100.000000,53.333333
2026-04-08,电力、热力、燃气及水生产和供应业,51.619897,89,8.988764,34.869101,16.666667,89.887640
2026-04-09,批发和零售业,68.356638,31,64.516129,49.340529,66.666667,32.258065
2026-04-09,制造业,67.480354,1028,55.544747,38.540094,100.000000,39.591440
2026-04-09,采矿业,56.416159,60,41.666667,17.331304,83.333333,33.333333
2026-04-09,信息传输、软件和信息技术服务业,49.586265,126,42.857143,10.091090,50.000000,13.492063
2026-04-09,金融业,46.156131,58,20.689655,29.222224,33.333333,3.448276
2026-04-09,电力、热力、燃气及水生产和供应业,40.116007,86,11.627907,17.518293,16.666667,11.627907
2026-04-10,制造业,72.569385,1009,66.204163,47.112688,83.333333,59.068385
2026-04-10,批发和零售业,70.883513,32,71.875000,57.075719,33.333333,53.125000
2026-04-10,金融业,66.932935,57,49.122807,32.644019,100.000000,64.912281
2026-04-10,信息传输、软件和信息技术服务业,58.723177,125,51.200000,19.372707,50.000000,60.800000
2026-04-10,采矿业,54.013979,59,42.372881,12.101113,66.666667,37.288136
2026-04-10,电力、热力、燃气及水生产和供应业,40.552623,84,10.714286,5.781922,16.666667,47.619048
2026-04-13,制造业,76.875819,1013,67.324778,58.500313,100.000000,54.195459
2026-04-13,批发和零售业,67.440667,31,58.064516,61.590625,33.333333,41.935484
2026-04-13,金融业,64.220852,57,50.877193,37.585161,66.666667,54.385965
2026-04-13,信息传输、软件和信息技术服务业,62.040272,127,51.181102,37.137466,50.000000,49.606299
2026-04-13,采矿业,61.610567,60,45.000000,24.108936,83.333333,60.000000
2026-04-13,电力、热力、燃气及水生产和供应业,50.187958,80,17.500000,25.085164,16.666667,78.750000
2026-04-14,制造业,82.464932,1011,75.469832,66.575849,100.000000,69.535114
2026-04-14,信息传输、软件和信息技术服务业,75.229554,128,71.875000,42.272381,83.333333,83.593750
2026-04-14,金融业,71.040912,57,68.421053,41.356631,50.000000,85.964912
2026-04-14,批发和零售业,68.800464,33,66.666667,52.171552,33.333333,57.575758
2026-04-14,采矿业,60.493458,59,45.762712,33.951232,66.666667,38.983051
2026-04-14,电力、热力、燃气及水生产和供应业,49.625584,79,17.721519,36.898962,16.666667,43.037975
2026-04-15,制造业,82.550039,1017,76.696165,80.170656,100.000000,33.333333
2026-04-15,批发和零售业,73.279065,33,75.757576,64.631413,33.333333,48.484848
2026-04-15,信息传输、软件和信息技术服务业,70.933125,124,71.774194,54.646477,66.666667,26.612903
2026-04-15,金融业,67.393918,56,76.785714,35.647100,50.000000,42.857143
2026-04-15,采矿业,61.257582,58,46.551724,35.490099,83.333333,24.137931
2026-04-15,电力、热力、燃气及水生产和供应业,48.434660,78,16.666667,36.559155,16.666667,34.615385
2026-04-16,制造业,86.267154,1027,80.623174,80.888156,83.333333,75.559883
2026-04-16,信息传输、软件和信息技术服务业,84.592502,130,86.923077,53.908470,100.000000,93.846154
2026-04-16,批发和零售业,74.263644,33,72.727273,65.539423,33.333333,63.636364
2026-04-16,采矿业,68.374997,58,50.000000,49.936769,66.666667,67.241379
2026-04-16,金融业,67.049337,56,73.214286,37.840204,50.000000,42.857143
2026-04-16,电力、热力、燃气及水生产和供应业,50.456852,77,16.883117,33.342561,16.666667,62.337662
2026-04-17,制造业,90.370906,1038,80.443160,100.000000,100.000000,52.601156
2026-04-17,信息传输、软件和信息技术服务业,78.671446,128,86.718750,58.383701,83.333333,40.625000
2026-04-17,批发和零售业,75.361180,35,68.571429,81.254246,33.333333,45.714286
2026-04-17,采矿业,65.441643,58,50.000000,56.134390,66.666667,22.413793
2026-04-17,金融业,63.494019,55,67.272727,38.703350,50.000000,20.000000
2026-04-17,电力、热力、燃气及水生产和供应业,46.968879,75,20.000000,26.808848,16.666667,36.000000
2026-04-20,制造业,91.482364,1049,82.364156,100.000000,100.000000,58.913251
2026-04-20,信息传输、软件和信息技术服务业,88.350922,129,86.821705,88.132371,83.333333,62.790698
2026-04-20,批发和零售业,82.892157,34,73.529412,100.000000,33.333333,61.764706
2026-04-20,采矿业,72.082095,57,56.140351,64.468730,66.666667,52.631579
2026-04-20,金融业,71.639027,52,75.000000,47.709952,50.000000,59.615385
2026-04-20,电力、热力、燃气及水生产和供应业,55.020484,74,29.729730,30.172025,16.666667,83.783784
2026-04-21,制造业,88.702107,1044,78.831418,100.000000,100.000000,39.942529
2026-04-21,信息传输、软件和信息技术服务业,83.928571,126,75.396825,100.000000,83.333333,17.460317
2026-04-21,采矿业,77.596357,56,60.714286,80.861618,66.666667,55.357143
2026-04-21,批发和零售业,76.212121,33,69.696970,100.000000,16.666667,21.212121
2026-04-21,金融业,69.227412,52,63.461538,67.807084,33.333333,30.769231
2026-04-21,电力、热力、燃气及水生产和供应业,68.874440,70,52.857143,50.640615,50.000000,80.000000
2026-04-22,制造业,91.847409,1042,80.518234,100.000000,100.000000,67.178503
2026-04-22,信息传输、软件和信息技术服务业,91.821705,129,82.945736,100.000000,83.333333,77.519380
2026-04-22,采矿业,74.936296,56,60.714286,73.078518,66.666667,48.214286
2026-04-22,批发和零售业,74.754902,34,55.882353,100.000000,16.666667,41.176471
2026-04-22,金融业,70.498174,51,64.705882,60.816224,50.000000,41.176471
2026-04-22,电力、热力、燃气及水生产和供应业,59.499705,70,60.000000,26.379774,33.333333,45.714286
2026-04-23,制造业,85.594672,1051,72.216936,100.000000,100.000000,25.404377
2026-04-23,信息传输、软件和信息技术服务业,78.926066,134,73.880597,84.709240,66.666667,26.119403
2026-04-23,采矿业,70.366495,56,48.214286,60.632646,83.333333,48.214286
2026-04-23,批发和零售业,67.739568,32,53.125000,83.666607,16.666667,18.750000
2026-04-23,电力、热力、燃气及水生产和供应业,67.232997,69,75.362319,20.526190,50.000000,82.608696
2026-04-23,金融业,65.460999,51,60.784314,53.608700,33.333333,35.294118
2026-04-24,制造业,85.545541,1054,67.077799,100.000000,100.000000,37.760911
2026-04-24,信息传输、软件和信息技术服务业,81.700535,136,63.235294,98.762925,83.333333,28.676471
2026-04-24,批发和零售业,68.046012,32,40.625000,89.475714,33.333333,21.875000
2026-04-24,采矿业,67.558748,54,48.148148,60.605363,66.666667,37.037037
2026-04-24,金融业,60.433718,52,51.923077,56.222051,16.666667,17.307692
2026-04-24,电力、热力、燃气及水生产和供应业,56.384635,64,68.750000,11.788538,50.000000,12.500000
2026-04-27,制造业,87.317757,1070,67.663551,100.000000,100.000000,54.018692
2026-04-27,信息传输、软件和信息技术服务业,80.016278,136,58.088235,94.721974,66.666667,51.470588
2026-04-27,批发和零售业,72.790717,32,46.875000,87.204535,33.333333,59.375000
2026-04-27,采矿业,67.256887,54,44.444444,51.249770,83.333333,50.000000
2026-04-27,金融业,62.265952,51,43.137255,53.377534,50.000000,31.372549
2026-04-27,电力、热力、燃气及水生产和供应业,59.693859,62,70.967742,23.076513,16.666667,45.161290
2026-04-28,制造业,83.304067,1082,60.905730,100.000000,100.000000,30.776340
2026-04-28,电力、热力、燃气及水生产和供应业,72.707396,62,74.193548,58.786574,33.333333,61.290323
2026-04-28,金融业,72.590601,52,50.000000,58.567532,83.333333,71.153846
2026-04-28,信息传输、软件和信息技术服务业,68.025054,136,40.441176,82.835510,50.000000,22.058824
2026-04-28,批发和零售业,67.275855,33,45.454545,78.800389,16.666667,45.454545
2026-04-28,采矿业,66.976487,53,49.056604,53.314754,66.666667,47.169811
2026-04-29,制造业,86.354357,1094,65.722121,100.000000,83.333333,65.904936
2026-04-29,采矿业,84.767931,53,58.490566,83.600025,100.000000,92.452830
2026-04-29,电力、热力、燃气及水生产和供应业,78.947025,61,80.327869,77.099577,50.000000,45.901639
2026-04-29,信息传输、软件和信息技术服务业,77.144662,139,48.920863,98.123011,33.333333,70.503597
2026-04-29,批发和零售业,76.225490,34,50.000000,100.000000,16.666667,70.588235
2026-04-29,金融业,72.229416,53,52.830189,61.496279,66.666667,69.811321
2026-04-30,制造业,84.877049,1098,66.575592,100.000000,83.333333,48.998179
2026-04-30,信息传输、软件和信息技术服务业,74.980802,142,50.000000,90.768277,50.000000,47.887324
2026-04-30,采矿业,74.136645,55,50.909091,82.970821,66.666667,40.000000
2026-04-30,批发和零售业,72.239276,35,51.428571,89.147578,16.666667,54.285714
2026-04-30,金融业,70.270524,53,50.943396,56.553794,100.000000,33.962264
2026-04-30,电力、热力、燃气及水生产和供应业,67.718582,60,61.666667,71.207659,33.333333,11.666667
2026-05-06,制造业,91.855993,1118,75.223614,100.000000,100.000000,80.500894
2026-05-06,信息传输、软件和信息技术服务业,89.540230,145,68.965517,100.000000,83.333333,89.655172
2026-05-06,电力、热力、燃气及水生产和供应业,86.666667,60,83.333333,100.000000,16.666667,91.666667
2026-05-06,采矿业,81.798465,55,69.090909,86.709013,66.666667,61.818182
2026-05-06,批发和零售业,79.279279,37,51.351351,100.000000,33.333333,81.081081
2026-05-06,金融业,71.109345,55,58.181818,65.164651,50.000000,52.727273
2026-05-07,信息传输、软件和信息技术服务业,91.092342,148,81.756757,100.000000,66.666667,89.864865
2026-05-07,制造业,90.173824,1141,78.965819,100.000000,83.333333,70.990359
2026-05-07,电力、热力、燃气及水生产和供应业,87.750000,60,91.666667,100.000000,16.666667,81.666667
2026-05-07,采矿业,79.540152,54,55.555556,87.049497,100.000000,38.888889
2026-05-07,批发和零售业,77.792793,37,54.054054,100.000000,33.333333,59.459459
2026-05-07,金融业,70.582689,55,58.181818,69.603483,50.000000,36.363636
2026-05-08,制造业,89.400862,1160,77.844828,100.000000,100.000000,49.396552
2026-05-08,信息传输、软件和信息技术服务业,86.282051,156,79.487179,100.000000,66.666667,47.435897
2026-05-08,电力、热力、燃气及水生产和供应业,84.920635,63,85.714286,100.000000,50.000000,34.920635
2026-05-08,采矿业,78.675629,54,64.814815,78.035850,83.333333,46.296296
2026-05-08,批发和零售业,74.615385,39,56.410256,100.000000,16.666667,38.461538
2026-05-08,金融业,66.140273,55,52.727273,69.773214,33.333333,21.818182
2026-05-11,制造业,91.430390,1178,79.541596,100.000000,100.000000,65.449915
2026-05-11,电力、热力、燃气及水生产和供应业,87.069892,62,91.935484,100.000000,16.666667,74.193548
2026-05-11,信息传输、软件和信息技术服务业,86.989247,155,80.645161,100.000000,66.666667,51.612903
2026-05-11,批发和零售业,80.772358,41,63.414634,100.000000,33.333333,65.853659
2026-05-11,金融业,77.403316,57,64.912281,60.490456,83.333333,77.192982
2026-05-11,采矿业,70.024359,55,54.545455,70.279255,50.000000,38.181818
2026-05-12,电力、热力、燃气及水生产和供应业,90.230769,65,93.846154,100.000000,50.000000,67.692308
2026-05-12,制造业,87.096234,1195,74.225941,100.000000,100.000000,35.397490
2026-05-12,信息传输、软件和信息技术服务业,81.539278,157,71.337580,100.000000,66.666667,20.382166
2026-05-12,批发和零售业,74.102564,39,56.410256,100.000000,16.666667,33.333333
2026-05-12,采矿业,70.378013,55,50.909091,67.087809,83.333333,25.454545
2026-05-12,金融业,69.074264,61,59.016393,68.209624,33.333333,39.344262
2026-05-13,电力、热力、燃气及水生产和供应业,92.811594,69,94.202899,100.000000,60.000000,82.608696
2026-05-13,信息传输、软件和信息技术服务业,92.515723,159,77.358491,100.000000,100.000000,81.761006
2026-05-13,批发和零售业,77.657895,38,60.526316,100.000000,20.000000,55.263158
2026-05-13,采矿业,67.019192,55,41.818182,64.076768,80.000000,25.454545
2026-05-13,金融业,64.905599,60,55.000000,61.289064,40.000000,18.333333
2026-05-14,电力、热力、燃气及水生产和供应业,88.309859,71,85.915493,100.000000,100.000000,18.309859
2026-05-14,信息传输、软件和信息技术服务业,77.787879,165,54.545455,100.000000,80.000000,11.515152
2026-05-14,批发和零售业,74.555556,36,50.000000,100.000000,40.000000,30.555556
2026-05-14,采矿业,56.038263,55,27.272727,47.062144,60.000000,14.545455
2026-05-14,金融业,55.374331,63,33.333333,52.544944,20.000000,19.047619
2026-05-15,信息传输、软件和信息技术服务业,79.416527,166,53.012048,96.268517,80.000000,40.963855
2026-05-15,电力、热力、燃气及水生产和供应业,79.239437,71,63.380282,100.000000,60.000000,23.943662
2026-05-15,批发和零售业,69.308429,34,52.941176,91.586657,20.000000,11.764706
2026-05-15,采矿业,59.862811,56,23.214286,39.808386,100.000000,41.071429
2026-05-15,金融业,49.195844,64,17.187500,41.095876,40.000000,6.250000
2026-05-18,电力、热力、燃气及水生产和供应业,84.285714,70,68.571429,100.000000,60.000000,61.428571
2026-05-18,信息传输、软件和信息技术服务业,83.688623,167,56.886228,100.000000,80.000000,64.670659
2026-05-18,批发和零售业,73.848418,35,54.285714,87.965101,40.000000,42.857143
2026-05-18,采矿业,67.250686,56,32.142857,53.288457,100.000000,58.928571
2026-05-18,金融业,47.847409,66,13.636364,40.662363,20.000000,22.727273
2026-05-19,电力、热力、燃气及水生产和供应业,92.100457,73,79.452055,100.000000,83.333333,89.041096
2026-05-19,信息传输、软件和信息技术服务业,91.286550,171,70.760234,100.000000,100.000000,85.964912
2026-05-19,批发和零售业,73.282594,34,52.941176,83.326453,33.333333,58.823529
2026-05-19,建筑业,73.024191,30,46.666667,96.096762,16.666667,56.666667
2026-05-19,金融业,59.466630,66,19.696970,42.411975,66.666667,72.727273
2026-05-19,采矿业,54.093234,56,26.785714,41.015794,50.000000,21.428571
2026-05-20,信息传输、软件和信息技术服务业,83.228571,175,62.857143,100.000000,100.000000,25.142857
2026-05-20,电力、热力、燃气及水生产和供应业,73.800000,75,48.000000,100.000000,60.000000,8.000000
2026-05-20,批发和零售业,69.977106,35,45.714286,84.479853,40.000000,34.285714
2026-05-20,采矿业,57.623216,56,23.214286,41.707149,80.000000,33.928571
2026-05-20,金融业,49.119065,68,19.117647,42.299791,20.000000,17.647059
2026-05-21,信息传输、软件和信息技术服务业,66.776264,176,40.909091,71.468692,80.000000,6.818182
2026-05-21,电力、热力、燃气及水生产和供应业,64.929585,76,38.157895,85.139393,20.000000,21.052632
2026-05-21,金融业,59.191983,69,21.739130,39.376627,100.000000,39.130435
2026-05-21,批发和零售业,58.746783,35,31.428571,65.272845,40.000000,5.714286
2026-05-21,采矿业,45.923180,56,12.500000,24.335576,60.000000,7.142857
2026-05-22,信息传输、软件和信息技术服务业,78.468417,177,42.937853,90.257850,83.333333,68.361582
2026-05-22,批发和零售业,74.838800,34,38.235294,89.355199,50.000000,79.411765
2026-05-22,电力、热力、燃气及水生产和供应业,68.377156,75,36.000000,80.708623,33.333333,58.666667
2026-05-22,建筑业,60.270496,30,26.666667,66.415318,16.666667,53.333333
2026-05-22,金融业,54.094643,69,13.043478,36.378571,100.000000,17.391304
2026-05-22,采矿业,52.357469,55,12.727273,23.854119,66.666667,65.454545
2026-05-25,批发和零售业,82.638893,35,51.428571,95.127000,100.000000,60.000000
2026-05-25,电力、热力、燃气及水生产和供应业,78.189443,75,52.000000,91.691105,40.000000,82.666667
2026-05-25,信息传输、软件和信息技术服务业,75.732219,177,45.762712,85.279158,80.000000,49.717514
2026-05-25,采矿业,51.597055,55,20.000000,22.024585,60.000000,50.909091
2026-05-25,金融业,51.458168,69,15.942029,36.383397,20.000000,63.768116
2026-05-26,批发和零售业,71.271064,35,40.000000,91.369970,50.000000,34.285714
2026-05-26,电力、热力、燃气及水生产和供应业,70.001500,75,53.333333,77.872665,33.333333,38.666667
2026-05-26,信息传输、软件和信息技术服务业,66.885961,178,35.393258,78.517628,66.666667,17.415730
2026-05-26,金融业,61.701802,67,25.373134,41.832084,83.333333,65.671642
2026-05-26,采矿业,58.070269,55,18.181818,33.008350,100.000000,52.727273
2026-05-26,建筑业,54.790793,30,26.666667,60.496505,16.666667,13.333333
2026-05-27,电力、热力、燃气及水生产和供应业,83.545073,76,57.894737,98.741697,83.333333,60.526316
2026-05-27,批发和零售业,67.840160,35,42.857143,81.646354,50.000000,17.142857
2026-05-27,信息传输、软件和信息技术服务业,57.929098,177,28.248588,65.388708,33.333333,11.864407
2026-05-27,建筑业,54.338551,30,23.333333,60.687537,16.666667,16.666667
2026-05-27,采矿业,52.602543,55,18.181818,22.046536,100.000000,25.454545
2026-05-27,金融业,51.939915,65,16.923077,40.477610,66.666667,9.230769
2026-05-28,电力、热力、燃气及水生产和供应业,88.181818,77,66.233766,100.000000,100.000000,66.233766
2026-05-28,批发和零售业,68.404763,36,30.555556,84.174608,50.000000,47.222222
2026-05-28,信息传输、软件和信息技术服务业,62.989679,177,27.683616,67.212955,33.333333,59.322034
2026-05-28,建筑业,55.284723,31,16.129032,64.149646,16.666667,35.483871
2026-05-28,采矿业,53.720454,55,21.818182,21.548483,83.333333,45.454545
2026-05-28,金融业,50.030424,64,14.062500,36.267530,66.666667,7.812500
2026-05-29,电力、热力、燃气及水生产和供应业,92.341772,79,78.481013,100.000000,100.000000,77.215190
2026-05-29,批发和零售业,65.314892,37,32.432432,74.773082,50.000000,35.135135
2026-05-29,金融业,59.627412,64,18.750000,35.801314,83.333333,76.562500
2026-05-29,建筑业,53.174972,31,16.129032,53.129997,16.666667,41.935484
2026-05-29,采矿业,51.494353,55,25.454545,17.128925,66.666667,41.818182
2026-05-29,信息传输、软件和信息技术服务业,51.189331,178,14.606742,52.547586,33.333333,10.674157
2026-06-01,电力、热力、燃气及水生产和供应业,91.835443,79,81.012658,100.000000,100.000000,65.822785
2026-06-01,批发和零售业,62.808673,37,32.432432,63.847303,33.333333,54.054054
2026-06-01,金融业,60.344601,64,32.812500,36.274238,66.666667,64.062500
2026-06-01,信息传输、软件和信息技术服务业,60.152211,180,20.000000,53.719954,50.000000,67.222222
2026-06-01,采矿业,58.080900,55,34.545455,16.808450,83.333333,69.090909
2026-06-01,建筑业,52.853281,31,16.129032,45.391618,16.666667,58.064516
2026-06-02,电力、热力、燃气及水生产和供应业,84.833333,80,77.500000,100.000000,83.333333,21.250000
2026-06-02,批发和零售业,61.251616,36,25.000000,67.784243,50.000000,30.555556
2026-06-02,采矿业,60.216137,55,36.363636,24.137274,100.000000,50.909091
2026-06-02,金融业,59.685143,65,36.923077,36.073906,66.666667,47.692308
2026-06-02,信息传输、软件和信息技术服务业,51.063065,180,15.555556,44.696703,33.333333,26.666667
2026-06-02,建筑业,46.883354,31,9.677419,39.576428,16.666667,29.032258
2026-06-03,电力、热力、燃气及水生产和供应业,89.268293,82,73.170732,100.000000,100.000000,59.756098
2026-06-03,采矿业,60.258345,54,40.740741,23.996342,83.333333,57.407407
2026-06-03,批发和零售业,55.099727,34,20.588235,43.340082,50.000000,41.176471
2026-06-03,金融业,53.276817,64,31.250000,28.940603,66.666667,15.625000
2026-06-03,信息传输、软件和信息技术服务业,46.583649,178,15.168539,24.799017,33.333333,32.584270
2026-06-03,建筑业,42.615758,31,6.451613,24.441525,16.666667,32.258065
2026-06-04,电力、热力、燃气及水生产和供应业,84.939398,82,74.390244,96.099055,100.000000,23.170732
2026-06-04,采矿业,56.656959,54,37.037037,26.627838,83.333333,24.074074
2026-06-04,批发和零售业,53.434559,33,21.212121,33.738235,66.666667,30.303030
2026-06-04,金融业,48.005040,65,27.692308,22.481697,50.000000,4.615385
2026-06-04,建筑业,41.818871,30,13.333333,11.275486,16.666667,40.000000
2026-06-04,信息传输、软件和信息技术服务业,39.950956,176,13.068182,4.311400,33.333333,22.727273
2026-06-05,电力、热力、燃气及水生产和供应业,67.804938,83,40.963855,66.882401,100.000000,8.433735
2026-06-05,批发和零售业,56.343949,32,31.250000,37.875798,50.000000,40.625000
2026-06-05,金融业,55.286924,65,32.307692,21.865643,66.666667,50.769231
2026-06-05,采矿业,55.206507,55,36.363636,21.674511,83.333333,23.636364
2026-06-05,信息传输、软件和信息技术服务业,40.282746,171,11.695906,0.195311,33.333333,39.766082
2026-06-05,建筑业,39.757165,30,13.333333,3.028660,16.666667,40.000000
2026-06-08,采矿业,53.172268,56,30.357143,13.046216,100.000000,23.214286
2026-06-08,金融业,51.967689,63,31.746032,12.696152,80.000000,28.571429
2026-06-08,电力、热力、燃气及水生产和供应业,48.338379,84,15.476190,38.067804,40.000000,9.523810
2026-06-08,批发和零售业,43.346947,30,16.666667,10.054454,60.000000,6.666667
2026-06-08,信息传输、软件和信息技术服务业,35.170732,164,7.317073,0.000000,20.000000,13.414634
2026-06-09,金融业,60.782897,62,43.548387,17.325138,75.000000,80.645161
2026-06-09,采矿业,54.654179,56,26.785714,11.116715,100.000000,51.785714
2026-06-09,电力、热力、燃气及水生产和供应业,52.910612,83,18.072289,36.582208,25.000000,67.469880
2026-06-09,信息传输、软件和信息技术服务业,47.305480,166,13.253012,2.474932,50.000000,83.734940
2026-06-10,金融业,66.799120,62,50.000000,24.938416,100.000000,80.645161
2026-06-10,采矿业,44.160293,56,19.642857,2.712599,75.000000,10.714286
2026-06-10,信息传输、软件和信息技术服务业,41.524390,164,14.634146,0.000000,50.000000,28.658537
2026-06-10,电力、热力、燃气及水生产和供应业,39.613343,81,13.580247,7.465718,25.000000,18.518519
2026-06-11,采矿业,59.499300,56,30.357143,19.068627,100.000000,71.428571
2026-06-11,金融业,59.006750,61,50.819672,27.338477,75.000000,19.672131
2026-06-11,电力、热力、燃气及水生产和供应业,46.180847,82,18.292683,17.894118,25.000000,46.341463
2026-06-11,信息传输、软件和信息技术服务业,39.631902,163,12.883436,0.000000,50.000000,14.110429
2026-06-12,金融业,75.745784,62,67.741935,48.467008,75.000000,91.935484
2026-06-12,采矿业,68.102753,56,41.071429,38.482440,100.000000,82.142857
2026-06-12,电力、热力、燃气及水生产和供应业,51.613760,80,21.250000,28.705040,25.000000,66.250000
2026-06-12,信息传输、软件和信息技术服务业,44.591195,159,14.465409,0.000000,50.000000,59.748428
2026-06-15,金融业,77.256978,63,77.777778,56.488230,75.000000,61.904762
2026-06-15,采矿业,65.749431,56,46.428571,35.854867,100.000000,51.785714
2026-06-15,电力、热力、燃气及水生产和供应业,51.961142,80,20.000000,30.844567,25.000000,67.500000
2026-06-15,信息传输、软件和信息技术服务业,50.368423,159,23.270440,2.479982,50.000000,89.308176
2026-06-16,金融业,73.210108,64,73.437500,53.152931,75.000000,40.625000
2026-06-16,采矿业,60.606500,56,41.071429,32.068856,100.000000,23.214286
2026-06-16,信息传输、软件和信息技术服务业,48.012821,156,29.487179,0.000000,50.000000,56.410256
2026-06-16,电力、热力、燃气及水生产和供应业,46.878923,79,22.784810,16.503033,25.000000,45.569620
2026-06-17,金融业,69.742830,64,68.750000,52.721320,75.000000,18.750000
2026-06-17,采矿业,59.089321,55,34.545455,30.902740,100.000000,27.272727
2026-06-17,电力、热力、燃气及水生产和供应业,48.780925,78,16.666667,37.687804,25.000000,26.923077
2026-06-17,信息传输、软件和信息技术服务业,47.070064,157,31.210191,0.000000,50.000000,42.675159
2026-06-18,信息传输、软件和信息技术服务业,57.725210,154,40.259740,25.965776,50.000000,61.688312
2026-06-18,金融业,55.116586,62,20.967742,38.208281,100.000000,3.225806
2026-06-18,采矿业,54.939612,54,29.629630,34.202894,75.000000,14.814815
2026-06-18,电力、热力、燃气及水生产和供应业,43.123869,78,10.256410,28.649321,25.000000,8.974359
2026-06-22,金融业,78.249051,65,52.307692,64.996203,100.000000,89.230769
2026-06-22,采矿业,67.052313,56,37.500000,44.280679,75.000000,91.071429
2026-06-22,信息传输、软件和信息技术服务业,59.482468,154,46.753247,24.942861,50.000000,65.584416
2026-06-22,电力、热力、燃气及水生产和供应业,48.596425,78,12.820513,29.001086,25.000000,56.410256
2026-06-23,金融业,78.468252,67,65.671642,66.111815,100.000000,55.223881
2026-06-23,信息传输、软件和信息技术服务业,50.029727,153,39.869281,10.314984,50.000000,24.836601
2026-06-23,采矿业,46.228556,55,16.363636,15.641495,75.000000,7.272727
2026-06-23,电力、热力、燃气及水生产和供应业,41.903738,78,14.102564,13.768798,25.000000,24.358974
2026-06-24,金融业,66.942396,69,55.072464,50.378279,100.000000,5.797101
2026-06-24,信息传输、软件和信息技术服务业,55.904916,153,42.483660,23.096788,50.000000,45.098039
2026-06-24,采矿业,46.218227,54,18.518519,5.243280,75.000000,27.777778
2026-06-24,电力、热力、燃气及水生产和供应业,38.116899,78,11.538462,6.313750,25.000000,11.538462
2026-06-25,金融业,76.575570,70,55.714286,64.873707,100.000000,64.285714
2026-06-25,信息传输、软件和信息技术服务业,54.505144,153,38.562092,30.308157,50.000000,22.875817
2026-06-25,采矿业,41.629496,54,12.962963,0.592060,75.000000,7.407407
2026-06-25,电力、热力、燃气及水生产和供应业,35.357143,77,7.792208,0.000000,25.000000,9.090909
2026-06-26,金融业,66.412621,70,45.714286,55.936199,100.000000,10.000000
2026-06-26,信息传输、软件和信息技术服务业,48.748821,151,31.788079,9.233694,75.000000,9.933775
2026-06-26,采矿业,36.759259,54,5.555556,0.000000,50.000000,3.703704
2026-06-26,电力、热力、燃气及水生产和供应业,36.033333,75,6.666667,0.000000,25.000000,18.666667
2026-06-29,金融业,71.830923,70,45.714286,55.323692,100.000000,65.714286
2026-06-29,信息传输、软件和信息技术服务业,56.510571,149,32.885906,29.465104,75.000000,34.228188
2026-06-29,采矿业,44.230769,52,7.692308,0.000000,50.000000,73.076923
2026-06-29,电力、热力、燃气及水生产和供应业,39.542254,71,8.450704,0.000000,25.000000,49.295775
2026-06-30,信息传输、软件和信息技术服务业,67.845109,146,41.780822,45.353040,75.000000,85.616438
2026-06-30,金融业,66.270295,70,47.142857,47.081180,100.000000,27.142857
2026-06-30,电力、热力、燃气及水生产和供应业,39.818841,69,13.043478,0.000000,25.000000,40.579710
2026-06-30,采矿业,39.519231,52,9.615385,0.000000,50.000000,21.153846
2026-07-01,金融业,80.215502,70,58.571429,66.290581,100.000000,90.000000
2026-07-01,信息传输、软件和信息技术服务业,70.124715,145,47.586207,55.050585,75.000000,69.655172
2026-07-01,采矿业,45.192308,52,11.538462,0.000000,50.000000,73.076923
2026-07-01,电力、热力、燃气及水生产和供应业,45.151515,66,16.666667,0.000000,25.000000,84.848485
2026-07-02,金融业,72.702523,70,54.285714,62.810093,100.000000,34.285714
2026-07-02,信息传输、软件和信息技术服务业,58.249648,145,42.758621,42.791697,50.000000,18.620690
2026-07-02,采矿业,46.153846,52,11.538462,0.000000,75.000000,57.692308
2026-07-02,电力、热力、燃气及水生产和供应业,39.833333,60,20.000000,0.000000,25.000000,23.333333
2026-07-03,金融业,75.610265,70,54.285714,72.441061,75.000000,64.285714
2026-07-03,信息传输、软件和信息技术服务业,60.288112,146,38.356164,47.179847,50.000000,39.041096
2026-07-03,采矿业,54.607843,51,29.411765,0.000000,100.000000,72.549020
2026-07-03,电力、热力、燃气及水生产和供应业,39.083333,60,8.333333,0.000000,25.000000,45.000000
2026-07-06,金融业,79.182508,70,60.000000,76.444318,75.000000,75.714286
2026-07-06,信息传输、软件和信息技术服务业,56.494390,143,33.566434,43.180356,50.000000,23.076923
2026-07-06,采矿业,53.830046,50,30.000000,2.920183,100.000000,56.000000
2026-07-06,电力、热力、燃气及水生产和供应业,38.928571,56,14.285714,0.000000,25.000000,28.571429
2026-07-07,金融业,72.985853,70,51.428571,72.514843,100.000000,20.000000
2026-07-07,信息传输、软件和信息技术服务业,54.807887,143,25.174825,45.105675,50.000000,22.377622
2026-07-07,采矿业,41.558971,50,10.000000,3.035882,75.000000,8.000000
2026-07-07,电力、热力、燃气及水生产和供应业,36.018519,54,11.111111,0.000000,25.000000,7.407407
2026-07-08,金融业,66.763018,69,46.376812,65.602797,50.000000,37.681159
2026-07-08,信息传输、软件和信息技术服务业,62.742253,140,30.714286,36.540441,100.000000,59.285714
2026-07-08,采矿业,47.667734,49,20.408163,1.487263,75.000000,46.938776
2026-07-08,电力、热力、燃气及水生产和供应业,37.788462,52,9.615385,0.000000,25.000000,28.846154
2026-07-09,信息传输、软件和信息技术服务业,71.891798,138,39.130435,55.683133,100.000000,81.884058
2026-07-09,金融业,69.745278,68,50.000000,66.039934,50.000000,57.352941
2026-07-09,采矿业,45.490160,49,14.285714,7.062682,75.000000,26.530612
2026-07-09,电力、热力、燃气及水生产和供应业,41.225490,51,13.725490,0.000000,25.000000,52.941176
